station_name,station_code,sample_date,enterococcus_mpn,geo_mean_30d,antecedent_fib,days_since_last_sample,lat,lon,tide_level_m,tide_range_m,water_temp_c,precipitation_mm,precipitation_48h_mm,precipitation_72h_mm,precipitation_7d_mm,log_precip_mm,log_precip_48h_mm,air_temp_c,wind_speed_ms,wind_dir_deg,wave_height_m,wave_period_s,month,day_of_year,day_of_week,season_sin,season_cos
"DHS113B-Hermosa Beach, Los Angeles",DHS115B,2020-03-23,281.0,19.487,,,33.8523,-118.4,0.759875,1.517,16.545833333333334,,,,,,,,,,,,3,83,0,0.9897936029670716,0.14250832791617088
"DHS113B-Hermosa Beach, Los Angeles",DHS115B,2020-03-31,10.0,19.487,281.0,8,33.8523,-118.4,0.735125,1.091,15.916666666666666,,,,,,,,,,,,3,91,1,0.9999855506507186,0.005375731557583884
"DHS113B-Hermosa Beach, Los Angeles",DHS115B,2020-04-06,350.0,39.678,10.0,6,33.8523,-118.4,0.7600833333333333,1.912,16.150000000000002,,,,,,,,,,,,4,97,0,0.9952176027737294,-0.09768276782171598
"DHS113B-Hermosa Beach, Los Angeles",DHS115B,2020-04-13,10.0,39.678,350.0,7,33.8523,-118.4,0.7340833333333333,1.5,16.004166666666666,,,,,,,,,,,,4,104,0,0.9762766110869321,-0.21652708524481437
"DHS113B-Hermosa Beach, Los Angeles",DHS115B,2020-04-20,10.0,39.678,10.0,7,33.8523,-118.4,0.757625,1.271,16.654166666666665,,,,,,,,,,,,4,111,0,0.9431964659565866,-0.33223549871590435
"DHS113B-Hermosa Beach, Los Angeles",DHS115B,2020-04-27,10.0,20.362,10.0,7,33.8523,-118.4,0.7488333333333334,1.518,17.337500000000002,,,,,,,,,,,,4,118,0,0.8964562582905575,-0.44313223418263453
"DHS113B-Hermosa Beach, Los Angeles",DHS115B,2020-05-04,10.0,20.362,10.0,7,33.8523,-118.4,0.7636250000000001,1.507,19.695833333333333,,,,,,,,,,,,5,125,0,0.8367329140344921,-0.5476112038402312
"DHS113B-Hermosa Beach, Los Angeles",DHS115B,2020-05-11,10.0,10.0,10.0,7,33.8523,-118.4,0.7675000000000001,1.855,20.05,,,,,,,,,,,,5,132,0,0.7648913904341226,-0.6441592666722685
"DHS113B-Hermosa Beach, Los Angeles",DHS115B,2020-05-18,10.0,10.0,10.0,7,33.8523,-118.4,0.7819166666666666,1.1179999999999999,18.4375,,,,,,,,,,,,5,139,0,0.6819721490904629,-0.7313781428679254
"DHS113B-Hermosa Beach, Los Angeles",DHS115B,2020-05-26,10.0,10.0,10.0,8,33.8523,-118.4,0.7925,1.806,17.566666666666666,,,,,,,,,,,,5,147,1,0.5751899607119775,-0.8180198708443175
"DHS113B-Hermosa Beach, Los Angeles",DHS115B,2020-06-04,10.0,10.0,10.0,9,33.8523,-118.4,0.8067500000000001,2.257,19.520833333333332,,,,,,,,,,,,6,156,3,0.44216815196707204,-0.8969321743510065
"DHS113B-Hermosa Beach, Los Angeles",DHS115B,2020-06-08,10.0,10.0,10.0,4,33.8523,-118.4,0.824125,2.171,18.995833333333334,,,,,,,,,,,,6,160,0,0.37945284372454435,-0.925211078289358
"DHS113B-Hermosa Beach, Los Angeles",DHS115B,2020-06-15,10.0,10.0,10.0,7,33.8523,-118.4,0.82775,0.9549999999999998,20.912499999999998,,,,,,,,,,,,6,167,0,0.26556302780405594,-0.9640935007889755
"DHS113B-Hermosa Beach, Los Angeles",DHS115B,2020-06-22,10.0,10.0,10.0,7,33.8523,-118.4,0.8454166666666666,2.143,20.279166666666665,,,,,,,,,,,,6,174,0,0.14782713347053048,-0.9890132145779883
"DHS113B-Hermosa Beach, Los Angeles",DHS115B,2020-06-29,10.0,10.0,10.0,7,33.8523,-118.4,0.8490416666666666,1.163,20.2,,,,,,,,,,,,6,181,0,0.02795029824021032,-0.999609314096404
"DHS113B-Hermosa Beach, Los Angeles",DHS115B,2020-07-06,10.0,10.0,10.0,7,33.8523,-118.4,0.8795000000000001,2.293,20.47391304347826,,,,,,,,,,,,7,188,0,-0.09233133369539123,-0.9957283388645872
"DHS113B-Hermosa Beach, Los Angeles",DHS115B,2020-07-13,10.0,10.0,10.0,7,33.8523,-118.4,0.8782916666666667,0.8009999999999999,22.25,,,,,,,,,,,,7,195,0,-0.2112757555821793,-0.9774264960104055
"DHS113B-Hermosa Beach, Los Angeles",DHS115B,2020-07-20,10.0,10.0,10.0,7,33.8523,-118.4,0.8884583333333333,2.225,14.229166666666666,,,,,,,,,,,,7,202,0,-0.3271603271220951,-0.9449688462364056
"DHS113B-Hermosa Beach, Los Angeles",DHS115B,2020-07-27,10.0,10.0,10.0,7,33.8523,-118.4,0.895375,1.1740000000000002,17.329166666666666,,,,,,,,,,,,7,209,0,-0.4383067230125192,-0.898825465016444
"DHS113B-Hermosa Beach, Los Angeles",DHS115B,2020-08-03,10.0,10.0,10.0,7,33.8523,-118.4,0.9123333333333333,2.21,16.966666666666665,,,,,,,,,,,,8,216,0,-0.5431052396834317,-0.8396646346181327
"DHS113B-Hermosa Beach, Los Angeles",DHS115B,2020-08-10,10.0,10.0,10.0,7,33.8523,-118.4,0.914875,0.7530000000000001,17.8125,,,,,,,,,,,,8,223,0,-0.6400381082043503,-0.7683431655492202
"DHS113B-Hermosa Beach, Los Angeles",DHS115B,2020-08-17,10.0,10.0,10.0,7,33.8523,-118.4,0.9017083333333334,2.093,21.59166666666667,,,,,,,,,,,,8,230,0,-0.7277014757264236,-0.6858939875998223
"DHS113B-Hermosa Beach, Los Angeles",DHS115B,2020-08-24,10.0,10.0,10.0,7,33.8523,-118.4,0.9232083333333333,1.236,22.87826086956522,,,,,,,,,,,,8,237,0,-0.8048257371083452,-0.593511190196115
"DHS113B-Hermosa Beach, Los Angeles",DHS115B,2020-08-31,10.0,10.0,10.0,7,33.8523,-118.4,0.9145833333333333,1.973,15.662500000000001,,,,,,,,,,,,8,244,0,-0.8702939222685674,-0.49253272872205434
"DHS113B-Hermosa Beach, Los Angeles",DHS115B,2020-09-08,10.0,10.0,10.0,8,33.8523,-118.4,0.9203333333333333,0.8739999999999999,22.166666666666668,,,,,,,,,,,,9,252,1,-0.9296339319682695,-0.3684843993077793
"DHS113B-Hermosa Beach, Los Angeles",DHS115B,2020-09-14,20.0,11.487,10.0,6,33.8523,-118.4,0.8861666666666667,1.786,21.270833333333332,,,,,,,,,,,,9,258,0,-0.9626519747161487,-0.2707418984477642
"DHS113B-Hermosa Beach, Los Angeles",DHS115B,2020-09-21,10.0,11.487,20.0,7,33.8523,-118.4,0.9314166666666667,1.6380000000000001,20.412499999999998,,,,,,,,,,,,9,265,0,-0.9882042449941422,-0.15314166701312007
"DHS113B-Hermosa Beach, Los Angeles",DHS115B,2020-09-28,20.0,13.195,10.0,7,33.8523,-118.4,0.89125,1.656,20.8625,,,,,,,,,,,,9,272,0,-0.9994446170919858,-0.033323525711631344
"DHS113B-Hermosa Beach, Los Angeles",DHS115B,2020-10-05,10.0,13.195,20.0,7,33.8523,-118.4,0.917125,1.343,19.233333333333334,,,,,,,,,,,,10,279,0,-0.9962102997023297,0.0869772313136861
"DHS113B-Hermosa Beach, Los Angeles",DHS115B,2020-10-13,10.0,13.195,10.0,8,33.8523,-118.4,0.860125,1.5899999999999999,20.770833333333332,,,,,,,,,,,,10,287,1,-0.9748595108374125,0.22282040779479959
"DHS113B-Hermosa Beach, Los Angeles",DHS115B,2020-10-19,10.0,11.487,10.0,6,33.8523,-118.4,0.9242499999999999,2.129,19.595833333333335,,,,,,,,,,,,10,293,0,-0.9467139181463862,0.3220757010206104
"DHS113B-Hermosa Beach, Los Angeles",DHS115B,2020-10-28,10.0,11.487,10.0,9,33.8523,-118.4,0.8729999999999999,1.378,17.583333333333332,,,,,,,,,,,,10,302,2,-0.8857249183835637,0.4642104791518923
"DHS113B-Hermosa Beach, Los Angeles",DHS115B,2020-11-02,10.0,10.0,10.0,5,33.8523,-118.4,0.8949166666666667,1.6760000000000002,17.095833333333335,,,,,,,,,,,,11,307,0,-0.8425720899866032,0.5385835804920232
"DHS113B-Hermosa Beach, Los Angeles",DHS115B,2020-11-09,20.0,11.487,10.0,7,33.8523,-118.4,0.830375,1.19,17.791666666666668,,,,,,,,,,,,11,314,0,-0.7717727365467837,0.6358984534680745
"DHS113B-Hermosa Beach, Los Angeles",DHS115B,2020-11-16,40.0,15.157,20.0,7,33.8523,-118.4,0.9046250000000001,2.41,15.420833333333334,,,,,,,,,,,,11,321,0,-0.6897960046655887,0.7240037789593305
"DHS113B-Hermosa Beach, Los Angeles",DHS115B,2020-11-23,84.0,23.199,40.0,7,33.8523,-118.4,0.8209166666666667,1.1980000000000002,15.950000000000001,,,,,,,,,,,,11,328,0,-0.5978291414589552,0.801623551065242
"DHS113B-Hermosa Beach, Los Angeles",DHS115B,2020-11-30,10.0,23.199,84.0,7,33.8523,-118.4,0.8692083333333334,1.911,16.254166666666666,,,,,,,,,,,,11,335,0,-0.4972040784469378,0.8676336233547726
"DHS113B-Hermosa Beach, Los Angeles",DHS115B,2020-12-07,10.0,23.199,10.0,7,33.8523,-118.4,0.811375,1.194,15.916666666666666,,,,,,,,,,,,12,342,0,-0.3893781415452015,0.9210779895789526
"DHS113B-Hermosa Beach, Los Angeles",DHS115B,2020-12-14,10.0,20.196,10.0,7,33.8523,-118.4,0.87475,2.592,15.754166666666668,,,,,,,,,,,,12,349,0,-0.27591294500296043,0.9611826292540837
"DHS113B-Hermosa Beach, Los Angeles",DHS115B,2020-12-21,10.0,15.306,10.0,7,33.8523,-118.4,0.796875,1.073,15.279166666666667,,,,,,,,,,,,12,356,0,-0.15845177496083632,0.9873667175937016
"DHS113B-Hermosa Beach, Los Angeles",DHS115B,2020-12-28,3130.0,31.558,10.0,7,33.8523,-118.4,0.8406250000000001,1.943,14.908333333333333,,,,,,,,,,,,12,363,0,-0.03869579017652689,0.9992510374388481
"DHS113B-Hermosa Beach, Los Angeles",DHS115B,2021-01-04,10.0,31.558,3130.0,7,33.8523,-118.4,0.7958333333333334,1.444,14.65,,,,,,,,,,,,1,4,0,0.06875540848113941,0.9976335468520451
"DHS113B-Hermosa Beach, Los Angeles",DHS115B,2021-01-11,63.0,45.601,10.0,7,33.8523,-118.4,0.838625,2.445,13.870833333333332,,,,,,,,,,,,1,11,0,0.18809941761179758,0.9821499931752291
"DHS113B-Hermosa Beach, Los Angeles",DHS115B,2021-01-19,10.0,45.601,63.0,8,33.8523,-118.4,0.7757083333333333,0.991,14.575000000000001,,,,,,,,,,,,1,19,1,0.321057654185271,0.9470596510722283
"DHS113B-Hermosa Beach, Los Angeles",DHS115B,2021-01-25,197.0,82.769,10.0,6,33.8523,-118.4,0.8077916666666667,1.799,15.375,,,,,,,,,,,,1,25,0,0.4169258813287287,0.908940487313808
"DHS113B-Hermosa Beach, Los Angeles",DHS115B,2021-02-01,10.0,26.228,197.0,7,33.8523,-118.4,0.7811666666666667,1.707,14.533333333333333,,,,,,,,,,,,2,32,0,0.5230943033491326,0.8522748088519838
"DHS113B-Hermosa Beach, Los Angeles",DHS115B,2021-02-08,10.0,26.228,10.0,7,33.8523,-118.4,0.799125,2.144,14.470833333333333,,,,,,,,,,,,2,39,0,0.6216868902665479,0.7832658619336791
"DHS113B-Hermosa Beach, Los Angeles",DHS115B,2021-02-16,10.0,18.151,10.0,8,33.8523,-118.4,0.7582916666666667,1.124,14.695833333333333,,,,,,,,,,,,2,47,1,0.7232617254437388,0.6905740195722293
"DHS113B-Hermosa Beach, Los Angeles",DHS115B,2021-02-22,31.0,22.76,10.0,6,33.8523,-118.4,0.7714583333333334,1.462,13.983333333333334,,,,,,,,,,,,2,53,0,0.7905633969115482,0.612380204990065
"DHS113B-Hermosa Beach, Los Angeles",DHS115B,2021-03-01,10.0,12.539,31.0,7,33.8523,-118.4,0.7662916666666666,1.818,14.375,,,,,,,,,,,,3,60,0,0.8584015232918917,0.512978386299228
"DHS113B-Hermosa Beach, Los Angeles",DHS115B,2021-03-15,10.0,13.269,10.0,14,33.8523,-118.4,0.75325,1.3960000000000001,14.75,,,,,,,,,,,,3,74,0,0.9559793438440766,0.2934339689665273
"DHS113B-Hermosa Beach, Los Angeles",DHS115B,2021-03-22,10.0,13.269,10.0,7,33.8523,-118.4,0.745375,1.1079999999999999,13.9,,,,,,,,,,,,3,81,0,0.984305844499033,0.17647097349152166
"DHS113B-Hermosa Beach, Los Angeles",DHS115B,2021-03-30,10.0,10.0,10.0,8,33.8523,-118.4,0.7485833333333334,1.831,15.358333333333334,,,,,,,,,,,,3,89,1,0.9992088560679753,0.03977011384605572
"DHS113B-Hermosa Beach, Los Angeles",DHS115B,2021-04-05,10.0,10.0,10.0,6,33.8523,-118.4,0.7440416666666666,1.487,16.175,,,,,,,,,,,,4,95,0,0.9979887423155984,-0.06339140486951038
"DHS113B-Hermosa Beach, Los Angeles",DHS115B,2021-04-12,10.0,10.0,10.0,7,33.8523,-118.4,0.7511666666666666,1.5130000000000001,17.841666666666665,,,,,,,,,,,,4,102,0,0.9831469737221499,-0.1828169249850199
"DHS113B-Hermosa Beach, Los Angeles",DHS115B,2021-04-19,10.0,10.0,10.0,7,33.8523,-118.4,0.7444999999999999,1.073,16.529166666666665,,,,,,,,,,,,4,109,0,0.9540665500578387,-0.2995947563972602
"DHS113B-Hermosa Beach, Los Angeles",DHS115B,2021-04-26,10.0,10.0,10.0,7,33.8523,-118.4,0.7598750000000001,1.912,15.816666666666668,,,,,,,,,,,,4,116,0,0.9111686353326631,-0.41203363695942635
"DHS113B-Hermosa Beach, Los Angeles",DHS115B,2021-05-03,10.0,10.0,10.0,7,33.8523,-118.4,0.7554583333333333,1.434,17.270833333333332,,,,,,,,,,,,5,123,0,0.8550745085896932,-0.518505144391157
"DHS113B-Hermosa Beach, Los Angeles",DHS115B,2021-05-10,10.0,10.0,10.0,7,33.8523,-118.4,0.7710416666666666,1.621,18.145833333333332,,,,,,,,,,,,5,130,0,0.7865965660866021,-0.6174672802835514
"DHS113B-Hermosa Beach, Los Angeles",DHS115B,2021-05-24,10.0,10.0,10.0,14,33.8523,-118.4,0.7845,1.896,19.1125,,,,,,,,,,,,5,144,0,0.6166212130956382,-0.7872599821916922
"DHS113B-Hermosa Beach, Los Angeles",DHS115B,2021-06-01,10.0,10.0,10.0,8,33.8523,-118.4,0.8016666666666666,1.3840000000000001,19.054166666666667,,,,,,,,,,,,6,152,1,0.5027907197793043,-0.8644081744776648
"DHS113B-Hermosa Beach, Los Angeles",DHS115B,2021-06-14,10.0,10.0,10.0,13,33.8523,-118.4,0.8306666666666667,1.723,18.691666666666666,,,,,,,,,,,,6,165,0,0.2985688173637202,-0.9543881083175908
"DHS113B-Hermosa Beach, Los Angeles",DHS115B,2021-06-21,10.0,10.0,10.0,7,33.8523,-118.4,0.826375,1.7020000000000002,19.587500000000002,,,,,,,,,,,,6,172,0,0.18175978759137534,-0.9833429613388902
"DHS113B-Hermosa Beach, Los Angeles",DHS115B,2021-06-28,10.0,10.0,10.0,7,33.8523,-118.4,0.8663333333333334,2.002,18.8,,,,,,,,,,,,6,179,0,0.062318379354325076,-0.998056320853012
"DHS113B-Hermosa Beach, Los Angeles",DHS115B,2021-07-06,10.0,10.0,10.0,8,33.8523,-118.4,0.859375,1.583,20.366666666666667,,,,,,,,,,,,7,187,1,-0.07518957641475855,-0.9971692572470178
"DHS113B-Hermosa Beach, Los Angeles",DHS115B,2021-07-12,10.0,10.0,10.0,6,33.8523,-118.4,0.8875833333333333,1.966,22.25,,,,,,,,,,,,7,193,0,-0.17752914918703497,-0.984115542601034
"DHS113B-Hermosa Beach, Los Angeles",DHS115B,2021-07-19,10.0,10.0,10.0,7,33.8523,-118.4,0.8698333333333333,1.469,22.570833333333336,,,,,,,,,,,,7,200,0,-0.2944616217868012,-0.9556633054034704
"DHS113B-Hermosa Beach, Los Angeles",DHS115B,2021-07-26,10.0,10.0,10.0,7,33.8523,-118.4,0.9191250000000001,2.154,20.625,,,,,,,,,,,,7,207,0,-0.4071294853542516,-0.9133704517637858
"DHS113B-Hermosa Beach, Los Angeles",DHS115B,2021-07-28,10.0,10.0,10.0,2,33.8523,-118.4,0.9140416666666668,1.462,19.445833333333333,,,,,,,,,,,,7,209,2,-0.4383067230125192,-0.898825465016444
"DHS113B-Hermosa Beach, Los Angeles",DHS115B,2021-07-30,10.0,10.0,10.0,2,33.8523,-118.4,0.904,0.906,17.1,,,,,,,,,,,,7,211,4,-0.46896519100763184,-0.8832166493127127
"DHS113B-Hermosa Beach, Los Angeles",DHS115B,2021-08-01,10.0,10.0,10.0,2,33.8523,-118.4,0.8966666666666666,0.8979999999999999,14.304166666666667,,,,,,,,,,,,8,213,6,-0.4990686026885319,-0.8665624788845385
"DHS113B-Hermosa Beach, Los Angeles",DHS115B,2021-08-02,10.0,10.0,10.0,1,33.8523,-118.4,0.8934583333333334,1.089,13.69090909090909,,,,,,,,,,,,8,214,0,-0.5139010013093103,-0.8578494977869301
"DHS113B-Hermosa Beach, Los Angeles",DHS115B,2021-08-03,10.0,10.0,10.0,1,33.8523,-118.4,0.8912083333333333,1.2919999999999998,13.916666666666666,,,,,,,,,,,,8,215,1,-0.5285813283559292,-0.8488826652214553
"DHS113B-Hermosa Beach, Los Angeles",DHS115B,2021-08-04,10.0,10.0,10.0,1,33.8523,-118.4,0.8904166666666667,1.497,14.233333333333334,,,,,,,,,,,,8,216,2,-0.5431052396834317,-0.8396646346181327
"DHS113B-Hermosa Beach, Los Angeles",DHS115B,2021-08-05,10.0,10.0,10.0,1,33.8523,-118.4,0.8921250000000001,1.695,14.829166666666666,,,,,,,,,,,,8,217,3,-0.5574684374327892,-0.8301981337405212
"DHS113B-Hermosa Beach, Los Angeles",DHS115B,2021-08-06,10.0,10.0,10.0,1,33.8523,-118.4,0.8965416666666667,1.868,16.791666666666668,,,,,,,,,,,,8,218,4,-0.5716666713027052,-0.8204859638785327
"DHS113B-Hermosa Beach, Los Angeles",DHS115B,2021-08-07,10.0,10.0,10.0,1,33.8523,-118.4,0.9035833333333333,1.98,19.370833333333334,,,,,,,,,,,,8,219,5,-0.5856957398073508,-0.8105309990194823
"DHS113B-Hermosa Beach, Los Angeles",DHS115B,2021-08-08,20.0,10.548,10.0,1,33.8523,-118.4,0.9122083333333334,2.077,18.7625,,,,,,,,,,,,8,220,6,-0.5995514915196489,-0.8003361849976323
"DHS113B-Hermosa Beach, Los Angeles",DHS115B,2021-08-09,10.0,10.508,20.0,1,33.8523,-118.4,0.9217916666666667,2.068,19.175,,,,,,,,,,,,8,221,0,-0.6132298262997502,-0.7899045386224707
"DHS113B-Hermosa Beach, Los Angeles",DHS115B,2021-08-10,10.0,10.473,10.0,1,33.8523,-118.4,0.9305833333333333,1.985,19.104166666666668,,,,,,,,,,,,8,222,1,-0.6267266965083301,-0.7792391467859886
"DHS113B-Hermosa Beach, Los Angeles",DHS115B,2021-08-11,10.0,10.473,10.0,1,33.8523,-118.4,0.9365833333333332,1.7999999999999998,18.445833333333333,,,,,,,,,,,,8,223,2,-0.6400381082043503,-0.7683431655492202
"DHS113B-Hermosa Beach, Los Angeles",DHS115B,2021-08-12,10.0,10.443,10.0,1,33.8523,-118.4,0.9380000000000001,1.496,16.770833333333332,,,,,,,,,,,,8,224,3,-0.65316012232693,-0.7572198192083127
"DHS113B-Hermosa Beach, Los Angeles",DHS115B,2021-08-16,10.0,10.416,10.0,4,33.8523,-118.4,0.89575,1.369,18.383333333333333,,,,,,,,,,,,8,228,0,-0.7036774074790128,-0.7105196029692745
"DHS113B-Hermosa Beach, Los Angeles",DHS115B,2021-08-18,10.0,10.416,10.0,2,33.8523,-118.4,0.8832916666666666,1.845,21.366666666666664,,,,,,,,,,,,8,230,2,-0.7277014757264236,-0.6858939875998223
"DHS113B-Hermosa Beach, Los Angeles",DHS115B,2021-08-23,10.0,10.393,10.0,5,33.8523,-118.4,0.9382083333333333,2.087,21.474999999999998,,,,,,,,,,,,8,235,0,-0.7839338166829201,-0.620844401650647
"DHS113B-Hermosa Beach, Los Angeles",DHS115B,2021-08-25,10.0,10.393,10.0,2,33.8523,-118.4,0.9405,1.524,21.25,,,,,,,,,,,,8,237,2,-0.8048257371083452,-0.593511190196115
"DHS113B-Hermosa Beach, Los Angeles",DHS115B,2021-08-26,10.0,10.372,10.0,1,33.8523,-118.4,0.9353750000000001,1.167,19.979166666666668,,,,,,,,,,,,8,238,3,-0.8149159841660791,-0.5795791048257612
"DHS113B-Hermosa Beach, Los Angeles",DHS115B,2021-08-30,10.0,10.393,10.0,4,33.8523,-118.4,0.9065416666666667,0.866,19.404166666666665,,,,,,,,,,,,8,242,0,-0.8528367217694595,-0.522177676659508
"DHS113B-Hermosa Beach, Los Angeles",DHS115B,2021-09-01,10.0,10.416,10.0,2,33.8523,-118.4,0.8961666666666667,1.17,20.162499999999998,,,,,,,,,,,,9,244,2,-0.8702939222685674,-0.49253272872205434
"DHS113B-Hermosa Beach, Los Angeles",DHS115B,2021-09-02,10.0,10.416,10.0,1,33.8523,-118.4,0.8941666666666667,1.376,20.091666666666665,,,,,,,,,,,,9,245,3,-0.8786374941610001,-0.4774894280028391
"DHS113B-Hermosa Beach, Los Angeles",DHS115B,2021-09-08,10.0,10.0,10.0,6,33.8523,-118.4,0.9450416666666667,1.799,19.754166666666666,,,,,,,,,,,,9,251,2,-0.9231578729647039,-0.38442104726885545
"DHS113B-Hermosa Beach, Los Angeles",DHS115B,2021-09-13,10.0,10.0,10.0,5,33.8523,-118.4,0.899625,1.369,16.779166666666665,,,,,,,,,,,,9,256,0,-0.9527692922168511,-0.30369503751065885
"DHS113B-Hermosa Beach, Los Angeles",DHS115B,2021-09-15,10.0,10.0,10.0,2,33.8523,-118.4,0.874625,1.56,18.183333333333334,,,,,,,,,,,,9,258,2,-0.9626519747161487,-0.2707418984477642
"DHS113B-Hermosa Beach, Los Angeles",DHS115B,2021-09-16,10.0,10.0,10.0,1,33.8523,-118.4,0.8753333333333333,1.7510000000000001,18.241666666666667,,,,,,,,,,,,9,259,3,-0.9671667297977312,-0.2541427094613622
"DHS113B-Hermosa Beach, Los Angeles",DHS115B,2021-09-20,10.0,10.0,10.0,4,33.8523,-118.4,0.9234166666666667,1.8339999999999999,16.5,,,,,,,,,,,,9,263,0,-0.9823516608469237,-0.18704334906991657
"DHS113B-Hermosa Beach, Los Angeles",DHS115B,2021-09-27,10.0,10.0,10.0,7,33.8523,-118.4,0.9011666666666667,0.9839999999999999,17.349999999999998,,,,,,,,,,,,9,270,0,-0.9977068927101168,-0.06768276175455162
"DHS113B-Hermosa Beach, Los Angeles",DHS115B,2021-10-04,10.0,10.0,10.0,7,33.8523,-118.4,0.8900416666666667,1.698,17.595833333333335,,,,,,,,,,,,10,277,0,-0.9986126020839734,0.052658056924614005
"DHS113B-Hermosa Beach, Los Angeles",DHS115B,2021-10-12,10.0,10.0,10.0,8,33.8523,-118.4,0.86875,1.534,18.658333333333335,,,,,,,,,,,,10,285,1,-0.981947190186646,0.18915526872004093
"DHS113B-Hermosa Beach, Los Angeles",DHS115B,2021-10-18,10.0,10.0,10.0,6,33.8523,-118.4,0.8897916666666666,1.53,18.566666666666666,,,,,,,,,,,,10,291,0,-0.957232443323312,0.2893199776186952
"DHS113B-Hermosa Beach, Los Angeles",DHS115B,2021-10-25,10.0,10.0,10.0,7,33.8523,-118.4,0.8869166666666667,1.3559999999999999,18.091666666666665,,,,,,,,,,,,10,298,0,-0.9155458729775467,0.40221356823680365
"DHS113B-Hermosa Beach, Los Angeles",DHS115B,2021-11-01,10.0,10.0,10.0,7,33.8523,-118.4,0.848875,1.412,18.295833333333334,,,,,,,,,,,,11,305,0,-0.8605996962501181,0.5092820071573356
"DHS113B-Hermosa Beach, Los Angeles",DHS115B,2021-11-08,10.0,10.0,10.0,7,33.8523,-118.4,0.884125,2.142,17.545833333333334,,,,,,,,,,,,11,312,0,-0.7931896839451843,0.6089746507720486
"DHS113B-Hermosa Beach, Los Angeles",DHS115B,2021-11-15,10.0,10.0,10.0,7,33.8523,-118.4,0.8515833333333332,1.418,16.754166666666666,,,,,,,,,,,,11,319,0,-0.7142921172691032,0.699847677146407
"DHS113B-Hermosa Beach, Los Angeles",DHS115B,2021-11-17,10.0,10.0,10.0,2,33.8523,-118.4,0.8699166666666667,1.718,16.7375,,,,,,,,,,,,11,321,2,-0.6897960046655887,0.7240037789593305
"DHS113B-Hermosa Beach, Los Angeles",DHS115B,2021-11-18,10.0,10.0,10.0,1,33.8523,-118.4,0.874875,1.824,17.404166666666665,,,,,,,,,,,,11,322,3,-0.6772399381909491,0.7357622347736525
"DHS113B-Hermosa Beach, Los Angeles",DHS115B,2021-11-22,10.0,10.0,10.0,4,33.8523,-118.4,0.8704166666666667,1.702,16.654166666666665,,,,,,,,,,,,11,326,0,-0.6250496486104377,0.7805849965070866
"DHS113B-Hermosa Beach, Los Angeles",DHS115B,2021-11-29,10.0,10.0,10.0,7,33.8523,-118.4,0.8141666666666666,1.216,16.983333333333334,,,,,,,,,,,,11,333,0,-0.5267547528105542,0.8500173118187018
"DHS113B-Hermosa Beach, Los Angeles",DHS115B,2021-12-06,10.0,10.0,10.0,7,33.8523,-118.4,0.8772083333333334,2.529,15.691666666666668,,,,,,,,,,,,12,340,0,-0.42083100859565564,0.9071390534005044
"DHS113B-Hermosa Beach, Los Angeles",DHS115B,2021-12-13,10.0,10.0,10.0,7,33.8523,-118.4,0.8153333333333334,1.214,15.908333333333333,,,,,,,,,,,,12,347,0,-0.30881248126625377,0.9511229423235357
"DHS113B-Hermosa Beach, Los Angeles",DHS115B,2021-12-20,20.0,11.487,10.0,7,33.8523,-118.4,0.8522083333333333,1.948,15.283333333333333,,,,,,,,,,,,12,354,0,-0.19232150523909483,0.9813319716704275
"DHS113B-Hermosa Beach, Los Angeles",DHS115B,2021-12-27,31.0,14.404,20.0,7,33.8523,-118.4,0.7894583333333333,1.0659999999999998,15.016666666666666,,,,,,,,,,,,12,361,0,-0.07304518821104743,0.9973286321364752
"DHS113B-Hermosa Beach, Los Angeles",DHS115B,2022-01-03,20.0,16.546,31.0,7,33.8523,-118.4,0.8604583333333333,2.6559999999999997,15.120833333333332,,,,,,,,,,,,1,3,0,0.051584366869408364,0.9986686402879997
"DHS113B-Hermosa Beach, Los Angeles",DHS115B,2022-01-10,10.0,16.546,20.0,7,33.8523,-118.4,0.7829583333333333,0.997,14.908333333333333,,,,,,,,,,,,1,10,0,0.17117705961019986,0.985240282501282
"DHS113B-Hermosa Beach, Los Angeles",DHS115B,2022-01-18,10.0,16.546,10.0,8,33.8523,-118.4,0.8262916666666666,2.022,15.595833333333333,,,,,,,,,,,,1,18,1,0.3047192331091634,0.9524422234305676
"DHS113B-Hermosa Beach, Los Angeles",DHS115B,2022-01-24,10.0,14.404,10.0,6,33.8523,-118.4,0.7679999999999999,1.062,14.770833333333334,,,,,,,,,,,,1,24,0,0.4012289854475009,0.9159777842484877
"DHS113B-Hermosa Beach, Los Angeles",DHS115B,2022-01-31,10.0,11.487,10.0,7,33.8523,-118.4,0.8282916666666668,2.617,15.533333333333333,,,,,,,,,,,,1,31,0,0.5083564379375122,0.8611467540480452
"DHS113B-Hermosa Beach, Los Angeles",DHS115B,2022-02-07,10.0,10.0,10.0,7,33.8523,-118.4,0.7563333333333334,0.946,14.858333333333334,,,,,,,,,,,,2,38,0,0.6081214998935418,0.7938439653781019
"DHS113B-Hermosa Beach, Los Angeles",DHS115B,2022-02-14,10.0,10.0,10.0,7,33.8523,-118.4,0.7962083333333334,1.9080000000000001,15.166666666666666,,,,,,,,,,,,2,45,0,0.6990793005655562,0.7150441465537444
"DHS113B-Hermosa Beach, Los Angeles",DHS115B,2022-02-22,10.0,10.0,10.0,8,33.8523,-118.4,0.7428750000000001,1.107,15.200000000000001,,,,,,,,,,,,2,53,1,0.7905633969115482,0.612380204990065
"DHS113B-Hermosa Beach, Los Angeles",DHS115B,2022-02-28,10.0,10.0,10.0,6,33.8523,-118.4,0.7892083333333333,2.313,14.729166666666666,,,,,,,,,,,,2,59,0,0.8494504794814806,0.527668345562516
"DHS113B-Hermosa Beach, Los Angeles",DHS115B,2022-03-07,10.0,10.0,10.0,7,33.8523,-118.4,0.7399999999999999,1.129,15.054166666666667,,,,,,,,,,,,3,66,0,0.9066860720977985,0.4218060770826634
"DHS113B-Hermosa Beach, Los Angeles",DHS115B,2022-03-14,10.0,10.0,10.0,7,33.8523,-118.4,0.7647916666666666,1.614,15.620833333333332,,,,,,,,,,,,3,73,0,0.9507903724625832,0.3098349038318025
"DHS113B-Hermosa Beach, Los Angeles",DHS115B,2022-03-21,10.0,10.0,10.0,7,33.8523,-118.4,0.739375,1.572,15.0875,,,,,,,,,,,,3,80,0,0.981124629771712,0.19337647441020586
"DHS113B-Hermosa Beach, Los Angeles",DHS115B,2022-03-28,10.0,10.0,10.0,7,33.8523,-118.4,0.7604166666666666,1.898,14.958333333333334,,,,,,,,,,,,3,87,0,0.9972495210773451,0.07411742515094437
"DHS113B-Hermosa Beach, Los Angeles",DHS115B,2022-03-29,211.0,16.623,10.0,1,33.8523,-118.4,0.7632916666666666,1.9089999999999998,15.329166666666666,,,,,,,,,,,,3,88,1,0.998376906467142,0.056952196034039754
"DHS113B-Hermosa Beach, Los Angeles",DHS115B,2022-04-04,10.0,16.623,211.0,6,33.8523,-118.4,0.73975,1.55,16.183333333333334,,,,,,,,,,,,4,94,0,0.9989315138848577,-0.046215046983708354
"DHS113B-Hermosa Beach, Los Angeles",DHS115B,2022-04-11,20.0,18.659,10.0,7,33.8523,-118.4,0.7507083333333333,1.259,17.1375,,,,,,,,,,,,4,101,0,0.986146248341595,-0.16587819893463143
"DHS113B-Hermosa Beach, Los Angeles",DHS115B,2022-04-18,10.0,18.659,20.0,7,33.8523,-118.4,0.7477083333333333,2.04,15.391666666666666,,,,,,,,,,,,4,108,0,0.9590788900341131,-0.28313898122818354
"DHS113B-Hermosa Beach, Los Angeles",DHS115B,2022-04-25,10.0,18.659,10.0,7,33.8523,-118.4,0.7574166666666667,1.508,13.895833333333334,,,,,,,,,,,,4,115,0,0.9181214482844365,-0.39629913726891813
"DHS113B-Hermosa Beach, Los Angeles",DHS115B,2022-05-02,10.0,11.487,10.0,7,33.8523,-118.4,0.7600416666666666,1.843,16.045833333333334,,,,,,,,,,,,5,122,0,0.8638670987837349,-0.503719798736334
"DHS113B-Hermosa Beach, Los Angeles",DHS115B,2022-05-09,10.0,11.487,10.0,7,33.8523,-118.4,0.7677916666666667,0.997,17.816666666666666,,,,,,,,,,,,5,129,0,0.7971015927871943,-0.6038452208771035
"DHS113B-Hermosa Beach, Los Angeles",DHS115B,2022-05-16,10.0,10.0,10.0,7,33.8523,-118.4,0.7759166666666667,2.329,17.0625,,,,,,,,,,,,5,136,0,0.7187918772884232,-0.6952253139408723
"DHS113B-Hermosa Beach, Los Angeles",DHS115B,2022-05-23,10.0,10.0,10.0,7,33.8523,-118.4,0.78625,1.289,17.875,,,,,,,,,,,,5,143,0,0.6300720909843687,-0.7765366444428655
"DHS113B-Hermosa Beach, Los Angeles",DHS115B,2022-06-06,10.0,10.0,10.0,14,33.8523,-118.4,0.8147916666666667,1.106,20.345833333333335,,,,,,,,,,,,6,157,0,0.42667408318992467,-0.9044054548343001
"DHS113B-Hermosa Beach, Los Angeles",DHS115B,2022-06-13,10.0,10.0,10.0,7,33.8523,-118.4,0.8157916666666667,2.371,19.241666666666667,,,,,,,,,,,,6,164,0,0.31494162072895193,-0.9491110448902284
"DHS113B-Hermosa Beach, Los Angeles",DHS115B,2022-06-21,30.0,13.161,10.0,8,33.8523,-118.4,0.8379583333333334,1.184,21.208333333333332,,,,,,,,,,,,6,172,1,0.18175978759137534,-0.9833429613388902
"DHS113B-Hermosa Beach, Los Angeles",DHS115B,2022-06-27,10.0,13.161,30.0,6,33.8523,-118.4,0.8471666666666667,1.907,16.3875,,,,,,,,,,,,6,178,0,0.07947729992362097,-0.9968366760893436
"DHS113B-Hermosa Beach, Los Angeles",DHS115B,2022-07-05,10.0,12.457,10.0,8,33.8523,-118.4,0.8755416666666666,1.1260000000000001,19.4875,,,,,,,,,,,,7,186,1,-0.05802556932878035,-0.9983150972033183
"DHS113B-Hermosa Beach, Los Angeles",DHS115B,2022-07-11,10.0,12.457,10.0,6,33.8523,-118.4,0.8537916666666666,2.18,17.820833333333333,,,,,,,,,,,,7,192,0,-0.16057454459499376,-0.9870237158387383
"DHS113B-Hermosa Beach, Los Angeles",DHS115B,2022-07-18,10.0,12.457,10.0,7,33.8523,-118.4,0.9005,1.526,18.058333333333334,,,,,,,,,,,,7,199,0,-0.2779791393987801,-0.9605871111248129
"DHS113B-Hermosa Beach, Los Angeles",DHS115B,2022-07-25,10.0,10.0,10.0,7,33.8523,-118.4,0.8842083333333334,1.731,21.091666666666665,,,,,,,,,,,,7,206,0,-0.3913578365610259,-0.9202385798054075
"DHS113B-Hermosa Beach, Los Angeles",DHS115B,2022-08-01,10.0,10.0,10.0,7,33.8523,-118.4,0.9214166666666667,1.573,21.891666666666666,,,,,,,,,,,,8,213,0,-0.4990686026885319,-0.8665624788845385
"DHS113B-Hermosa Beach, Los Angeles",DHS115B,2022-09-19,10.0,10.0,10.0,49,33.8523,-118.4,0.88625,1.087,21.25,,,,,,,,,,,,9,262,0,-0.9789888737409319,-0.20391367068311472
"DHS113B-Hermosa Beach, Los Angeles",DHS115B,2022-09-26,10.0,10.0,10.0,7,33.8523,-118.4,0.9281666666666667,1.495,20.141666666666666,,,,,,,,,,,,9,269,0,-0.9963950238187231,-0.08483487790576538
"DHS113B-Hermosa Beach, Los Angeles",DHS115B,2022-10-03,10.0,10.0,10.0,7,33.8523,-118.4,0.8665416666666667,1.466,18.583333333333332,,,,,,,,,,,,10,276,0,-0.9993706508539969,0.03547255575312556
"DHS113B-Hermosa Beach, Los Angeles",DHS115B,2022-10-11,10.0,10.0,10.0,8,33.8523,-118.4,0.9252916666666667,1.732,18.879166666666666,,,,,,,,,,,,10,284,1,-0.9850556718215013,0.172236243027682
"DHS113B-Hermosa Beach, Los Angeles",DHS115B,2022-10-17,20.0,11.487,10.0,6,33.8523,-118.4,0.8665416666666667,0.966,19.195833333333333,,,,,,,,,,,,10,290,0,-0.9620675724981452,0.27281126433401914
"DHS113B-Hermosa Beach, Los Angeles",DHS115B,2022-10-24,10.0,11.487,20.0,7,33.8523,-118.4,0.8940416666666667,1.685,20.054166666666667,,,,,,,,,,,,10,297,0,-0.9223291176290545,0.3864052261209853
"DHS113B-Hermosa Beach, Los Angeles",DHS115B,2022-10-31,10.0,11.487,10.0,7,33.8523,-118.4,0.8485,1.5699999999999998,19.475,,,,,,,,,,,,10,304,0,-0.8692328164574792,0.4944029842076182
"DHS113B-Hermosa Beach, Los Angeles",DHS115B,2022-11-07,10.0,11.487,10.0,7,33.8523,-118.4,0.8886249999999999,1.923,17.183333333333334,,,,,,,,,,,,11,311,0,-0.8035476485339116,0.5952404359043674
"DHS113B-Hermosa Beach, Los Angeles",DHS115B,2022-11-14,10.0,11.487,10.0,7,33.8523,-118.4,0.8503333333333334,1.209,17.0125,,,,,,,,,,,,11,318,0,-0.7262249146041543,0.6874571793269664
"DHS113B-Hermosa Beach, Los Angeles",DHS115B,2022-11-21,10.0,10.0,10.0,7,33.8523,-118.4,0.8521666666666667,1.718,16.912499999999998,,,,,,,,,,,,11,325,0,-0.6383844591746642,0.769717664006921
"DHS113B-Hermosa Beach, Los Angeles",DHS115B,2022-11-28,10.0,10.0,10.0,7,33.8523,-118.4,0.8383333333333334,1.927,15.641666666666666,,,,,,,,,,,,11,332,0,-0.5412984521036173,0.8408305333122887
"DHS113B-Hermosa Beach, Los Angeles",DHS115B,2022-12-05,30.0,12.457,10.0,7,33.8523,-118.4,0.8524583333333333,1.9220000000000002,15.333333333333334,,,,,,,,,,,,12,339,0,-0.4363729641045924,0.8997658785476209
"DHS113B-Hermosa Beach, Los Angeles",DHS115B,2023-02-06,10.0,10.0,30.0,63,33.8523,-118.4,0.8003333333333332,1.9180000000000001,14.170833333333334,,,,,,,,,,,,2,37,0,0.5943761565849831,0.804187157621448
"DHS113B-Hermosa Beach, Los Angeles",DHS115B,2023-02-13,10.0,10.0,10.0,7,33.8523,-118.4,0.755,1.053,13.875,,,,,,,,,,,,2,44,0,0.6866759803451553,0.726963615332308
"DHS113B-Hermosa Beach, Los Angeles",DHS115B,2023-02-21,10.0,10.0,10.0,8,33.8523,-118.4,0.7869583333333333,2.275,13.6875,,,,,,,,,,,,2,52,1,0.7799125224167177,0.6258885343075018
"DHS113B-Hermosa Beach, Los Angeles",DHS115B,2023-03-06,10.0,10.0,10.0,13,33.8523,-118.4,0.772625,1.778,13.808333333333332,,,,,,,,,,,,3,65,0,0.8992961915530253,0.4373400963303323
"DHS113B-Hermosa Beach, Los Angeles",DHS115B,2023-03-20,86.0,20.488,10.0,14,33.8523,-118.4,0.7701250000000001,2.126,14.558333333333332,,,,,,,,,,,,3,79,0,0.9776530844816641,0.2102247521189836
"DHS113B-Hermosa Beach, Los Angeles",DHS115B,2023-04-03,10.0,20.488,86.0,14,33.8523,-118.4,0.7544166666666666,1.473,15.308333333333332,,,,,,,,,,,,4,93,0,0.9995786855478958,-0.029025013321975237
"DHS113B-Hermosa Beach, Los Angeles",DHS115B,2023-04-17,10.0,20.488,10.0,14,33.8523,-118.4,0.7573333333333333,1.675,13.9625,,,,,,,,,,,,4,107,0,0.9638074231367307,-0.26659942067929354
"DHS113B-Hermosa Beach, Los Angeles",DHS115B,2023-04-24,10.0,10.0,10.0,7,33.8523,-118.4,0.747125,1.578,15.804166666666667,,,,,,,,,,,,4,114,0,0.9248025743285089,-0.38044736628785164
"DHS113B-Hermosa Beach, Los Angeles",DHS115B,2023-05-01,10.0,10.0,10.0,7,33.8523,-118.4,0.7611249999999999,1.123,14.820833333333333,,,,,,,,,,,,5,121,0,0.8724040568049612,-0.48878539428899265
"DHS113B-Hermosa Beach, Los Angeles",DHS115B,2023-05-08,10.0,10.0,10.0,7,33.8523,-118.4,0.7629166666666666,2.073,16.9375,,,,,,,,,,,,5,128,0,0.8073707443023492,-0.5900444739548627
"DHS113B-Hermosa Beach, Los Angeles",DHS115B,2023-05-15,10.0,10.0,10.0,7,33.8523,-118.4,0.7746666666666666,1.4080000000000001,17.42083333333333,,,,,,,,,,,,5,135,0,0.7306444969184916,-0.6827580970759147
"DHS113B-Hermosa Beach, Los Angeles",DHS115B,2023-05-22,10.0,10.0,10.0,7,33.8523,-118.4,0.7872500000000001,1.893,17.1875,,,,,,,,,,,,5,142,0,0.6433365204044917,-0.765583517007675
"DHS113B-Hermosa Beach, Los Angeles",DHS115B,2023-06-05,10.0,10.0,10.0,14,33.8523,-118.4,0.8105416666666666,2.402,16.1875,,,,,,,,,,,,6,156,0,0.44216815196707204,-0.8969321743510065
"DHS113B-Hermosa Beach, Los Angeles",DHS115B,2023-06-12,10.0,10.0,10.0,7,33.8523,-118.4,0.8176666666666667,1.211,16.204166666666666,,,,,,,,,,,,6,163,0,0.3312212278016865,-0.9435531242349544
"DHS113B-Hermosa Beach, Los Angeles",DHS115B,2023-06-20,10.0,10.0,10.0,8,33.8523,-118.4,0.8429583333333333,1.932,16.48333333333333,,,,,,,,,,,,6,171,1,0.19864794288017112,-0.9800709131432666
"DHS113B-Hermosa Beach, Los Angeles",DHS115B,2023-07-05,10.0,10.0,10.0,15,33.8523,-118.4,0.8825,2.512,15.8125,,,,,,,,,,,,7,186,2,-0.05802556932878035,-0.9983150972033183
"DHS113B-Hermosa Beach, Los Angeles",DHS115B,2023-07-10,10.0,10.0,10.0,5,33.8523,-118.4,0.8692916666666667,1.194,19.087500000000002,,,,,,,,,,,,7,191,0,-0.1435724234118113,-0.9896398128792412
"DHS113B-Hermosa Beach, Los Angeles",DHS115B,2023-07-17,10.0,10.0,10.0,7,33.8523,-118.4,0.88475,2.039,21.325,,,,,,,,,,,,7,198,0,-0.2614143985111562,-0.965226663665613
"DHS113B-Hermosa Beach, Los Angeles",DHS115B,2023-07-24,10.0,10.0,10.0,7,33.8523,-118.4,0.9045,0.9099999999999999,20.020833333333332,,,,,,,,,,,,7,205,0,-0.3754703786876202,-0.9268343944460494
"DHS113B-Hermosa Beach, Los Angeles",DHS115B,2023-07-31,10.0,10.0,10.0,7,33.8523,-118.4,0.8852083333333334,2.417,21.712500000000002,,,,,,,,,,,,7,212,0,-0.48408852163897587,-0.8750190302029955
"DHS113B-Hermosa Beach, Los Angeles",DHS115B,2023-08-07,10.0,10.0,10.0,7,33.8523,-118.4,0.911625,1.156,21.633333333333336,,,,,,,,,,,,8,219,0,-0.5856957398073508,-0.8105309990194823
"DHS113B-Hermosa Beach, Los Angeles",DHS115B,2023-08-14,10.0,10.0,10.0,7,33.8523,-118.4,0.9060416666666667,1.8800000000000001,19.370833333333334,,,,,,,,,,,,8,226,0,-0.6788204829862357,-0.734304263829602
"DHS113B-Hermosa Beach, Los Angeles",DHS115B,2023-08-28,10.0,10.0,10.0,14,33.8523,-118.4,0.8850416666666666,2.118,17.991666666666667,,,,,,,,,,0.8,8.5,8,240,0,-0.8343701235229537,-0.5512045872199277
"DHS113B-Hermosa Beach, Los Angeles",DHS115B,2023-09-05,10.0,10.0,10.0,8,33.8523,-118.4,0.91525,1.327,20.125,,,,,,,,,,0.82,11.6,9,248,1,-0.9020987014301837,-0.4315297589714715
"DHS113B-Hermosa Beach, Los Angeles",DHS115B,2023-09-11,10.0,10.0,10.0,6,33.8523,-118.4,0.898375,1.616,19.320833333333333,,,,,,,,,,0.9,8.95,9,254,0,-0.9417589340994617,-0.33628873017668287
"DHS113B-Hermosa Beach, Los Angeles",DHS115B,2023-09-18,10.0,10.0,10.0,7,33.8523,-118.4,0.9359583333333333,1.29,20.679166666666667,,,,,,,,,,0.56,8.7,9,261,0,-0.9753363880767837,-0.2207236509605022
"DHS113B-Hermosa Beach, Los Angeles",DHS115B,2023-09-25,10.0,10.0,10.0,7,33.8523,-118.4,0.8653333333333334,1.742,17.066666666666666,,,,,,,,,,0.62,8.5,9,268,0,-0.994788305609327,-0.10196189005174576
"DHS113B-Hermosa Beach, Los Angeles",DHS115B,2023-10-02,10.0,10.0,10.0,7,33.8523,-118.4,0.9329999999999999,1.848,19.766666666666666,,,,,,,,,,0.7,9.25,10,275,0,-0.999832969770105,0.018276557681691223
"DHS113B-Hermosa Beach, Los Angeles",DHS115B,2023-10-10,10.0,10.0,10.0,8,33.8523,-118.4,0.876375,1.356,16.44782608695652,,,,,,,,,,0.92,8.85,10,283,1,-0.9878726596350429,0.15526624985999563
"DHS113B-Hermosa Beach, Los Angeles",DHS115B,2023-10-16,10.0,10.0,10.0,6,33.8523,-118.4,0.9174583333333333,1.6529999999999998,17.891666666666666,,,,,,,,,,1.04,10.95,10,289,0,-0.9666180104000972,0.2562218218071163
"DHS113B-Hermosa Beach, Los Angeles",DHS115B,2023-10-23,10.0,10.0,10.0,7,33.8523,-118.4,0.8389166666666666,1.413,19.712500000000002,,,,,,,,,,1.52,8.3,10,296,0,-0.9288394302558068,0.3704825404820963
"DHS113B-Hermosa Beach, Los Angeles",DHS115B,2023-10-30,20.0,11.487,10.0,7,33.8523,-118.4,0.9130416666666666,2.165,17.220833333333335,,,,,,,,,,0.68,,10,303,0,-0.8776087166898392,0.4793776594606945
"DHS113B-Hermosa Beach, Los Angeles",DHS115B,2023-11-06,20.0,13.195,20.0,7,33.8523,-118.4,0.8399166666666668,1.046,15.845833333333333,,,,,,,,,,1.0,9.25,11,310,0,-0.8136678304455991,0.5813300798152042
"DHS113B-Hermosa Beach, Los Angeles",DHS115B,2023-11-13,20.0,15.157,20.0,7,33.8523,-118.4,0.8893333333333334,2.015,16.175,,,,,,,,,,0.68,12.95,11,317,0,-0.7379428103031386,0.6748632518680403
"DHS113B-Hermosa Beach, Los Angeles",DHS115B,2023-11-20,10.0,15.157,20.0,7,33.8523,-118.4,0.8155416666666667,1.371,17.408333333333335,,,,,,,,,,1.32,10.85,11,324,0,-0.6515303615068021,0.75862255966641
"DHS113B-Hermosa Beach, Los Angeles",DHS115B,2023-11-27,10.0,15.157,10.0,7,33.8523,-118.4,0.8837083333333333,2.319,16.8,,,,,,,,,,,,11,331,0,-0.5556819724760489,0.8313949395234058
"DHS113B-Hermosa Beach, Los Angeles",DHS115B,2023-12-04,10.0,13.195,10.0,7,33.8523,-118.4,0.8180833333333334,0.968,16.654166666666665,,,,,,,,,,,,12,338,0,-0.451785789832884,0.8921264484954345
"DHS113B-Hermosa Beach, Los Angeles",DHS115B,2023-12-11,10.0,11.487,10.0,7,33.8523,-118.4,0.8565416666666666,2.087,16.616666666666667,,,,,,,,,,,,12,345,0,-0.34134651424503615,0.9399375283564133
"DHS113B-Hermosa Beach, Los Angeles",DHS115B,2023-12-18,10.0,10.0,10.0,7,33.8523,-118.4,0.7996249999999999,1.5510000000000002,16.64166666666667,,,,,,,,,,,,12,352,0,-0.22596360824801906,0.974135744004672
"DHS113B-Hermosa Beach, Los Angeles",DHS115B,2023-12-26,31.0,12.539,10.0,8,33.8523,-118.4,0.8547916666666667,2.273,17.0625,,,,,,,,,,,,12,360,1,-0.09019000427034513,0.9959245770286599
"DHS113B-Hermosa Beach, Los Angeles",DHS115B,2024-01-02,10.0,12.539,31.0,7,33.8523,-118.4,0.79575,0.948,16.454166666666666,,,,,,,,,,,,1,2,1,0.03439806061360801,0.9994082116062598
"DHS113B-Hermosa Beach, Los Angeles",DHS115B,2024-01-08,10.0,12.539,10.0,6,33.8523,-118.4,0.8213333333333334,1.974,15.333333333333334,,,,,,,,,,,,1,8,0,0.13718540405660057,0.9905453876091833
"DHS113B-Hermosa Beach, Los Angeles",DHS115B,2024-01-14,10.0,12.539,10.0,6,33.8523,-118.4,0.8107083333333334,2.211,14.3125,,,,,,,,,,,,1,14,6,0.23851257519407648,0.9711394088771653
"DHS113B-Hermosa Beach, Los Angeles",DHS115B,2024-01-29,10.0,10.0,10.0,15,33.8523,-118.4,0.7876666666666666,1.468,15.429166666666667,,,,,,,,,,,,1,29,0,0.4784338202547012,0.8781236129591848
"DHS113B-Hermosa Beach, Los Angeles",DHS115B,2024-02-12,10.0,10.0,10.0,14,33.8523,-118.4,0.7777916666666665,1.9949999999999999,15.145833333333334,,,,,,,,,,,,2,43,0,0.6740694616546162,0.7386679638813748
"DHS113B-Hermosa Beach, Los Angeles",DHS115B,2024-02-26,10.0,10.0,10.0,14,33.8523,-118.4,0.7676666666666666,1.507,15.258333333333333,,,,,,,,,,,,2,57,0,0.8307970168121247,0.5565755266413303
"DHS113B-Hermosa Beach, Los Angeles",DHS115B,2024-03-11,10.0,10.0,10.0,14,33.8523,-118.4,0.7639583333333334,1.871,16.379166666666666,,,,,,,,,,,,3,71,0,0.9395699859530622,0.342356891994542
"DHS113B-Hermosa Beach, Los Angeles",DHS115B,2024-03-18,10.0,10.0,10.0,7,33.8523,-118.4,0.7528333333333334,1.381,16.179166666666667,,,,,,,,,,,,3,78,0,0.9738922359149924,0.22701082094141847
"DHS113B-Hermosa Beach, Los Angeles",DHS115B,2024-03-26,10.0,10.0,10.0,8,33.8523,-118.4,0.7480416666666666,1.3800000000000001,15.85,,,,,,,,,,,,3,86,1,0.9958270335100595,0.09126072172931188
"DHS113B-Hermosa Beach, Los Angeles",DHS115B,2024-04-01,10.0,10.0,10.0,6,33.8523,-118.4,0.7386666666666667,1.249,14.450000000000001,,,,,,,,,,,,4,92,0,0.9999300657962057,-0.011826390691832589
"DHS113B-Hermosa Beach, Los Angeles",DHS115B,2024-04-08,10.0,10.0,10.0,7,33.8523,-118.4,0.7548333333333334,1.861,15.320833333333333,,,,,,,,,,,,4,99,0,0.9912685467787256,-0.13185851571739118
"DHS113B-Hermosa Beach, Los Angeles",DHS115B,2024-04-15,10.0,10.0,10.0,7,33.8523,-118.4,0.7451249999999999,1.232,15.708695652173914,,,,,,,,,,,,4,106,0,0.9682507501166718,-0.2499809690726521
"DHS113B-Hermosa Beach, Los Angeles",DHS115B,2024-04-22,10.0,10.0,10.0,7,33.8523,-118.4,0.753375,1.4540000000000002,15.770833333333334,,,,,,,,,,,,4,113,0,0.9312100364121947,-0.3644830148102912
"DHS113B-Hermosa Beach, Los Angeles",DHS115B,2024-04-29,10.0,10.0,10.0,7,33.8523,-118.4,0.7533333333333333,1.5199999999999998,17.004166666666666,,,,,,,,,,,,4,120,0,0.8806828564301475,-0.47370635037968
"DHS113B-Hermosa Beach, Los Angeles",DHS115B,2024-05-06,31.0,12.539,10.0,7,33.8523,-118.4,0.7642916666666667,1.933,16.491666666666667,,,,,,,,,,,,5,127,0,0.8174009818249189,-0.5760691233798758
"DHS113B-Hermosa Beach, Los Angeles",DHS115B,2024-05-14,10.0,12.539,31.0,8,33.8523,-118.4,0.7742916666666666,1.205,17.295833333333334,,,,,,,,,,,,5,135,1,0.7306444969184916,-0.6827580970759147
"DHS113B-Hermosa Beach, Los Angeles",DHS115B,2024-05-20,10.0,12.539,10.0,6,33.8523,-118.4,0.7807083333333332,1.425,17.895833333333332,,,,,,,,,,,,5,141,0,0.6564105761979381,-0.7544038410927472
"DHS113B-Hermosa Beach, Los Angeles",DHS115B,2024-05-28,10.0,12.539,10.0,8,33.8523,-118.4,0.8013333333333333,1.7530000000000001,15.791666666666666,,,,,,,,,,,,5,149,1,0.5467112728685939,-0.8373211953118121
"DHS113B-Hermosa Beach, Los Angeles",DHS115B,2024-06-03,10.0,12.539,10.0,6,33.8523,-118.4,0.7979166666666666,1.834,17.541666666666668,,,,,,,,,,,,6,155,0,0.4575313760742512,-0.8891934772070711
"DHS113B-Hermosa Beach, Los Angeles",DHS115B,2024-06-10,10.0,10.0,10.0,7,33.8523,-118.4,0.8267916666666667,1.763,17.654166666666665,,,,,,,,,,,,6,162,0,0.3474028211842774,-0.9377159910299093
"DHS113B-Hermosa Beach, Los Angeles",DHS115B,2024-06-17,10.0,10.0,10.0,7,33.8523,-118.4,0.8273333333333334,1.238,18.095833333333335,,,,,,,,,,,,6,169,0,0.23224292400907015,-0.9726578145718654
"DHS113B-Hermosa Beach, Los Angeles",DHS115B,2024-06-24,10.0,10.0,10.0,7,33.8523,-118.4,0.8572083333333333,2.2359999999999998,15.954166666666666,,,,,,,,,,,,6,176,0,0.11371951458594969,-0.9935128947338007
"DHS113B-Hermosa Beach, Los Angeles",DHS115B,2024-07-01,10.0,10.0,10.0,7,33.8523,-118.4,0.8434583333333333,1.626,18.529166666666665,,,,,,,,,,,,7,183,0,-0.00645086419810515,-0.9999791929590823
"DHS113B-Hermosa Beach, Los Angeles",DHS115B,2024-07-08,10.0,10.0,10.0,7,33.8523,-118.4,0.8844166666666666,1.9689999999999999,21.587500000000002,,,,,,,,,,,,7,190,0,-0.12652781683868314,-0.9919630595773397
"DHS113B-Hermosa Beach, Los Angeles",DHS115B,2024-07-15,10.0,10.0,10.0,7,33.8523,-118.4,0.876375,0.978,17.858333333333334,,,,,,,,,,,,7,197,0,-0.24477230089725957,-0.9695805901076308
"DHS113B-Hermosa Beach, Los Angeles",DHS115B,2024-07-22,10.0,10.0,10.0,7,33.8523,-118.4,0.9053333333333332,2.4240000000000004,19.775000000000002,,,,,,,,,,,,7,204,0,-0.3594718130884232,-0.9331559438780432
"DHS113B-Hermosa Beach, Los Angeles",DHS115B,2024-07-29,10.0,10.0,10.0,7,33.8523,-118.4,0.8805000000000001,1.4340000000000002,18.037499999999998,,,,,,,,,,,,7,211,0,-0.46896519100763184,-0.8832166493127127
"DHS113B-Hermosa Beach, Los Angeles",DHS115B,2024-08-05,10.0,10.0,10.0,7,33.8523,-118.4,0.9203333333333333,1.989,15.095833333333333,,,,,,,,,,,,8,218,0,-0.5716666713027052,-0.8204859638785327
"DHS113B-Hermosa Beach, Los Angeles",DHS115B,2024-08-12,10.0,10.0,10.0,7,33.8523,-118.4,0.9100833333333332,0.8330000000000001,20.925,,,,,,,,,,,,8,225,0,-0.666088855860977,-0.7458723993404063
"DHS113B-Hermosa Beach, Los Angeles",DHS115B,2024-08-19,10.0,10.0,10.0,7,33.8523,-118.4,0.920125,2.3770000000000002,22.758333333333336,,,,,,,,,,,,8,232,0,-0.7508642533989489,-0.6604565640279754
"DHS113B-Hermosa Beach, Los Angeles",DHS115B,2024-08-27,10.0,10.0,10.0,8,33.8523,-118.4,0.8865833333333333,1.452,22.291666666666668,,,,,,,,,,,,8,240,1,-0.8343701235229537,-0.5512045872199277
"DHS113B-Hermosa Beach, Los Angeles",DHS115B,2024-09-03,10.0,10.0,10.0,7,33.8523,-118.4,0.9311250000000001,1.692,22.483333333333334,,,,,,,,,,,,9,247,1,-0.8945422369764496,-0.4469834295196742
"DHS113B-Hermosa Beach, Los Angeles",DHS115B,2024-09-09,10.0,10.0,10.0,6,33.8523,-118.4,0.9199166666666666,0.993,21.091666666666665,,,,,,,,,,,,9,253,0,-0.9358348973349941,-0.35243871088460327
"DHS113B-Hermosa Beach, Los Angeles",DHS115B,2024-09-16,41.0,13.26,10.0,7,33.8523,-118.4,0.8999166666666666,2.0909999999999997,22.7,,,,,,,,,,,,9,260,0,-0.97139528468375,-0.23746831555846842
"DHS113B-Hermosa Beach, Los Angeles",DHS115B,2024-09-23,20.0,15.232,41.0,7,33.8523,-118.4,0.8982916666666667,1.563,16.345833333333335,,,,,,,,,,,,9,267,0,-0.9928872135356962,-0.11905873003404988
"DHS113B-Hermosa Beach, Los Angeles",DHS115B,2024-09-30,10.0,15.232,20.0,7,33.8523,-118.4,0.9012916666666667,1.528,16.358333333333334,,,,,,,,,,,,9,274,0,-0.9999994220246925,0.001075151282798226
"DHS113B-Hermosa Beach, Los Angeles",DHS115B,2024-10-07,10.0,15.232,10.0,7,33.8523,-118.4,0.9104583333333333,1.3860000000000001,15.854166666666666,,,,,,,,,,,,10,281,0,-0.9926289059345095,0.12119346147073601
"DHS113B-Hermosa Beach, Los Angeles",DHS115B,2024-10-15,20.0,17.497,10.0,8,33.8523,-118.4,0.8795416666666666,1.7169999999999999,18.220833333333335,,,,,,,,,,,,10,289,1,-0.9666180104000972,0.2562218218071163
"DHS113B-Hermosa Beach, Los Angeles",DHS115B,2024-10-21,10.0,13.195,20.0,6,33.8523,-118.4,0.8927083333333333,1.95,17.754166666666666,,,,,,,,,,,,10,295,0,-0.9350748843515574,0.3544502230989869
"DHS113B-Hermosa Beach, Los Angeles",DHS115B,2024-10-28,20.0,13.195,10.0,7,33.8523,-118.4,0.8652083333333334,1.289,18.470833333333335,,,,,,,,,,,,10,302,0,-0.8857249183835637,0.4642104791518923
"DHS113B-Hermosa Beach, Los Angeles",DHS115B,2024-11-04,10.0,13.195,20.0,7,33.8523,-118.4,0.8927083333333333,1.756,16.866666666666667,,,,,,,,,,,,11,309,0,-0.8235472349556007,0.5672476988027229
"DHS113B-Hermosa Beach, Los Angeles",DHS115B,2024-11-12,73.0,19.637,10.0,8,33.8523,-118.4,0.8357083333333333,1.5350000000000001,16.370833333333334,,,,,,,,,,,,11,317,1,-0.7379428103031386,0.6748632518680403
"DHS113B-Hermosa Beach, Los Angeles",DHS115B,2024-11-18,10.0,17.095,73.0,6,33.8523,-118.4,0.884,2.309,15.262500000000001,,,,,,,,,,,,11,323,0,-0.6644834655228552,0.7473029667054297
"DHS113B-Hermosa Beach, Los Angeles",DHS115B,2024-11-25,10.0,17.095,10.0,7,33.8523,-118.4,0.8286666666666668,1.113,14.758333333333333,,,,,,,,,,,,11,330,0,-0.5699010576127624,0.821713322596059
"DHS113B-Hermosa Beach, Los Angeles",DHS115B,2024-12-02,10.0,14.882,10.0,7,33.8523,-118.4,0.8733333333333334,2.015,15.3375,,,,,,,,,,,,12,337,0,-0.46706492487743034,0.8842230238742036
"DHS113B-Hermosa Beach, Los Angeles",DHS115B,2024-12-09,10.0,14.882,10.0,7,33.8523,-118.4,0.7964166666666667,1.2550000000000001,14.275,,,,,,,,,,,,12,344,0,-0.3574644155648614,0.9339267592294762
"DHS113B-Hermosa Beach, Los Angeles",DHS115B,2024-12-16,10.0,10.0,10.0,7,33.8523,-118.4,0.8682083333333334,2.4850000000000003,13.8125,,,,,,,,,,,,12,351,0,-0.2426868445825954,0.9701046827361175
"DHS113B-Hermosa Beach, Los Angeles",DHS115B,2024-12-23,10.0,10.0,10.0,7,33.8523,-118.4,0.7988749999999999,0.9239999999999999,13.116666666666667,,,,,,,,,,,,12,358,0,-0.12439450483979998,0.9922328391893008
"DHS113B-Hermosa Beach, Los Angeles",DHS115B,2024-12-30,10.0,10.0,10.0,7,33.8523,-118.4,0.8493749999999999,2.189,13.387500000000001,,,,,,,,,,,,12,365,0,-0.004300592702981974,0.9999907524084426
"DHS113B-Hermosa Beach, Los Angeles",DHS115B,2025-01-06,10.0,10.0,10.0,7,33.8523,-118.4,0.775,1.2369999999999999,13.233333333333334,,,,,,,,,,,,1,6,0,0.10303137904317879,0.9946781061893646
"DHS113B-Hermosa Beach, Los Angeles",DHS115B,2025-01-21,10.0,10.0,10.0,15,33.8523,-118.4,0.7770416666666667,0.8029999999999999,14.041666666666666,,,,,,,,,,,,1,21,1,0.3534446712740877,0.9354554315134164
"DHS113B-Hermosa Beach, Los Angeles",DHS115B,2025-02-03,10.0,10.0,10.0,13,33.8523,-118.4,0.757,1.385,13.762500000000001,,,,,,,,,,,,2,34,0,0.5521013427459208,0.8337770129585915
"DHS113B-Hermosa Beach, Los Angeles",DHS115B,2025-02-11,10.0,10.0,10.0,8,33.8523,-118.4,0.80425,2.184,14.129166666666668,,,,,,,,,,,,2,42,1,0.6612634749656386,0.7501537286959042
"DHS113B-Hermosa Beach, Los Angeles",DHS115B,2025-02-19,10.0,10.0,10.0,8,33.8523,-118.4,0.7547916666666666,0.8580000000000001,14.65,,,,,,,,,,,,2,50,2,0.7579216274973472,0.6523456189565257
"DHS113B-Hermosa Beach, Los Angeles",DHS115B,2025-02-24,10.0,10.0,10.0,5,33.8523,-118.4,0.7785416666666666,1.85,15.083333333333334,,,,,,,,,,,,2,55,0,0.8111602420785621,0.5848239578463322
"DHS113B-Hermosa Beach, Los Angeles",DHS115B,2025-03-04,20.0,11.487,10.0,8,33.8523,-118.4,0.7371249999999999,1.551,14.391666666666666,,,,,,,,,,,,3,63,1,0.8837203473619977,0.4680153284438345
"DHS113B-Hermosa Beach, Los Angeles",DHS115B,2025-03-10,10.0,11.487,20.0,6,33.8523,-118.4,0.7732083333333333,1.8290000000000002,13.641666666666666,,,,,,,,,,,,3,69,0,0.9272375462179537,0.374473674486883
"DHS113B-Hermosa Beach, Los Angeles",DHS115B,2025-03-18,20.0,13.195,10.0,8,33.8523,-118.4,0.7416666666666667,1.2830000000000001,14.970833333333333,,,,,,,,,,,,3,77,1,0.969843196967294,0.24372971360968387
"DHS113B-Hermosa Beach, Los Angeles",DHS115B,2025-03-24,10.0,13.195,20.0,6,33.8523,-118.4,0.751375,1.471,15.145833333333334,,,,,,,,,,,,3,83,0,0.9897936029670716,0.14250832791617088
"DHS113B-Hermosa Beach, Los Angeles",DHS115B,2025-04-02,613.0,30.054,10.0,9,33.8523,-118.4,0.7343333333333333,1.911,13.825000000000001,,,,,,,,,,,,4,92,2,0.9999300657962057,-0.011826390691832589
"DHS113B-Hermosa Beach, Los Angeles",DHS115B,2025-04-07,10.0,26.164,613.0,5,33.8523,-118.4,0.754625,1.465,13.299999999999999,,,,,,,,,,,,4,97,0,0.9952176027737294,-0.09768276782171598
"DHS113B-Hermosa Beach, Los Angeles",DHS115B,2025-04-14,10.0,26.164,10.0,7,33.8523,-118.4,0.7468750000000001,1.657,15.616666666666667,,,,,,,,,,,,4,104,0,0.9762766110869321,-0.21652708524481437
"DHS113B-Hermosa Beach, Los Angeles",DHS115B,2025-04-21,20.0,26.164,10.0,7,33.8523,-118.4,0.7513333333333333,1.199,15.858333333333334,,,,,,,,,,,,4,111,0,0.9431964659565866,-0.33223549871590435
"DHS113B-Hermosa Beach, Los Angeles",DHS115B,2025-04-29,10.0,26.164,20.0,8,33.8523,-118.4,0.7589166666666666,2.449,16.229166666666668,,,,,,,,,,,,4,119,1,0.8887010478292915,-0.45848712914008766
"DHS113B-Hermosa Beach, Los Angeles",DHS115B,2025-05-05,20.0,13.195,10.0,6,33.8523,-118.4,0.7645,1.178,16.825,,,,,,,,,,,,5,125,0,0.8367329140344921,-0.5476112038402312
"DHS113B-Hermosa Beach, Los Angeles",DHS115B,2025-05-12,10.0,13.195,20.0,7,33.8523,-118.4,0.7699166666666667,1.832,18.220833333333335,,,,,,,,,,,,5,132,0,0.7648913904341226,-0.6441592666722685
"DHS113B-Hermosa Beach, Los Angeles",DHS115B,2025-05-19,10.0,13.195,10.0,7,33.8523,-118.4,0.7847916666666667,1.2890000000000001,16.825,,,,,,,,,,,,5,139,0,0.6819721490904629,-0.7313781428679254
"DHS113B-Hermosa Beach, Los Angeles",DHS115B,2025-05-27,31.0,14.404,10.0,8,33.8523,-118.4,0.7955833333333334,2.606,19.95,,,,,,,,,,,,5,147,1,0.5751899607119775,-0.8180198708443175
"DHS113B-Hermosa Beach, Los Angeles",DHS115B,2025-06-02,10.0,14.404,31.0,6,33.8523,-118.4,0.8065833333333333,1.1809999999999998,16.695833333333333,,,,,,,,,,,,6,153,0,0.4878471454423119,-0.8729290708206411
"DHS113B-Hermosa Beach, Los Angeles",DHS115B,2025-06-09,20.0,14.404,10.0,7,33.8523,-118.4,0.8112916666666666,1.824,17.058333333333334,,,,,,,,,,,,6,160,0,0.37945284372454435,-0.925211078289358
"DHS113B-Hermosa Beach, Los Angeles",DHS115B,2025-06-16,10.0,14.404,20.0,7,33.8523,-118.4,0.842375,1.585,18.695833333333333,,,,,,,,,,,,6,167,0,0.26556302780405594,-0.9640935007889755
"DHS113B-Hermosa Beach, Los Angeles",DHS115B,2025-06-23,10.0,14.404,10.0,7,33.8523,-118.4,0.8275,2.323,20.837500000000002,,,,,,,,,,,,6,174,0,0.14782713347053048,-0.9890132145779883
"DHS113B-Hermosa Beach, Los Angeles",DHS115B,2025-06-30,20.0,13.195,10.0,7,33.8523,-118.4,0.867375,1.411,15.200000000000001,,,,,,,,,,,,6,181,0,0.02795029824021032,-0.999609314096404
"DHS113B-Hermosa Beach, Los Angeles",DHS115B,2025-07-07,10.0,13.195,20.0,7,33.8523,-118.4,0.856125,1.651,19.466666666666665,,,,,,,,,,,,7,188,0,-0.09233133369539123,-0.9957283388645872
"DHS113B-Hermosa Beach, Los Angeles",DHS115B,2025-07-14,10.0,11.487,10.0,7,33.8523,-118.4,0.9025,1.8250000000000002,18.5625,,,,,,,,,,,,7,195,0,-0.2112757555821793,-0.9774264960104055
"DHS113B-Hermosa Beach, Los Angeles",DHS115B,2025-07-22,10.0,11.487,10.0,8,33.8523,-118.4,0.8702083333333334,2.279,20.545833333333334,,,,,,,,,,,,7,203,1,-0.34336687399638804,-0.939201357453208
"DHS113B-Hermosa Beach, Los Angeles",DHS115B,2025-07-28,10.0,11.487,10.0,6,33.8523,-118.4,0.9201666666666667,1.5839999999999999,20.974999999999998,,,,,,,,,,,,7,209,0,-0.4383067230125192,-0.898825465016444
"DHS113B-Hermosa Beach, Los Angeles",DHS115B,2025-08-04,10.0,10.0,10.0,7,33.8523,-118.4,0.88725,1.346,17.775000000000002,,,,,,,,,,,,8,216,0,-0.5431052396834317,-0.8396646346181327
"DHS113B-Hermosa Beach, Los Angeles",DHS115B,2025-08-12,10.0,10.0,10.0,8,33.8523,-118.4,0.9462083333333333,1.6680000000000001,22.2375,,,,,,,,,,,,8,224,1,-0.65316012232693,-0.7572198192083127
"DHS113B-Hermosa Beach, Los Angeles",DHS115B,2025-08-18,10.0,10.0,10.0,6,33.8523,-118.4,0.8793333333333333,1.7469999999999999,21.875,,,,,,,,,,,,8,230,0,-0.7277014757264236,-0.6858939875998223
"DHS113B-Hermosa Beach, Los Angeles",DHS115B,2025-08-25,10.0,10.0,10.0,7,33.8523,-118.4,0.9423333333333334,1.583,22.320833333333336,,,,,,,,,,,,8,237,0,-0.8048257371083452,-0.593511190196115
"DHS113B-Hermosa Beach, Los Angeles",DHS115B,2025-09-02,10.0,10.0,10.0,8,33.8523,-118.4,0.8920416666666666,1.242,21.983333333333334,,,,,,,,,,,,9,245,1,-0.8786374941610001,-0.4774894280028391
"DHS113B-Hermosa Beach, Los Angeles",DHS115B,2025-09-08,20.0,11.487,10.0,6,33.8523,-118.4,0.9438749999999999,1.877,21.570833333333336,,,,,,,,,,,,9,251,0,-0.9231578729647039,-0.38442104726885545
"DHS113B-Hermosa Beach, Los Angeles",DHS115B,2025-09-15,10.0,11.487,20.0,7,33.8523,-118.4,0.8731249999999999,1.522,21.079166666666666,,,,,,,,,,,,9,258,0,-0.9626519747161487,-0.2707418984477642
"DHS113B-Hermosa Beach, Los Angeles",DHS115B,2025-09-22,10.0,11.487,10.0,7,33.8523,-118.4,0.931,1.4329999999999998,16.266666666666666,,,,,,,,,,,,9,265,0,-0.9882042449941422,-0.15314166701312007
"DHS113B-Hermosa Beach, Los Angeles",DHS115B,2025-09-29,10.0,11.487,10.0,7,33.8523,-118.4,0.8893333333333334,0.963,19.291666666666668,,,,,,,,,,,,9,272,0,-0.9994446170919858,-0.033323525711631344
"DHS113B-Hermosa Beach, Los Angeles",DHS115B,2025-10-06,10.0,11.487,10.0,7,33.8523,-118.4,0.9134583333333333,1.741,19.204166666666666,,,,,,,,,,,,10,279,0,-0.9962102997023297,0.0869772313136861
"DHS113B-Hermosa Beach, Los Angeles",DHS115B,2025-10-14,24196.0,47.506,10.0,8,33.8523,-118.4,0.8466666666666667,1.467,16.775000000000002,,,,,,,,,,,,10,287,1,-0.9748595108374125,0.22282040779479959
"DHS113B-Hermosa Beach, Los Angeles",DHS115B,2025-10-20,30.0,59.18,24196.0,6,33.8523,-118.4,0.899625,1.607,17.0125,,,,,,,,,,,,10,293,0,-0.9467139181463862,0.3220757010206104
"DHS113B-Hermosa Beach, Los Angeles",DHS115B,2025-10-27,10.0,59.18,30.0,7,33.8523,-118.4,0.8748333333333332,1.242,18.341666666666665,,,,,,,,,,,,10,300,0,-0.9011686968561569,0.4334685453485363
"DHS113B-Hermosa Beach, Los Angeles",DHS115B,2025-11-03,10.0,59.18,10.0,7,33.8523,-118.4,0.867625,1.831,19.23333333333333,,,,,,,,,,,,11,307,0,-0.8425720899866032,0.5385835804920232
"DHS113B-Hermosa Beach, Los Angeles",DHS115B,2025-11-12,10.0,59.18,10.0,9,33.8523,-118.4,0.8196249999999999,1.318,18.3875,,,,,,,,,,,,11,316,2,-0.7494423368521953,0.6620696215153815
"DHS113B-Hermosa Beach, Los Angeles",DHS115B,2025-12-08,10.0,10.0,10.0,26,33.8523,-118.4,0.8417916666666666,2.181,17.116666666666667,,,,,,,,,,,,12,342,0,-0.3893781415452015,0.9210779895789526
"DHS113B-Hermosa Beach, Los Angeles",DHS115B,2025-12-15,20.0,14.142,10.0,7,33.8523,-118.4,0.8289583333333334,1.5190000000000001,17.008333333333333,,,,,,,,,,,,12,349,0,-0.27591294500296043,0.9611826292540837
"DHS113B-Hermosa Beach, Los Angeles",DHS115B,2025-12-22,10.0,12.599,20.0,7,33.8523,-118.4,0.8456250000000001,1.929,17.229166666666668,,,,,,,,,,,,12,356,0,-0.15845177496083632,0.9873667175937016
"DHS113B-Hermosa Beach, Los Angeles",DHS115B,2026-01-20,10.0,10.0,10.0,29,33.8523,-118.4,0.8166666666666668,2.045,16.970833333333335,,,,,,,,,,,,1,20,1,0.3373010691361842,0.9413968285264122
"DHS113B-Hermosa Beach, Los Angeles",DHS115B,2026-01-26,10.0,10.0,10.0,6,33.8523,-118.4,0.7669583333333333,1.244,,,,,,,,,,,,,1,26,0,0.4324994021339788,0.901634220265486
"DHS113B-Hermosa Beach, Los Angeles",DHS115B,2026-02-02,10.0,10.0,10.0,7,33.8523,-118.4,0.81325,2.361,,,,,,,,,,,,,2,33,0,0.5376773767406141,0.8431506618282
"DHS113B-Hermosa Beach, Los Angeles",DHS115B,2026-02-09,10.0,10.0,10.0,7,33.8523,-118.4,0.7657083333333333,0.9420000000000001,,,,,,,,,,,,,2,40,0,0.6350683134867438,0.7724559775191742
"DHS113B-Hermosa Beach, Los Angeles",DHS115B,2026-02-23,31.0,13.269,10.0,14,33.8523,-118.4,0.7444583333333333,1.33,,,,,,,,,,,,,2,54,0,0.8009803309782905,0.5986906625177214
"DHS113B-Hermosa Beach, Los Angeles",DHS115B,2026-03-02,30.0,17.463,31.0,7,33.8523,-118.4,0.7820833333333334,2.094,,,,,,,,,,,,,3,61,0,0.8670985522812081,0.4981366284784055
"DHS114-Hermosa Beach, Los Angeles",DHS114,2020-03-23,108.0,16.095,,,33.8715,-118.407,0.759875,1.517,16.545833333333334,,,,,,,,,,,,3,83,0,0.9897936029670716,0.14250832791617088
"DHS114-Hermosa Beach, Los Angeles",DHS114,2020-03-31,10.0,16.095,108.0,8,33.8715,-118.407,0.735125,1.091,15.916666666666666,,,,,,,,,,,,3,91,1,0.9999855506507186,0.005375731557583884
"DHS114-Hermosa Beach, Los Angeles",DHS114,2020-04-06,275.0,31.229,10.0,6,33.8715,-118.407,0.7600833333333333,1.912,16.150000000000002,,,,,,,,,,,,4,97,0,0.9952176027737294,-0.09768276782171598
"DHS114-Hermosa Beach, Los Angeles",DHS114,2020-04-13,10.0,31.229,275.0,7,33.8715,-118.407,0.7340833333333333,1.5,16.004166666666666,,,,,,,,,,,,4,104,0,0.9762766110869321,-0.21652708524481437
"DHS114-Hermosa Beach, Los Angeles",DHS114,2020-04-20,10.0,31.229,10.0,7,33.8715,-118.407,0.757625,1.271,16.654166666666665,,,,,,,,,,,,4,111,0,0.9431964659565866,-0.33223549871590435
"DHS114-Hermosa Beach, Los Angeles",DHS114,2020-04-27,10.0,19.403,10.0,7,33.8715,-118.407,0.7488333333333334,1.518,17.337500000000002,,,,,,,,,,,,4,118,0,0.8964562582905575,-0.44313223418263453
"DHS114-Hermosa Beach, Los Angeles",DHS114,2020-05-04,10.0,19.403,10.0,7,33.8715,-118.407,0.7636250000000001,1.507,19.695833333333333,,,,,,,,,,,,5,125,0,0.8367329140344921,-0.5476112038402312
"DHS114-Hermosa Beach, Los Angeles",DHS114,2020-05-11,10.0,10.0,10.0,7,33.8715,-118.407,0.7675000000000001,1.855,20.05,,,,,,,,,,,,5,132,0,0.7648913904341226,-0.6441592666722685
"DHS114-Hermosa Beach, Los Angeles",DHS114,2020-05-18,10.0,10.0,10.0,7,33.8715,-118.407,0.7819166666666666,1.1179999999999999,18.4375,,,,,,,,,,,,5,139,0,0.6819721490904629,-0.7313781428679254
"DHS114-Hermosa Beach, Los Angeles",DHS114,2020-05-26,10.0,10.0,10.0,8,33.8715,-118.407,0.7925,1.806,17.566666666666666,,,,,,,,,,,,5,147,1,0.5751899607119775,-0.8180198708443175
"DHS114-Hermosa Beach, Los Angeles",DHS114,2020-06-04,10.0,10.0,10.0,9,33.8715,-118.407,0.8067500000000001,2.257,19.520833333333332,,,,,,,,,,,,6,156,3,0.44216815196707204,-0.8969321743510065
"DHS114-Hermosa Beach, Los Angeles",DHS114,2020-06-08,10.0,10.0,10.0,4,33.8715,-118.407,0.824125,2.171,18.995833333333334,,,,,,,,,,,,6,160,0,0.37945284372454435,-0.925211078289358
"DHS114-Hermosa Beach, Los Angeles",DHS114,2020-06-15,10.0,10.0,10.0,7,33.8715,-118.407,0.82775,0.9549999999999998,20.912499999999998,,,,,,,,,,,,6,167,0,0.26556302780405594,-0.9640935007889755
"DHS114-Hermosa Beach, Los Angeles",DHS114,2020-06-22,10.0,10.0,10.0,7,33.8715,-118.407,0.8454166666666666,2.143,20.279166666666665,,,,,,,,,,,,6,174,0,0.14782713347053048,-0.9890132145779883
"DHS114-Hermosa Beach, Los Angeles",DHS114,2020-06-29,10.0,10.0,10.0,7,33.8715,-118.407,0.8490416666666666,1.163,20.2,,,,,,,,,,,,6,181,0,0.02795029824021032,-0.999609314096404
"DHS114-Hermosa Beach, Los Angeles",DHS114,2020-07-06,10.0,10.0,10.0,7,33.8715,-118.407,0.8795000000000001,2.293,20.47391304347826,,,,,,,,,,,,7,188,0,-0.09233133369539123,-0.9957283388645872
"DHS114-Hermosa Beach, Los Angeles",DHS114,2020-07-13,10.0,10.0,10.0,7,33.8715,-118.407,0.8782916666666667,0.8009999999999999,22.25,,,,,,,,,,,,7,195,0,-0.2112757555821793,-0.9774264960104055
"DHS114-Hermosa Beach, Los Angeles",DHS114,2020-07-20,10.0,10.0,10.0,7,33.8715,-118.407,0.8884583333333333,2.225,14.229166666666666,,,,,,,,,,,,7,202,0,-0.3271603271220951,-0.9449688462364056
"DHS114-Hermosa Beach, Los Angeles",DHS114,2020-07-27,10.0,10.0,10.0,7,33.8715,-118.407,0.895375,1.1740000000000002,17.329166666666666,,,,,,,,,,,,7,209,0,-0.4383067230125192,-0.898825465016444
"DHS114-Hermosa Beach, Los Angeles",DHS114,2020-08-03,10.0,10.0,10.0,7,33.8715,-118.407,0.9123333333333333,2.21,16.966666666666665,,,,,,,,,,,,8,216,0,-0.5431052396834317,-0.8396646346181327
"DHS114-Hermosa Beach, Los Angeles",DHS114,2020-08-10,10.0,10.0,10.0,7,33.8715,-118.407,0.914875,0.7530000000000001,17.8125,,,,,,,,,,,,8,223,0,-0.6400381082043503,-0.7683431655492202
"DHS114-Hermosa Beach, Los Angeles",DHS114,2020-08-17,10.0,10.0,10.0,7,33.8715,-118.407,0.9017083333333334,2.093,21.59166666666667,,,,,,,,,,,,8,230,0,-0.7277014757264236,-0.6858939875998223
"DHS114-Hermosa Beach, Los Angeles",DHS114,2020-08-24,10.0,10.0,10.0,7,33.8715,-118.407,0.9232083333333333,1.236,22.87826086956522,,,,,,,,,,,,8,237,0,-0.8048257371083452,-0.593511190196115
"DHS114-Hermosa Beach, Los Angeles",DHS114,2020-08-31,10.0,10.0,10.0,7,33.8715,-118.407,0.9145833333333333,1.973,15.662500000000001,,,,,,,,,,,,8,244,0,-0.8702939222685674,-0.49253272872205434
"DHS114-Hermosa Beach, Los Angeles",DHS114,2020-09-08,10.0,10.0,10.0,8,33.8715,-118.407,0.9203333333333333,0.8739999999999999,22.166666666666668,,,,,,,,,,,,9,252,1,-0.9296339319682695,-0.3684843993077793
"DHS114-Hermosa Beach, Los Angeles",DHS114,2020-09-14,10.0,10.0,10.0,6,33.8715,-118.407,0.8861666666666667,1.786,21.270833333333332,,,,,,,,,,,,9,258,0,-0.9626519747161487,-0.2707418984477642
"DHS114-Hermosa Beach, Los Angeles",DHS114,2020-09-21,10.0,10.0,10.0,7,33.8715,-118.407,0.9314166666666667,1.6380000000000001,20.412499999999998,,,,,,,,,,,,9,265,0,-0.9882042449941422,-0.15314166701312007
"DHS114-Hermosa Beach, Los Angeles",DHS114,2020-09-28,10.0,10.0,10.0,7,33.8715,-118.407,0.89125,1.656,20.8625,,,,,,,,,,,,9,272,0,-0.9994446170919858,-0.033323525711631344
"DHS114-Hermosa Beach, Los Angeles",DHS114,2020-10-05,10.0,10.0,10.0,7,33.8715,-118.407,0.917125,1.343,19.233333333333334,,,,,,,,,,,,10,279,0,-0.9962102997023297,0.0869772313136861
"DHS114-Hermosa Beach, Los Angeles",DHS114,2020-10-13,10.0,10.0,10.0,8,33.8715,-118.407,0.860125,1.5899999999999999,20.770833333333332,,,,,,,,,,,,10,287,1,-0.9748595108374125,0.22282040779479959
"DHS114-Hermosa Beach, Los Angeles",DHS114,2020-10-19,10.0,10.0,10.0,6,33.8715,-118.407,0.9242499999999999,2.129,19.595833333333335,,,,,,,,,,,,10,293,0,-0.9467139181463862,0.3220757010206104
"DHS114-Hermosa Beach, Los Angeles",DHS114,2020-10-28,10.0,10.0,10.0,9,33.8715,-118.407,0.8729999999999999,1.378,17.583333333333332,,,,,,,,,,,,10,302,2,-0.8857249183835637,0.4642104791518923
"DHS114-Hermosa Beach, Los Angeles",DHS114,2020-11-02,10.0,10.0,10.0,5,33.8715,-118.407,0.8949166666666667,1.6760000000000002,17.095833333333335,,,,,,,,,,,,11,307,0,-0.8425720899866032,0.5385835804920232
"DHS114-Hermosa Beach, Los Angeles",DHS114,2020-11-09,20.0,11.487,10.0,7,33.8715,-118.407,0.830375,1.19,17.791666666666668,,,,,,,,,,,,11,314,0,-0.7717727365467837,0.6358984534680745
"DHS114-Hermosa Beach, Los Angeles",DHS114,2020-11-16,86.0,17.665,20.0,7,33.8715,-118.407,0.9046250000000001,2.41,15.420833333333334,,,,,,,,,,,,11,321,0,-0.6897960046655887,0.7240037789593305
"DHS114-Hermosa Beach, Los Angeles",DHS114,2020-11-23,20.0,20.291,86.0,7,33.8715,-118.407,0.8209166666666667,1.1980000000000002,15.950000000000001,,,,,,,,,,,,11,328,0,-0.5978291414589552,0.801623551065242
"DHS114-Hermosa Beach, Los Angeles",DHS114,2020-11-30,10.0,20.291,20.0,7,33.8715,-118.407,0.8692083333333334,1.911,16.254166666666666,,,,,,,,,,,,11,335,0,-0.4972040784469378,0.8676336233547726
"DHS114-Hermosa Beach, Los Angeles",DHS114,2020-12-07,10.0,20.291,10.0,7,33.8715,-118.407,0.811375,1.194,15.916666666666666,,,,,,,,,,,,12,342,0,-0.3893781415452015,0.9210779895789526
"DHS114-Hermosa Beach, Los Angeles",DHS114,2020-12-14,10.0,17.665,10.0,7,33.8715,-118.407,0.87475,2.592,15.754166666666668,,,,,,,,,,,,12,349,0,-0.27591294500296043,0.9611826292540837
"DHS114-Hermosa Beach, Los Angeles",DHS114,2020-12-21,10.0,11.487,10.0,7,33.8715,-118.407,0.796875,1.073,15.279166666666667,,,,,,,,,,,,12,356,0,-0.15845177496083632,0.9873667175937016
"DHS114-Hermosa Beach, Los Angeles",DHS114,2020-12-28,173.0,17.685,10.0,7,33.8715,-118.407,0.8406250000000001,1.943,14.908333333333333,,,,,,,,,,,,12,363,0,-0.03869579017652689,0.9992510374388481
"DHS114-Hermosa Beach, Los Angeles",DHS114,2021-01-04,10.0,17.685,173.0,7,33.8715,-118.407,0.7958333333333334,1.444,14.65,,,,,,,,,,,,1,4,0,0.06875540848113941,0.9976335468520451
"DHS114-Hermosa Beach, Los Angeles",DHS114,2021-01-11,20.0,20.315,10.0,7,33.8715,-118.407,0.838625,2.445,13.870833333333332,,,,,,,,,,,,1,11,0,0.18809941761179758,0.9821499931752291
"DHS114-Hermosa Beach, Los Angeles",DHS114,2021-01-19,10.0,20.315,20.0,8,33.8715,-118.407,0.7757083333333333,0.991,14.575000000000001,,,,,,,,,,,,1,19,1,0.321057654185271,0.9470596510722283
"DHS114-Hermosa Beach, Los Angeles",DHS114,2021-01-25,279.0,39.531,10.0,6,33.8715,-118.407,0.8077916666666667,1.799,15.375,,,,,,,,,,,,1,25,0,0.4169258813287287,0.908940487313808
"DHS114-Hermosa Beach, Los Angeles",DHS114,2021-02-01,20.0,25.676,279.0,7,33.8715,-118.407,0.7811666666666667,1.707,14.533333333333333,,,,,,,,,,,,2,32,0,0.5230943033491326,0.8522748088519838
"DHS114-Hermosa Beach, Los Angeles",DHS114,2021-02-08,10.0,25.676,20.0,7,33.8715,-118.407,0.799125,2.144,14.470833333333333,,,,,,,,,,,,2,39,0,0.6216868902665479,0.7832658619336791
"DHS114-Hermosa Beach, Los Angeles",DHS114,2021-02-16,10.0,22.353,10.0,8,33.8715,-118.407,0.7582916666666667,1.124,14.695833333333333,,,,,,,,,,,,2,47,1,0.7232617254437388,0.6905740195722293
"DHS114-Hermosa Beach, Los Angeles",DHS114,2021-02-22,10.0,22.353,10.0,6,33.8715,-118.407,0.7714583333333334,1.462,13.983333333333334,,,,,,,,,,,,2,53,0,0.7905633969115482,0.612380204990065
"DHS114-Hermosa Beach, Los Angeles",DHS114,2021-03-01,10.0,11.487,10.0,7,33.8715,-118.407,0.7662916666666666,1.818,14.375,,,,,,,,,,,,3,60,0,0.8584015232918917,0.512978386299228
"DHS114-Hermosa Beach, Los Angeles",DHS114,2021-03-15,10.0,10.0,10.0,14,33.8715,-118.407,0.75325,1.3960000000000001,14.75,6.5,6.5,6.5,21.099999999999998,0.8750612633917001,0.8750612633917001,11.1,46.8,271,,,3,74,0,0.9559793438440766,0.2934339689665273
"DHS114-Hermosa Beach, Los Angeles",DHS114,2021-03-22,10.0,10.0,10.0,7,33.8715,-118.407,0.745375,1.1079999999999999,13.9,0.0,0.0,0.0,0.0,0.0,0.0,12.8,26.7,310,,,3,81,0,0.984305844499033,0.17647097349152166
"DHS114-Hermosa Beach, Los Angeles",DHS114,2021-03-30,10.0,10.0,10.0,8,33.8715,-118.407,0.7485833333333334,1.831,15.358333333333334,0.0,0.0,0.0,0.0,0.0,0.0,15.1,21.1,180,,,3,89,1,0.9992088560679753,0.03977011384605572
"DHS114-Hermosa Beach, Los Angeles",DHS114,2021-04-05,10.0,10.0,10.0,6,33.8715,-118.407,0.7440416666666666,1.487,16.175,0.0,0.0,0.0,0.0,0.0,0.0,14.3,20.3,212,,,4,95,0,0.9979887423155984,-0.06339140486951038
"DHS114-Hermosa Beach, Los Angeles",DHS114,2021-04-12,10.0,10.0,10.0,7,33.8715,-118.407,0.7511666666666666,1.5130000000000001,17.841666666666665,0.0,0.0,0.0,0.0,0.0,0.0,14.9,29.2,235,,,4,102,0,0.9831469737221499,-0.1828169249850199
"DHS114-Hermosa Beach, Los Angeles",DHS114,2021-04-19,10.0,10.0,10.0,7,33.8715,-118.407,0.7444999999999999,1.073,16.529166666666665,0.0,0.0,0.0,0.5,0.0,0.0,18.3,25.3,239,,,4,109,0,0.9540665500578387,-0.2995947563972602
"DHS114-Hermosa Beach, Los Angeles",DHS114,2021-04-26,20.0,11.487,10.0,7,33.8715,-118.407,0.7598750000000001,1.912,15.816666666666668,0.0,0.1,0.1,0.2,0.0,0.04139268515822508,14.4,34.5,255,,,4,116,0,0.9111686353326631,-0.41203363695942635
"DHS114-Hermosa Beach, Los Angeles",DHS114,2021-05-03,10.0,11.487,20.0,7,33.8715,-118.407,0.7554583333333333,1.434,17.270833333333332,0.0,0.0,0.0,0.0,0.0,0.0,16.3,28.0,234,,,5,123,0,0.8550745085896932,-0.518505144391157
"DHS114-Hermosa Beach, Los Angeles",DHS114,2021-05-10,10.0,11.487,10.0,7,33.8715,-118.407,0.7710416666666666,1.621,18.145833333333332,0.1,0.1,0.1,0.1,0.04139268515822508,0.04139268515822508,16.7,19.7,215,,,5,130,0,0.7865965660866021,-0.6174672802835514
"DHS114-Hermosa Beach, Los Angeles",DHS114,2021-05-24,10.0,11.892,10.0,14,33.8715,-118.407,0.7845,1.896,19.1125,0.0,0.0,0.0,0.0,0.0,0.0,18.5,30.7,268,,,5,144,0,0.6166212130956382,-0.7872599821916922
"DHS114-Hermosa Beach, Los Angeles",DHS114,2021-06-01,10.0,10.0,10.0,8,33.8715,-118.407,0.8016666666666666,1.3840000000000001,19.054166666666667,0.0,0.1,0.1,0.1,0.0,0.04139268515822508,16.5,26.1,254,,,6,152,1,0.5027907197793043,-0.8644081744776648
"DHS114-Hermosa Beach, Los Angeles",DHS114,2021-06-14,10.0,10.0,10.0,13,33.8715,-118.407,0.8306666666666667,1.723,18.691666666666666,0.0,0.0,0.0,0.1,0.0,0.0,19.6,31.1,241,,,6,165,0,0.2985688173637202,-0.9543881083175908
"DHS114-Hermosa Beach, Los Angeles",DHS114,2021-06-21,10.0,10.0,10.0,7,33.8715,-118.407,0.826375,1.7020000000000002,19.587500000000002,0.0,0.0,0.0,0.0,0.0,0.0,18.4,30.0,250,,,6,172,0,0.18175978759137534,-0.9833429613388902
"DHS114-Hermosa Beach, Los Angeles",DHS114,2021-06-28,10.0,10.0,10.0,7,33.8715,-118.407,0.8663333333333334,2.002,18.8,0.0,0.0,0.0,0.0,0.0,0.0,20.0,20.6,226,,,6,179,0,0.062318379354325076,-0.998056320853012
"DHS114-Hermosa Beach, Los Angeles",DHS114,2021-07-06,10.0,10.0,10.0,8,33.8715,-118.407,0.859375,1.583,20.366666666666667,0.0,0.0,0.0,0.0,0.0,0.0,19.0,22.9,230,,,7,187,1,-0.07518957641475855,-0.9971692572470178
"DHS114-Hermosa Beach, Los Angeles",DHS114,2021-07-12,10.0,10.0,10.0,6,33.8715,-118.407,0.8875833333333333,1.966,22.25,0.0,0.0,0.0,0.0,0.0,0.0,21.1,23.3,243,,,7,193,0,-0.17752914918703497,-0.984115542601034
"DHS114-Hermosa Beach, Los Angeles",DHS114,2021-07-19,10.0,10.0,10.0,7,33.8715,-118.407,0.8698333333333333,1.469,22.570833333333336,0.0,0.0,0.0,0.1,0.0,0.0,21.9,29.0,242,,,7,200,0,-0.2944616217868012,-0.9556633054034704
"DHS114-Hermosa Beach, Los Angeles",DHS114,2021-07-26,10.0,10.0,10.0,7,33.8715,-118.407,0.9191250000000001,2.154,20.625,2.8,2.8,2.8,2.8,0.5797835966168101,0.5797835966168101,19.9,20.8,254,,,7,207,0,-0.4071294853542516,-0.9133704517637858
"DHS114-Hermosa Beach, Los Angeles",DHS114,2021-07-28,10.0,10.0,10.0,2,33.8715,-118.407,0.9140416666666668,1.462,19.445833333333333,0.0,0.0,2.8,2.8,0.0,0.0,20.3,27.4,255,,,7,209,2,-0.4383067230125192,-0.898825465016444
"DHS114-Hermosa Beach, Los Angeles",DHS114,2021-07-30,10.0,10.0,10.0,2,33.8715,-118.407,0.904,0.906,17.1,0.0,0.0,0.0,2.8,0.0,0.0,19.5,30.4,239,,,7,211,4,-0.46896519100763184,-0.8832166493127127
"DHS114-Hermosa Beach, Los Angeles",DHS114,2021-08-01,10.0,10.0,10.0,2,33.8715,-118.407,0.8966666666666666,0.8979999999999999,14.304166666666667,0.0,0.0,0.0,2.8,0.0,0.0,19.9,32.2,250,,,8,213,6,-0.4990686026885319,-0.8665624788845385
"DHS114-Hermosa Beach, Los Angeles",DHS114,2021-08-02,10.0,10.0,10.0,1,33.8715,-118.407,0.8934583333333334,1.089,13.69090909090909,0.0,0.0,0.0,0.0,0.0,0.0,20.5,29.8,256,,,8,214,0,-0.5139010013093103,-0.8578494977869301
"DHS114-Hermosa Beach, Los Angeles",DHS114,2021-08-03,10.0,10.0,10.0,1,33.8715,-118.407,0.8912083333333333,1.2919999999999998,13.916666666666666,0.0,0.0,0.0,0.0,0.0,0.0,20.4,26.1,239,,,8,215,1,-0.5285813283559292,-0.8488826652214553
"DHS114-Hermosa Beach, Los Angeles",DHS114,2021-08-04,10.0,10.0,10.0,1,33.8715,-118.407,0.8904166666666667,1.497,14.233333333333334,0.0,0.0,0.0,0.0,0.0,0.0,20.3,27.8,228,,,8,216,2,-0.5431052396834317,-0.8396646346181327
"DHS114-Hermosa Beach, Los Angeles",DHS114,2021-08-05,10.0,10.0,10.0,1,33.8715,-118.407,0.8921250000000001,1.695,14.829166666666666,0.0,0.0,0.0,0.0,0.0,0.0,20.2,23.7,231,,,8,217,3,-0.5574684374327892,-0.8301981337405212
"DHS114-Hermosa Beach, Los Angeles",DHS114,2021-08-06,10.0,10.0,10.0,1,33.8715,-118.407,0.8965416666666667,1.868,16.791666666666668,0.0,0.0,0.0,0.0,0.0,0.0,20.5,16.6,176,,,8,218,4,-0.5716666713027052,-0.8204859638785327
"DHS114-Hermosa Beach, Los Angeles",DHS114,2021-08-07,10.0,10.0,10.0,1,33.8715,-118.407,0.9035833333333333,1.98,19.370833333333334,0.0,0.0,0.0,0.0,0.0,0.0,20.0,19.0,218,,,8,219,5,-0.5856957398073508,-0.8105309990194823
"DHS114-Hermosa Beach, Los Angeles",DHS114,2021-08-08,10.0,10.0,10.0,1,33.8715,-118.407,0.9122083333333334,2.077,18.7625,0.0,0.0,0.0,0.0,0.0,0.0,19.6,24.1,241,,,8,220,6,-0.5995514915196489,-0.8003361849976323
"DHS114-Hermosa Beach, Los Angeles",DHS114,2021-08-09,10.0,10.0,10.0,1,33.8715,-118.407,0.9217916666666667,2.068,19.175,0.0,0.0,0.0,0.0,0.0,0.0,19.9,25.9,256,,,8,221,0,-0.6132298262997502,-0.7899045386224707
"DHS114-Hermosa Beach, Los Angeles",DHS114,2021-08-10,10.0,10.0,10.0,1,33.8715,-118.407,0.9305833333333333,1.985,19.104166666666668,0.0,0.0,0.0,0.0,0.0,0.0,20.1,24.4,247,,,8,222,1,-0.6267266965083301,-0.7792391467859886
"DHS114-Hermosa Beach, Los Angeles",DHS114,2021-08-11,10.0,10.0,10.0,1,33.8715,-118.407,0.9365833333333332,1.7999999999999998,18.445833333333333,0.0,0.0,0.0,0.0,0.0,0.0,21.3,26.7,254,,,8,223,2,-0.6400381082043503,-0.7683431655492202
"DHS114-Hermosa Beach, Los Angeles",DHS114,2021-08-12,10.0,10.0,10.0,1,33.8715,-118.407,0.9380000000000001,1.496,16.770833333333332,0.0,0.0,0.0,0.0,0.0,0.0,21.7,18.2,243,,,8,224,3,-0.65316012232693,-0.7572198192083127
"DHS114-Hermosa Beach, Los Angeles",DHS114,2021-08-16,10.0,10.0,10.0,4,33.8715,-118.407,0.89575,1.369,18.383333333333333,0.0,0.0,0.0,0.0,0.0,0.0,22.0,19.4,235,,,8,228,0,-0.7036774074790128,-0.7105196029692745
"DHS114-Hermosa Beach, Los Angeles",DHS114,2021-08-18,10.0,10.0,10.0,2,33.8715,-118.407,0.8832916666666666,1.845,21.366666666666664,0.7,0.7,0.7,0.7,0.2304489213782739,0.2304489213782739,21.6,18.1,188,,,8,230,2,-0.7277014757264236,-0.6858939875998223
"DHS114-Hermosa Beach, Los Angeles",DHS114,2021-08-23,10.0,10.0,10.0,5,33.8715,-118.407,0.9382083333333333,2.087,21.474999999999998,0.0,0.0,0.3,1.0,0.0,0.0,19.7,24.0,253,,,8,235,0,-0.7839338166829201,-0.620844401650647
"DHS114-Hermosa Beach, Los Angeles",DHS114,2021-08-25,10.0,10.0,10.0,2,33.8715,-118.407,0.9405,1.524,21.25,0.0,0.0,0.0,0.3,0.0,0.0,20.1,25.8,256,,,8,237,2,-0.8048257371083452,-0.593511190196115
"DHS114-Hermosa Beach, Los Angeles",DHS114,2021-08-26,10.0,10.0,10.0,1,33.8715,-118.407,0.9353750000000001,1.167,19.979166666666668,0.0,0.0,0.0,0.3,0.0,0.0,21.2,25.9,258,,,8,238,3,-0.8149159841660791,-0.5795791048257612
"DHS114-Hermosa Beach, Los Angeles",DHS114,2021-08-30,10.0,10.0,10.0,4,33.8715,-118.407,0.9065416666666667,0.866,19.404166666666665,0.0,0.0,0.0,0.0,0.0,0.0,19.8,20.8,228,,,8,242,0,-0.8528367217694595,-0.522177676659508
"DHS114-Hermosa Beach, Los Angeles",DHS114,2021-09-01,10.0,10.0,10.0,2,33.8715,-118.407,0.8961666666666667,1.17,20.162499999999998,0.0,0.0,0.0,0.0,0.0,0.0,20.3,19.5,239,,,9,244,2,-0.8702939222685674,-0.49253272872205434
"DHS114-Hermosa Beach, Los Angeles",DHS114,2021-09-02,10.0,10.0,10.0,1,33.8715,-118.407,0.8941666666666667,1.376,20.091666666666665,0.0,0.0,0.0,0.0,0.0,0.0,19.7,28.5,258,,,9,245,3,-0.8786374941610001,-0.4774894280028391
"DHS114-Hermosa Beach, Los Angeles",DHS114,2021-09-08,10.0,10.0,10.0,6,33.8715,-118.407,0.9450416666666667,1.799,19.754166666666666,0.0,0.0,0.0,0.0,0.0,0.0,20.0,25.2,241,,,9,251,2,-0.9231578729647039,-0.38442104726885545
"DHS114-Hermosa Beach, Los Angeles",DHS114,2021-09-13,10.0,10.0,10.0,5,33.8715,-118.407,0.899625,1.369,16.779166666666665,0.0,0.0,0.0,0.0,0.0,0.0,18.9,22.6,246,,,9,256,0,-0.9527692922168511,-0.30369503751065885
"DHS114-Hermosa Beach, Los Angeles",DHS114,2021-09-15,10.0,10.0,10.0,2,33.8715,-118.407,0.874625,1.56,18.183333333333334,0.0,0.0,0.0,0.0,0.0,0.0,18.1,24.4,254,,,9,258,2,-0.9626519747161487,-0.2707418984477642
"DHS114-Hermosa Beach, Los Angeles",DHS114,2021-09-16,10.0,10.0,10.0,1,33.8715,-118.407,0.8753333333333333,1.7510000000000001,18.241666666666667,0.0,0.0,0.0,0.0,0.0,0.0,17.6,24.0,250,,,9,259,3,-0.9671667297977312,-0.2541427094613622
"DHS114-Hermosa Beach, Los Angeles",DHS114,2021-09-20,10.0,10.0,10.0,4,33.8715,-118.407,0.9234166666666667,1.8339999999999999,16.5,0.0,0.0,0.0,0.0,0.0,0.0,19.5,15.5,206,,,9,263,0,-0.9823516608469237,-0.18704334906991657
"DHS114-Hermosa Beach, Los Angeles",DHS114,2021-09-27,10.0,10.0,10.0,7,33.8715,-118.407,0.9011666666666667,0.9839999999999999,17.349999999999998,0.1,0.1,0.1,0.1,0.04139268515822508,0.04139268515822508,17.4,19.3,247,,,9,270,0,-0.9977068927101168,-0.06768276175455162
"DHS114-Hermosa Beach, Los Angeles",DHS114,2021-10-04,10.0,10.0,10.0,7,33.8715,-118.407,0.8900416666666667,1.698,17.595833333333335,0.0,0.0,0.0,0.0,0.0,0.0,21.4,27.9,257,0.58,12.3,10,277,0,-0.9986126020839734,0.052658056924614005
"DHS114-Hermosa Beach, Los Angeles",DHS114,2021-10-12,10.0,10.0,10.0,8,33.8715,-118.407,0.86875,1.534,18.658333333333335,0.0,0.0,0.0,0.9999999999999999,0.0,0.0,15.9,33.4,309,2.52,8.85,10,285,1,-0.981947190186646,0.18915526872004093
"DHS114-Hermosa Beach, Los Angeles",DHS114,2021-10-18,10.0,10.0,10.0,6,33.8715,-118.407,0.8897916666666666,1.53,18.566666666666666,1.7,1.7,1.7,1.7,0.43136376415898736,0.43136376415898736,15.7,24.8,245,1.06,9.7,10,291,0,-0.957232443323312,0.2893199776186952
"DHS114-Hermosa Beach, Los Angeles",DHS114,2021-10-25,10.0,10.0,10.0,7,33.8715,-118.407,0.8869166666666667,1.3559999999999999,18.091666666666665,9.8,9.8,9.8,9.8,1.0334237554869496,1.0334237554869496,15.5,31.9,228,1.82,10.05,10,298,0,-0.9155458729775467,0.40221356823680365
"DHS114-Hermosa Beach, Los Angeles",DHS114,2021-11-01,10.0,10.0,10.0,7,33.8715,-118.407,0.848875,1.412,18.295833333333334,0.0,0.0,0.0,0.0,0.0,0.0,14.7,20.3,279,0.56,11.95,11,305,0,-0.8605996962501181,0.5092820071573356
"DHS114-Hermosa Beach, Los Angeles",DHS114,2021-11-08,10.0,10.0,10.0,7,33.8715,-118.407,0.884125,2.142,17.545833333333334,0.0,0.0,0.0,0.0,0.0,0.0,15.6,14.4,85,0.96,12.0,11,312,0,-0.7931896839451843,0.6089746507720486
"DHS114-Hermosa Beach, Los Angeles",DHS114,2021-11-15,10.0,10.0,10.0,7,33.8715,-118.407,0.8515833333333332,1.418,16.754166666666666,0.0,0.0,0.0,0.1,0.0,0.0,16.4,16.1,346,0.66,12.95,11,319,0,-0.7142921172691032,0.699847677146407
"DHS114-Hermosa Beach, Los Angeles",DHS114,2021-11-17,20.0,11.487,10.0,2,33.8715,-118.407,0.8699166666666667,1.718,16.7375,0.0,0.0,0.0,0.0,0.0,0.0,14.3,18.0,291,0.8,10.55,11,321,2,-0.6897960046655887,0.7240037789593305
"DHS114-Hermosa Beach, Los Angeles",DHS114,2021-11-18,10.0,11.225,20.0,1,33.8715,-118.407,0.874875,1.824,17.404166666666665,0.0,0.0,0.0,0.0,0.0,0.0,14.1,17.3,281,0.72,10.95,11,322,3,-0.6772399381909491,0.7357622347736525
"DHS114-Hermosa Beach, Los Angeles",DHS114,2021-11-22,10.0,11.041,10.0,4,33.8715,-118.407,0.8704166666666667,1.702,16.654166666666665,0.0,0.0,0.0,0.0,0.0,0.0,18.1,19.5,343,0.38,11.2,11,326,0,-0.6250496486104377,0.7805849965070866
"DHS114-Hermosa Beach, Los Angeles",DHS114,2021-11-29,10.0,11.041,10.0,7,33.8715,-118.407,0.8141666666666666,1.216,16.983333333333334,0.0,0.0,0.0,0.0,0.0,0.0,14.8,14.0,352,0.64,11.8,11,333,0,-0.5267547528105542,0.8500173118187018
"DHS114-Hermosa Beach, Los Angeles",DHS114,2021-12-06,10.0,11.041,10.0,7,33.8715,-118.407,0.8772083333333334,2.529,15.691666666666668,,,,0.0,,,,,,0.76,8.45,12,340,0,-0.42083100859565564,0.9071390534005044
"DHS114-Hermosa Beach, Los Angeles",DHS114,2021-12-13,10.0,11.041,10.0,7,33.8715,-118.407,0.8153333333333334,1.214,15.908333333333333,,,,,,,,,,0.78,12.9,12,347,0,-0.30881248126625377,0.9511229423235357
"DHS114-Hermosa Beach, Los Angeles",DHS114,2021-12-20,10.0,10.0,10.0,7,33.8715,-118.407,0.8522083333333333,1.948,15.283333333333333,,,,,,,,,,0.46,13.4,12,354,0,-0.19232150523909483,0.9813319716704275
"DHS114-Hermosa Beach, Los Angeles",DHS114,2021-12-27,20.0,11.487,10.0,7,33.8715,-118.407,0.7894583333333333,1.0659999999999998,15.016666666666666,,,,,,,,,,1.58,7.1,12,361,0,-0.07304518821104743,0.9973286321364752
"DHS114-Hermosa Beach, Los Angeles",DHS114,2022-01-03,10.0,11.487,20.0,7,33.8715,-118.407,0.8604583333333333,2.6559999999999997,15.120833333333332,,,,,,,,,,0.6,12.9,1,3,0,0.051584366869408364,0.9986686402879997
"DHS114-Hermosa Beach, Los Angeles",DHS114,2022-01-10,10.0,11.487,10.0,7,33.8715,-118.407,0.7829583333333333,0.997,14.908333333333333,,,,,,,,,,0.64,11.8,1,10,0,0.17117705961019986,0.985240282501282
"DHS114-Hermosa Beach, Los Angeles",DHS114,2022-01-18,10.0,11.487,10.0,8,33.8715,-118.407,0.8262916666666666,2.022,15.595833333333333,,,,,,,,,,0.84,13.45,1,18,1,0.3047192331091634,0.9524422234305676
"DHS114-Hermosa Beach, Los Angeles",DHS114,2022-01-24,10.0,11.487,10.0,6,33.8715,-118.407,0.7679999999999999,1.062,14.770833333333334,,,,,,,,,,0.96,16.0,1,24,0,0.4012289854475009,0.9159777842484877
"DHS114-Hermosa Beach, Los Angeles",DHS114,2022-01-31,10.0,10.0,10.0,7,33.8715,-118.407,0.8282916666666668,2.617,15.533333333333333,,,,,,,,,,0.84,10.9,1,31,0,0.5083564379375122,0.8611467540480452
"DHS114-Hermosa Beach, Los Angeles",DHS114,2022-02-07,10.0,10.0,10.0,7,33.8715,-118.407,0.7563333333333334,0.946,14.858333333333334,,,,,,,,,,0.68,13.25,2,38,0,0.6081214998935418,0.7938439653781019
"DHS114-Hermosa Beach, Los Angeles",DHS114,2022-02-14,10.0,10.0,10.0,7,33.8715,-118.407,0.7962083333333334,1.9080000000000001,15.166666666666666,,,,,,,,,,0.82,11.85,2,45,0,0.6990793005655562,0.7150441465537444
"DHS114-Hermosa Beach, Los Angeles",DHS114,2022-02-22,10.0,10.0,10.0,8,33.8715,-118.407,0.7428750000000001,1.107,15.200000000000001,,,,,,,,,,1.36,7.6,2,53,1,0.7905633969115482,0.612380204990065
"DHS114-Hermosa Beach, Los Angeles",DHS114,2022-02-28,10.0,10.0,10.0,6,33.8715,-118.407,0.7892083333333333,2.313,14.729166666666666,,,,,,,,,,1.04,14.15,2,59,0,0.8494504794814806,0.527668345562516
"DHS114-Hermosa Beach, Los Angeles",DHS114,2022-03-07,10.0,10.0,10.0,7,33.8715,-118.407,0.7399999999999999,1.129,15.054166666666667,,,,,,,,,,,,3,66,0,0.9066860720977985,0.4218060770826634
"DHS114-Hermosa Beach, Los Angeles",DHS114,2022-03-14,10.0,10.0,10.0,7,33.8715,-118.407,0.7647916666666666,1.614,15.620833333333332,,,,,,,,,,,,3,73,0,0.9507903724625832,0.3098349038318025
"DHS114-Hermosa Beach, Los Angeles",DHS114,2022-03-21,10.0,10.0,10.0,7,33.8715,-118.407,0.739375,1.572,15.0875,,,,,,,,,,,,3,80,0,0.981124629771712,0.19337647441020586
"DHS114-Hermosa Beach, Los Angeles",DHS114,2022-03-28,10.0,10.0,10.0,7,33.8715,-118.407,0.7604166666666666,1.898,14.958333333333334,,,,,,,,,,,,3,87,0,0.9972495210773451,0.07411742515094437
"DHS114-Hermosa Beach, Los Angeles",DHS114,2022-03-29,134.0,15.412,10.0,1,33.8715,-118.407,0.7632916666666666,1.9089999999999998,15.329166666666666,,,,,,,,,,,,3,88,1,0.998376906467142,0.056952196034039754
"DHS114-Hermosa Beach, Los Angeles",DHS114,2022-04-04,10.0,15.412,134.0,6,33.8715,-118.407,0.73975,1.55,16.183333333333334,,,,,,,,,,,,4,94,0,0.9989315138848577,-0.046215046983708354
"DHS114-Hermosa Beach, Los Angeles",DHS114,2022-04-11,30.0,18.508,10.0,7,33.8715,-118.407,0.7507083333333333,1.259,17.1375,,,,,,,,,,,,4,101,0,0.986146248341595,-0.16587819893463143
"DHS114-Hermosa Beach, Los Angeles",DHS114,2022-04-18,10.0,18.508,30.0,7,33.8715,-118.407,0.7477083333333333,2.04,15.391666666666666,,,,,,,,,,,,4,108,0,0.9590788900341131,-0.28313898122818354
"DHS114-Hermosa Beach, Los Angeles",DHS114,2022-04-25,10.0,18.508,10.0,7,33.8715,-118.407,0.7574166666666667,1.508,13.895833333333334,,,,,,,,,,,,4,115,0,0.9181214482844365,-0.39629913726891813
"DHS114-Hermosa Beach, Los Angeles",DHS114,2022-05-02,10.0,12.457,10.0,7,33.8715,-118.407,0.7600416666666666,1.843,16.045833333333334,,,,,,,,,,,,5,122,0,0.8638670987837349,-0.503719798736334
"DHS114-Hermosa Beach, Los Angeles",DHS114,2022-05-09,10.0,12.457,10.0,7,33.8715,-118.407,0.7677916666666667,0.997,17.816666666666666,,,,,,,,,,,,5,129,0,0.7971015927871943,-0.6038452208771035
"DHS114-Hermosa Beach, Los Angeles",DHS114,2022-05-16,20.0,11.487,10.0,7,33.8715,-118.407,0.7759166666666667,2.329,17.0625,,,,,,,,,,,,5,136,0,0.7187918772884232,-0.6952253139408723
"DHS114-Hermosa Beach, Los Angeles",DHS114,2022-05-23,10.0,11.487,20.0,7,33.8715,-118.407,0.78625,1.289,17.875,,,,,,,,,,,,5,143,0,0.6300720909843687,-0.7765366444428655
"DHS114-Hermosa Beach, Los Angeles",DHS114,2022-06-06,10.0,11.892,10.0,14,33.8715,-118.407,0.8147916666666667,1.106,20.345833333333335,0.0,0.0,0.0,0.0,0.0,0.0,19.7,24.0,201,,,6,157,0,0.42667408318992467,-0.9044054548343001
"DHS114-Hermosa Beach, Los Angeles",DHS114,2022-06-13,10.0,11.892,10.0,7,33.8715,-118.407,0.8157916666666667,2.371,19.241666666666667,0.1,0.1,0.1,0.1,0.04139268515822508,0.04139268515822508,19.9,25.8,173,,,6,164,0,0.31494162072895193,-0.9491110448902284
"DHS114-Hermosa Beach, Los Angeles",DHS114,2022-06-21,20.0,11.892,10.0,8,33.8715,-118.407,0.8379583333333334,1.184,21.208333333333332,0.0,0.0,0.0,0.0,0.0,0.0,20.3,19.1,209,,,6,172,1,0.18175978759137534,-0.9833429613388902
"DHS114-Hermosa Beach, Los Angeles",DHS114,2022-06-27,10.0,11.892,20.0,6,33.8715,-118.407,0.8471666666666667,1.907,16.3875,0.0,0.0,0.0,5.6,0.0,0.0,20.0,23.7,247,,,6,178,0,0.07947729992362097,-0.9968366760893436
"DHS114-Hermosa Beach, Los Angeles",DHS114,2022-07-05,10.0,11.487,10.0,8,33.8715,-118.407,0.8755416666666666,1.1260000000000001,19.4875,0.0,0.0,0.0,0.0,0.0,0.0,19.4,32.1,249,,,7,186,1,-0.05802556932878035,-0.9983150972033183
"DHS114-Hermosa Beach, Los Angeles",DHS114,2022-07-11,10.0,11.487,10.0,6,33.8715,-118.407,0.8537916666666666,2.18,17.820833333333333,0.0,0.0,0.0,0.0,0.0,0.0,18.8,25.1,231,,,7,192,0,-0.16057454459499376,-0.9870237158387383
"DHS114-Hermosa Beach, Los Angeles",DHS114,2022-07-18,10.0,11.487,10.0,7,33.8715,-118.407,0.9005,1.526,18.058333333333334,0.0,0.0,0.0,0.0,0.0,0.0,21.3,25.1,240,,,7,199,0,-0.2779791393987801,-0.9605871111248129
"DHS114-Hermosa Beach, Los Angeles",DHS114,2022-07-25,10.0,10.0,10.0,7,33.8715,-118.407,0.8842083333333334,1.731,21.091666666666665,0.0,0.0,0.0,0.0,0.0,0.0,20.2,25.7,244,,,7,206,0,-0.3913578365610259,-0.9202385798054075
"DHS114-Hermosa Beach, Los Angeles",DHS114,2022-08-01,10.0,10.0,10.0,7,33.8715,-118.407,0.9214166666666667,1.573,21.891666666666666,0.0,0.6,0.6,0.6,0.0,0.2041199826559248,21.6,26.3,254,,,8,213,0,-0.4990686026885319,-0.8665624788845385
"DHS114-Hermosa Beach, Los Angeles",DHS114,2022-09-19,10.0,10.0,10.0,49,33.8715,-118.407,0.88625,1.087,21.25,,,,,,,,,,0.92,12.1,9,262,0,-0.9789888737409319,-0.20391367068311472
"DHS114-Hermosa Beach, Los Angeles",DHS114,2022-09-26,10.0,10.0,10.0,7,33.8715,-118.407,0.9281666666666667,1.495,20.141666666666666,,,,,,,,,,0.92,8.5,9,269,0,-0.9963950238187231,-0.08483487790576538
"DHS114-Hermosa Beach, Los Angeles",DHS114,2022-10-03,10.0,10.0,10.0,7,33.8715,-118.407,0.8665416666666667,1.466,18.583333333333332,,,,,,,,,,0.8,9.55,10,276,0,-0.9993706508539969,0.03547255575312556
"DHS114-Hermosa Beach, Los Angeles",DHS114,2022-10-11,10.0,10.0,10.0,8,33.8715,-118.407,0.9252916666666667,1.732,18.879166666666666,,,,,,,,,,0.58,12.15,10,284,1,-0.9850556718215013,0.172236243027682
"DHS114-Hermosa Beach, Los Angeles",DHS114,2022-10-17,10.0,10.0,10.0,6,33.8715,-118.407,0.8665416666666667,0.966,19.195833333333333,,,,,,,,,,0.58,9.75,10,290,0,-0.9620675724981452,0.27281126433401914
"DHS114-Hermosa Beach, Los Angeles",DHS114,2022-10-24,10.0,10.0,10.0,7,33.8715,-118.407,0.8940416666666667,1.685,20.054166666666667,,,,,,,,,,1.1,10.75,10,297,0,-0.9223291176290545,0.3864052261209853
"DHS114-Hermosa Beach, Los Angeles",DHS114,2022-10-31,20.0,11.487,10.0,7,33.8715,-118.407,0.8485,1.5699999999999998,19.475,,,,,,,,,,0.82,8.55,10,304,0,-0.8692328164574792,0.4944029842076182
"DHS114-Hermosa Beach, Los Angeles",DHS114,2022-11-07,10.0,11.487,20.0,7,33.8715,-118.407,0.8886249999999999,1.923,17.183333333333334,,,,,,,,,,0.72,10.5,11,311,0,-0.8035476485339116,0.5952404359043674
"DHS114-Hermosa Beach, Los Angeles",DHS114,2022-11-14,10.0,11.487,10.0,7,33.8715,-118.407,0.8503333333333334,1.209,17.0125,,,,,,,,,,0.8,12.15,11,318,0,-0.7262249146041543,0.6874571793269664
"DHS114-Hermosa Beach, Los Angeles",DHS114,2022-11-21,10.0,11.487,10.0,7,33.8715,-118.407,0.8521666666666667,1.718,16.912499999999998,,,,,,,,,,0.7,13.35,11,325,0,-0.6383844591746642,0.769717664006921
"DHS114-Hermosa Beach, Los Angeles",DHS114,2022-11-28,10.0,11.487,10.0,7,33.8715,-118.407,0.8383333333333334,1.927,15.641666666666666,0.4,0.4,0.4,0.4,0.146128035678238,0.146128035678238,13.6,17.7,104,0.78,9.75,11,332,0,-0.5412984521036173,0.8408305333122887
"DHS114-Hermosa Beach, Los Angeles",DHS114,2022-12-05,31.0,12.539,10.0,7,33.8715,-118.407,0.8524583333333333,1.9220000000000002,15.333333333333334,0.8,4.8,4.8,11.8,0.25527250510330607,0.7634279935629372,13.6,18.6,270,0.98,10.3,12,339,0,-0.4363729641045924,0.8997658785476209
"DHS114-Hermosa Beach, Los Angeles",DHS114,2022-12-12,52.0,17.437,31.0,7,33.8715,-118.407,0.839,1.5739999999999998,14.262500000000001,10.0,34.7,35.300000000000004,35.300000000000004,1.0413926851582251,1.5526682161121932,8.7,17.8,69,1.62,8.75,12,346,0,-0.3251276029999093,0.9456701548465688
"DHS114-Hermosa Beach, Los Angeles",DHS114,2023-02-06,10.0,10.0,52.0,56,33.8715,-118.407,0.8003333333333332,1.9180000000000001,14.170833333333334,0.0,0.4,0.4,0.4,0.0,0.146128035678238,13.5,30.7,337,2.02,9.9,2,37,0,0.5943761565849831,0.804187157621448
"DHS114-Hermosa Beach, Los Angeles",DHS114,2023-02-13,10.0,10.0,10.0,7,33.8715,-118.407,0.755,1.053,13.875,0.0,0.6,0.6,0.6,0.0,0.2041199826559248,11.1,17.7,96,1.08,9.0,2,44,0,0.6866759803451553,0.726963615332308
"DHS114-Hermosa Beach, Los Angeles",DHS114,2023-02-21,10.0,10.0,10.0,8,33.8715,-118.407,0.7869583333333333,2.275,13.6875,1.0,1.0,1.0,1.1,0.3010299956639812,0.3010299956639812,12.5,51.5,232,3.02,11.15,2,52,1,0.7799125224167177,0.6258885343075018
"DHS114-Hermosa Beach, Los Angeles",DHS114,2023-03-06,10.0,10.0,10.0,13,33.8715,-118.407,0.772625,1.778,13.808333333333332,0.8,2.1,2.6,25.4,0.25527250510330607,0.4913616938342727,11.2,25.1,265,0.9,10.45,3,65,0,0.8992961915530253,0.4373400963303323
"DHS114-Hermosa Beach, Los Angeles",DHS114,2023-03-20,10.0,10.0,10.0,14,33.8715,-118.407,0.7701250000000001,2.126,14.558333333333332,0.6,4.8999999999999995,4.8999999999999995,81.2,0.2041199826559248,0.7708520116421441,13.1,23.9,241,0.94,7.4,3,79,0,0.9776530844816641,0.2102247521189836
"DHS114-Hermosa Beach, Los Angeles",DHS114,2023-04-03,10.0,10.0,10.0,14,33.8715,-118.407,0.7544166666666666,1.473,15.308333333333332,0.1,0.1,0.1,27.3,0.04139268515822508,0.04139268515822508,11.8,50.3,285,2.5,7.7,4,93,0,0.9995786855478958,-0.029025013321975237
"DHS114-Hermosa Beach, Los Angeles",DHS114,2023-04-17,10.0,10.0,10.0,14,33.8715,-118.407,0.7573333333333333,1.675,13.9625,0.0,0.0,0.0,2.2,0.0,0.0,13.1,23.2,223,1.0,9.0,4,107,0,0.9638074231367307,-0.26659942067929354
"DHS114-Hermosa Beach, Los Angeles",DHS114,2023-04-24,10.0,10.0,10.0,7,33.8715,-118.407,0.747125,1.578,15.804166666666667,0.0,0.0,0.0,0.0,0.0,0.0,15.6,25.9,222,0.94,9.4,4,114,0,0.9248025743285089,-0.38044736628785164
"DHS114-Hermosa Beach, Los Angeles",DHS114,2023-05-01,10.0,10.0,10.0,7,33.8715,-118.407,0.7611249999999999,1.123,14.820833333333333,0.4,0.4,0.4,0.4,0.146128035678238,0.146128035678238,14.2,23.8,228,1.2,8.55,5,121,0,0.8724040568049612,-0.48878539428899265
"DHS114-Hermosa Beach, Los Angeles",DHS114,2023-05-08,10.0,10.0,10.0,7,33.8715,-118.407,0.7629166666666666,2.073,16.9375,0.0,0.0,0.0,9.7,0.0,0.0,15.2,28.8,246,0.8,11.8,5,128,0,0.8073707443023492,-0.5900444739548627
"DHS114-Hermosa Beach, Los Angeles",DHS114,2023-05-15,10.0,10.0,10.0,7,33.8715,-118.407,0.7746666666666666,1.4080000000000001,17.42083333333333,0.0,0.0,0.0,0.2,0.0,0.0,16.2,24.5,252,1.06,14.65,5,135,0,0.7306444969184916,-0.6827580970759147
"DHS114-Hermosa Beach, Los Angeles",DHS114,2023-05-22,10.0,10.0,10.0,7,33.8715,-118.407,0.7872500000000001,1.893,17.1875,0.0,0.0,0.0,0.0,0.0,0.0,16.9,23.5,242,0.72,10.2,5,142,0,0.6433365204044917,-0.765583517007675
"DHS114-Hermosa Beach, Los Angeles",DHS114,2023-06-05,10.0,10.0,10.0,14,33.8715,-118.407,0.8105416666666666,2.402,16.1875,,,,,,,,,,0.72,11.9,6,156,0,0.44216815196707204,-0.8969321743510065
"DHS114-Hermosa Beach, Los Angeles",DHS114,2023-06-12,10.0,10.0,10.0,7,33.8715,-118.407,0.8176666666666667,1.211,16.204166666666666,,,,,,,,,,0.58,10.15,6,163,0,0.3312212278016865,-0.9435531242349544
"DHS114-Hermosa Beach, Los Angeles",DHS114,2023-06-20,10.0,10.0,10.0,8,33.8715,-118.407,0.8429583333333333,1.932,16.48333333333333,,,,,,,,,,0.94,9.25,6,171,1,0.19864794288017112,-0.9800709131432666
"DHS114-Hermosa Beach, Los Angeles",DHS114,2023-06-26,10.0,10.0,10.0,6,33.8715,-118.407,0.85275,0.8969999999999999,18.016666666666666,,,,,,,,,,0.9,7.7,6,177,0,0.0966127018812031,-0.9953220513156602
"DHS114-Hermosa Beach, Los Angeles",DHS114,2023-07-05,10.0,10.0,10.0,9,33.8715,-118.407,0.8825,2.512,15.8125,,,,,,,,,,0.86,9.9,7,186,2,-0.05802556932878035,-0.9983150972033183
"DHS114-Hermosa Beach, Los Angeles",DHS114,2023-07-10,10.0,10.0,10.0,5,33.8715,-118.407,0.8692916666666667,1.194,19.087500000000002,,,,,,,,,,0.96,8.45,7,191,0,-0.1435724234118113,-0.9896398128792412
"DHS114-Hermosa Beach, Los Angeles",DHS114,2023-07-17,10.0,10.0,10.0,7,33.8715,-118.407,0.88475,2.039,21.325,,,,,,,,,,0.58,10.5,7,198,0,-0.2614143985111562,-0.965226663665613
"DHS114-Hermosa Beach, Los Angeles",DHS114,2023-07-24,10.0,10.0,10.0,7,33.8715,-118.407,0.9045,0.9099999999999999,20.020833333333332,,,,,,,,,,0.62,10.25,7,205,0,-0.3754703786876202,-0.9268343944460494
"DHS114-Hermosa Beach, Los Angeles",DHS114,2023-07-31,10.0,10.0,10.0,7,33.8715,-118.407,0.8852083333333334,2.417,21.712500000000002,,,,,,,,,,0.92,10.45,7,212,0,-0.48408852163897587,-0.8750190302029955
"DHS114-Hermosa Beach, Los Angeles",DHS114,2023-08-07,10.0,10.0,10.0,7,33.8715,-118.407,0.911625,1.156,21.633333333333336,,,,,,,,,,0.72,11.4,8,219,0,-0.5856957398073508,-0.8105309990194823
"DHS114-Hermosa Beach, Los Angeles",DHS114,2023-08-14,10.0,10.0,10.0,7,33.8715,-118.407,0.9060416666666667,1.8800000000000001,19.370833333333334,,,,,,,,,,0.84,11.8,8,226,0,-0.6788204829862357,-0.734304263829602
"DHS114-Hermosa Beach, Los Angeles",DHS114,2023-08-28,10.0,10.0,10.0,14,33.8715,-118.407,0.8850416666666666,2.118,17.991666666666667,0.0,0.0,0.0,0.0,0.0,0.0,20.8,17.2,266,0.8,8.5,8,240,0,-0.8343701235229537,-0.5512045872199277
"DHS114-Hermosa Beach, Los Angeles",DHS114,2023-09-05,10.0,10.0,10.0,8,33.8715,-118.407,0.91525,1.327,20.125,0.0,0.1,0.6,28.200000000000003,0.0,0.04139268515822508,19.6,16.6,210,0.82,11.6,9,248,1,-0.9020987014301837,-0.4315297589714715
"DHS114-Hermosa Beach, Los Angeles",DHS114,2023-09-11,10.0,10.0,10.0,6,33.8715,-118.407,0.898375,1.616,19.320833333333333,0.0,1.8,1.8,1.8,0.0,0.4471580313422192,22.8,23.2,239,0.9,8.95,9,254,0,-0.9417589340994617,-0.33628873017668287
"DHS114-Hermosa Beach, Los Angeles",DHS114,2023-09-18,10.0,10.0,10.0,7,33.8715,-118.407,0.9359583333333333,1.29,20.679166666666667,0.0,0.0,0.0,0.0,0.0,0.0,19.5,20.0,244,0.56,8.7,9,261,0,-0.9753363880767837,-0.2207236509605022
"DHS114-Hermosa Beach, Los Angeles",DHS114,2023-09-25,10.0,10.0,10.0,7,33.8715,-118.407,0.8653333333333334,1.742,17.066666666666666,0.0,0.0,0.0,1.5,0.0,0.0,18.3,26.9,260,0.62,8.5,9,268,0,-0.994788305609327,-0.10196189005174576
"DHS114-Hermosa Beach, Los Angeles",DHS114,2023-10-02,10.0,10.0,10.0,7,33.8715,-118.407,0.9329999999999999,1.848,19.766666666666666,0.0,1.3,6.8999999999999995,6.8999999999999995,0.0,0.36172783601759284,16.3,23.0,269,0.7,9.25,10,275,0,-0.999832969770105,0.018276557681691223
"DHS114-Hermosa Beach, Los Angeles",DHS114,2023-10-10,41.0,13.26,10.0,8,33.8715,-118.407,0.876375,1.356,16.44782608695652,0.0,0.0,0.0,0.0,0.0,0.0,18.5,21.8,195,0.92,8.85,10,283,1,-0.9878726596350429,0.15526624985999563
"DHS114-Hermosa Beach, Los Angeles",DHS114,2023-10-16,10.0,13.26,41.0,6,33.8715,-118.407,0.9174583333333333,1.6529999999999998,17.891666666666666,0.0,0.0,0.0,0.1,0.0,0.0,18.4,16.2,189,1.04,10.95,10,289,0,-0.9666180104000972,0.2562218218071163
"DHS114-Hermosa Beach, Los Angeles",DHS114,2023-10-23,10.0,13.26,10.0,7,33.8715,-118.407,0.8389166666666666,1.413,19.712500000000002,1.0,1.0,1.0,1.0,0.3010299956639812,0.3010299956639812,18.7,20.6,256,1.52,8.3,10,296,0,-0.9288394302558068,0.3704825404820963
"DHS114-Hermosa Beach, Los Angeles",DHS114,2023-10-30,10.0,13.26,10.0,7,33.8715,-118.407,0.9130416666666666,2.165,17.220833333333335,0.0,0.0,0.0,0.9,0.0,0.0,16.4,14.2,42,0.68,,10,303,0,-0.8776087166898392,0.4793776594606945
"DHS114-Hermosa Beach, Los Angeles",DHS114,2023-11-06,52.0,18.44,10.0,7,33.8715,-118.407,0.8399166666666668,1.046,15.845833333333333,0.0,0.0,0.0,0.0,0.0,0.0,16.4,19.7,237,1.0,9.25,11,310,0,-0.8136678304455991,0.5813300798152042
"DHS114-Hermosa Beach, Los Angeles",DHS114,2023-11-13,20.0,15.974,52.0,7,33.8715,-118.407,0.8893333333333334,2.015,16.175,0.0,0.0,0.0,0.3,0.0,0.0,16.4,14.5,79,0.68,12.95,11,317,0,-0.7379428103031386,0.6748632518680403
"DHS114-Hermosa Beach, Los Angeles",DHS114,2023-11-20,20.0,18.349,20.0,7,33.8715,-118.407,0.8155416666666667,1.371,17.408333333333335,0.0,0.2,11.7,31.4,0.0,0.07918124604762482,14.0,15.7,2,1.32,10.85,11,324,0,-0.6515303615068021,0.75862255966641
"DHS114-Hermosa Beach, Los Angeles",DHS114,2023-11-27,10.0,18.349,20.0,7,33.8715,-118.407,0.8837083333333333,2.319,16.8,,,,0.0,,,,,,0.94,15.25,11,331,0,-0.5556819724760489,0.8313949395234058
"DHS114-Hermosa Beach, Los Angeles",DHS114,2023-12-04,10.0,18.349,10.0,7,33.8715,-118.407,0.8180833333333334,0.968,16.654166666666665,,,,,,,,,,0.76,10.85,12,338,0,-0.451785789832884,0.8921264484954345
"DHS114-Hermosa Beach, Los Angeles",DHS114,2023-12-11,10.0,13.195,10.0,7,33.8715,-118.407,0.8565416666666666,2.087,16.616666666666667,,,,,,,,,,0.72,11.7,12,345,0,-0.34134651424503615,0.9399375283564133
"DHS114-Hermosa Beach, Los Angeles",DHS114,2023-12-18,10.0,11.487,10.0,7,33.8715,-118.407,0.7996249999999999,1.5510000000000002,16.64166666666667,,,,,,,,,,2.12,13.3,12,352,0,-0.22596360824801906,0.974135744004672
"DHS114-Hermosa Beach, Los Angeles",DHS114,2023-12-26,10.0,10.0,10.0,8,33.8715,-118.407,0.8547916666666667,2.273,17.0625,,,,,,,,,,1.24,14.15,12,360,1,-0.09019000427034513,0.9959245770286599
"DHS114-Hermosa Beach, Los Angeles",DHS114,2024-01-02,10.0,10.0,10.0,7,33.8715,-118.407,0.79575,0.948,16.454166666666666,,,,,,,,,,1.08,10.95,1,2,1,0.03439806061360801,0.9994082116062598
"DHS114-Hermosa Beach, Los Angeles",DHS114,2024-01-08,20.0,11.487,10.0,6,33.8715,-118.407,0.8213333333333334,1.974,15.333333333333334,,,,,,,,,,1.46,10.45,1,8,0,0.13718540405660057,0.9905453876091833
"DHS114-Hermosa Beach, Los Angeles",DHS114,2024-01-14,10.0,11.487,20.0,6,33.8715,-118.407,0.8107083333333334,2.211,14.3125,,,,,,,,,,0.84,9.8,1,14,6,0.23851257519407648,0.9711394088771653
"DHS114-Hermosa Beach, Los Angeles",DHS114,2024-01-29,10.0,11.892,10.0,15,33.8715,-118.407,0.7876666666666666,1.468,15.429166666666667,,,,,,,,,,1.32,13.0,1,29,0,0.4784338202547012,0.8781236129591848
"DHS114-Hermosa Beach, Los Angeles",DHS114,2024-02-12,10.0,10.0,10.0,14,33.8715,-118.407,0.7777916666666665,1.9949999999999999,15.145833333333334,,,,,,,,,,0.78,13.45,2,43,0,0.6740694616546162,0.7386679638813748
"DHS114-Hermosa Beach, Los Angeles",DHS114,2024-02-26,10.0,10.0,10.0,14,33.8715,-118.407,0.7676666666666666,1.507,15.258333333333333,,,,,,,,,,0.72,12.0,2,57,0,0.8307970168121247,0.5565755266413303
"DHS114-Hermosa Beach, Los Angeles",DHS114,2024-03-11,10.0,10.0,10.0,14,33.8715,-118.407,0.7639583333333334,1.871,16.379166666666666,,,,,,,,,,1.04,11.3,3,71,0,0.9395699859530622,0.342356891994542
"DHS114-Hermosa Beach, Los Angeles",DHS114,2024-03-18,10.0,10.0,10.0,7,33.8715,-118.407,0.7528333333333334,1.381,16.179166666666667,,,,,,,,,,0.72,12.85,3,78,0,0.9738922359149924,0.22701082094141847
"DHS114-Hermosa Beach, Los Angeles",DHS114,2024-03-26,10.0,10.0,10.0,8,33.8715,-118.407,0.7480416666666666,1.3800000000000001,15.85,,,,,,,,,,1.46,9.0,3,86,1,0.9958270335100595,0.09126072172931188
"DHS114-Hermosa Beach, Los Angeles",DHS114,2024-04-01,20.0,11.892,10.0,6,33.8715,-118.407,0.7386666666666667,1.249,14.450000000000001,,,,,,,,,,1.22,8.95,4,92,0,0.9999300657962057,-0.011826390691832589
"DHS114-Hermosa Beach, Los Angeles",DHS114,2024-04-08,10.0,11.487,20.0,7,33.8715,-118.407,0.7548333333333334,1.861,15.320833333333333,,,,,,,,,,1.1,7.65,4,99,0,0.9912685467787256,-0.13185851571739118
"DHS114-Hermosa Beach, Los Angeles",DHS114,2024-04-15,10.0,11.487,10.0,7,33.8715,-118.407,0.7451249999999999,1.232,15.708695652173914,,,,,,,,,,1.22,8.3,4,106,0,0.9682507501166718,-0.2499809690726521
"DHS114-Hermosa Beach, Los Angeles",DHS114,2024-04-22,10.0,11.487,10.0,7,33.8715,-118.407,0.753375,1.4540000000000002,15.770833333333334,,,,,,,,,,0.76,10.6,4,113,0,0.9312100364121947,-0.3644830148102912
"DHS114-Hermosa Beach, Los Angeles",DHS114,2024-04-29,10.0,11.487,10.0,7,33.8715,-118.407,0.7533333333333333,1.5199999999999998,17.004166666666666,,,,,,,,,,1.2,8.9,4,120,0,0.8806828564301475,-0.47370635037968
"DHS114-Hermosa Beach, Los Angeles",DHS114,2024-05-06,10.0,10.0,10.0,7,33.8715,-118.407,0.7642916666666667,1.933,16.491666666666667,,,,,,,,,,1.24,8.9,5,127,0,0.8174009818249189,-0.5760691233798758
"DHS114-Hermosa Beach, Los Angeles",DHS114,2024-05-14,10.0,10.0,10.0,8,33.8715,-118.407,0.7742916666666666,1.205,17.295833333333334,,,,,,,,,,0.66,10.1,5,135,1,0.7306444969184916,-0.6827580970759147
"DHS114-Hermosa Beach, Los Angeles",DHS114,2024-05-20,10.0,10.0,10.0,6,33.8715,-118.407,0.7807083333333332,1.425,17.895833333333332,,,,,,,,,,0.86,12.25,5,141,0,0.6564105761979381,-0.7544038410927472
"DHS114-Hermosa Beach, Los Angeles",DHS114,2024-05-28,10.0,10.0,10.0,8,33.8715,-118.407,0.8013333333333333,1.7530000000000001,15.791666666666666,,,,,,,,,,0.62,8.3,5,149,1,0.5467112728685939,-0.8373211953118121
"DHS114-Hermosa Beach, Los Angeles",DHS114,2024-06-03,10.0,10.0,10.0,6,33.8715,-118.407,0.7979166666666666,1.834,17.541666666666668,,,,,,,,,,0.82,8.45,6,155,0,0.4575313760742512,-0.8891934772070711
"DHS114-Hermosa Beach, Los Angeles",DHS114,2024-06-10,10.0,10.0,10.0,7,33.8715,-118.407,0.8267916666666667,1.763,17.654166666666665,,,,,,,,,,0.86,12.35,6,162,0,0.3474028211842774,-0.9377159910299093
"DHS114-Hermosa Beach, Los Angeles",DHS114,2024-06-17,10.0,10.0,10.0,7,33.8715,-118.407,0.8273333333333334,1.238,18.095833333333335,,,,,,,,,,1.14,9.35,6,169,0,0.23224292400907015,-0.9726578145718654
"DHS114-Hermosa Beach, Los Angeles",DHS114,2024-06-24,10.0,10.0,10.0,7,33.8715,-118.407,0.8572083333333333,2.2359999999999998,15.954166666666666,,,,,,,,,,0.66,12.25,6,176,0,0.11371951458594969,-0.9935128947338007
"DHS114-Hermosa Beach, Los Angeles",DHS114,2024-07-01,10.0,10.0,10.0,7,33.8715,-118.407,0.8434583333333333,1.626,18.529166666666665,,,,,,,,,,0.76,8.8,7,183,0,-0.00645086419810515,-0.9999791929590823
"DHS114-Hermosa Beach, Los Angeles",DHS114,2024-07-08,10.0,10.0,10.0,7,33.8715,-118.407,0.8844166666666666,1.9689999999999999,21.587500000000002,,,,,,,,,,0.78,11.85,7,190,0,-0.12652781683868314,-0.9919630595773397
"DHS114-Hermosa Beach, Los Angeles",DHS114,2024-07-15,10.0,10.0,10.0,7,33.8715,-118.407,0.876375,0.978,17.858333333333334,,,,,,,,,,0.78,10.2,7,197,0,-0.24477230089725957,-0.9695805901076308
"DHS114-Hermosa Beach, Los Angeles",DHS114,2024-07-22,10.0,10.0,10.0,7,33.8715,-118.407,0.9053333333333332,2.4240000000000004,19.775000000000002,,,,,,,,,,0.98,8.7,7,204,0,-0.3594718130884232,-0.9331559438780432
"DHS114-Hermosa Beach, Los Angeles",DHS114,2024-07-29,10.0,10.0,10.0,7,33.8715,-118.407,0.8805000000000001,1.4340000000000002,18.037499999999998,,,,,,,,,,0.92,9.4,7,211,0,-0.46896519100763184,-0.8832166493127127
"DHS114-Hermosa Beach, Los Angeles",DHS114,2024-08-05,10.0,10.0,10.0,7,33.8715,-118.407,0.9203333333333333,1.989,15.095833333333333,,,,,,,,,,0.78,7.8,8,218,0,-0.5716666713027052,-0.8204859638785327
"DHS114-Hermosa Beach, Los Angeles",DHS114,2024-08-12,10.0,10.0,10.0,7,33.8715,-118.407,0.9100833333333332,0.8330000000000001,20.925,,,,,,,,,,0.64,10.0,8,225,0,-0.666088855860977,-0.7458723993404063
"DHS114-Hermosa Beach, Los Angeles",DHS114,2024-08-19,10.0,10.0,10.0,7,33.8715,-118.407,0.920125,2.3770000000000002,22.758333333333336,,,,,,,,,,0.8,8.45,8,232,0,-0.7508642533989489,-0.6604565640279754
"DHS114-Hermosa Beach, Los Angeles",DHS114,2024-08-27,10.0,10.0,10.0,8,33.8715,-118.407,0.8865833333333333,1.452,22.291666666666668,,,,,,,,,,0.58,8.6,8,240,1,-0.8343701235229537,-0.5512045872199277
"DHS114-Hermosa Beach, Los Angeles",DHS114,2024-09-03,10.0,10.0,10.0,7,33.8715,-118.407,0.9311250000000001,1.692,22.483333333333334,,,,,,,,,,0.58,8.85,9,247,1,-0.8945422369764496,-0.4469834295196742
"DHS114-Hermosa Beach, Los Angeles",DHS114,2024-09-09,10.0,10.0,10.0,6,33.8715,-118.407,0.9199166666666666,0.993,21.091666666666665,,,,,,,,,,1.12,7.3,9,253,0,-0.9358348973349941,-0.35243871088460327
"DHS114-Hermosa Beach, Los Angeles",DHS114,2024-09-16,30.0,12.457,10.0,7,33.8715,-118.407,0.8999166666666666,2.0909999999999997,22.7,,,,,,,,,,1.56,9.35,9,260,0,-0.97139528468375,-0.23746831555846842
"DHS114-Hermosa Beach, Los Angeles",DHS114,2024-09-23,10.0,12.457,30.0,7,33.8715,-118.407,0.8982916666666667,1.563,16.345833333333335,,,,,,,,,,0.64,9.35,9,267,0,-0.9928872135356962,-0.11905873003404988
"DHS114-Hermosa Beach, Los Angeles",DHS114,2024-09-30,10.0,12.457,10.0,7,33.8715,-118.407,0.9012916666666667,1.528,16.358333333333334,,,,,,,,,,0.78,8.9,9,274,0,-0.9999994220246925,0.001075151282798226
"DHS114-Hermosa Beach, Los Angeles",DHS114,2024-10-07,10.0,12.457,10.0,7,33.8715,-118.407,0.9104583333333333,1.3860000000000001,15.854166666666666,,,,,,,,,,0.42,12.25,10,281,0,-0.9926289059345095,0.12119346147073601
"DHS114-Hermosa Beach, Los Angeles",DHS114,2024-10-15,30.0,15.518,10.0,8,33.8715,-118.407,0.8795416666666666,1.7169999999999999,18.220833333333335,,,,,,,,,,0.9,11.75,10,289,1,-0.9666180104000972,0.2562218218071163
"DHS114-Hermosa Beach, Los Angeles",DHS114,2024-10-21,10.0,12.457,30.0,6,33.8715,-118.407,0.8927083333333333,1.95,17.754166666666666,,,,,,,,,,0.56,12.4,10,295,0,-0.9350748843515574,0.3544502230989869
"DHS114-Hermosa Beach, Los Angeles",DHS114,2024-10-28,20.0,14.31,10.0,7,33.8715,-118.407,0.8652083333333334,1.289,18.470833333333335,,,,,,,,,,1.84,9.15,10,302,0,-0.8857249183835637,0.4642104791518923
"DHS114-Hermosa Beach, Los Angeles",DHS114,2024-11-04,10.0,14.31,20.0,7,33.8715,-118.407,0.8927083333333333,1.756,16.866666666666667,,,,,,,,,,1.16,9.95,11,309,0,-0.8235472349556007,0.5672476988027229
"DHS114-Hermosa Beach, Los Angeles",DHS114,2024-11-12,31.0,17.943,10.0,8,33.8715,-118.407,0.8357083333333333,1.5350000000000001,16.370833333333334,,,,,,,,,,1.1,10.4,11,317,1,-0.7379428103031386,0.6748632518680403
"DHS114-Hermosa Beach, Los Angeles",DHS114,2024-11-18,10.0,14.404,31.0,6,33.8715,-118.407,0.884,2.309,15.262500000000001,0.0,0.0,0.0,0.0,0.0,0.0,13.1,19.1,12,1.16,8.45,11,323,0,-0.6644834655228552,0.7473029667054297
"DHS114-Hermosa Beach, Los Angeles",DHS114,2024-11-25,10.0,14.404,10.0,7,33.8715,-118.407,0.8286666666666668,1.113,14.758333333333333,0.0,0.1,1.9000000000000001,1.9000000000000001,0.0,0.04139268515822508,14.0,7.7,7,0.78,10.25,11,330,0,-0.5699010576127624,0.821713322596059
"DHS114-Hermosa Beach, Los Angeles",DHS114,2024-12-02,10.0,12.539,10.0,7,33.8715,-118.407,0.8733333333333334,2.015,15.3375,0.0,0.0,0.0,0.4,0.0,0.0,12.9,8.8,326,0.72,16.0,12,337,0,-0.46706492487743034,0.8842230238742036
"DHS114-Hermosa Beach, Los Angeles",DHS114,2024-12-09,10.0,12.539,10.0,7,33.8715,-118.407,0.7964166666666667,1.2550000000000001,14.275,0.0,0.0,0.0,0.0,0.0,0.0,12.5,7.9,39,0.84,12.95,12,344,0,-0.3574644155648614,0.9339267592294762
"DHS114-Hermosa Beach, Los Angeles",DHS114,2024-12-16,10.0,10.0,10.0,7,33.8715,-118.407,0.8682083333333334,2.4850000000000003,13.8125,0.0,0.0,0.0,0.6,0.0,0.0,11.7,8.6,317,1.14,10.55,12,351,0,-0.2426868445825954,0.9701046827361175
"DHS114-Hermosa Beach, Los Angeles",DHS114,2024-12-23,52.0,13.906,10.0,7,33.8715,-118.407,0.7988749999999999,0.9239999999999999,13.116666666666667,0.0,0.0,0.0,0.0,0.0,0.0,13.3,9.1,59,2.28,14.7,12,358,0,-0.12439450483979998,0.9922328391893008
"DHS114-Hermosa Beach, Los Angeles",DHS114,2024-12-30,10.0,13.906,52.0,7,33.8715,-118.407,0.8493749999999999,2.189,13.387500000000001,0.0,0.0,0.0,0.3,0.0,0.0,11.9,10.5,16,1.42,10.4,12,365,0,-0.004300592702981974,0.9999907524084426
"DHS114-Hermosa Beach, Los Angeles",DHS114,2025-01-06,10.0,13.906,10.0,7,33.8715,-118.407,0.775,1.2369999999999999,13.233333333333334,0.0,0.0,0.0,0.0,0.0,0.0,14.4,9.7,37,0.88,11.65,1,6,0,0.10303137904317879,0.9946781061893646
"DHS114-Hermosa Beach, Los Angeles",DHS114,2025-01-21,10.0,15.101,10.0,15,33.8715,-118.407,0.7770416666666667,0.8029999999999999,14.041666666666666,0.0,0.0,0.0,0.0,0.0,0.0,12.8,11.6,37,0.94,14.5,1,21,1,0.3534446712740877,0.9354554315134164
"DHS114-Hermosa Beach, Los Angeles",DHS114,2025-02-03,10.0,10.0,10.0,13,33.8715,-118.407,0.757,1.385,13.762500000000001,0.0,0.0,0.0,0.0,0.0,0.0,12.1,13.1,256,1.02,12.5,2,34,0,0.5521013427459208,0.8337770129585915
"DHS114-Hermosa Beach, Los Angeles",DHS114,2025-02-11,10.0,10.0,10.0,8,33.8715,-118.407,0.80425,2.184,14.129166666666668,0.0,0.1,0.1,28.3,0.0,0.04139268515822508,11.0,14.7,32,1.7,8.15,2,42,1,0.6612634749656386,0.7501537286959042
"DHS114-Hermosa Beach, Los Angeles",DHS114,2025-02-19,10.0,10.0,10.0,8,33.8715,-118.407,0.7547916666666666,0.8580000000000001,14.65,,,,37.5,,,,,,1.18,11.7,2,50,2,0.7579216274973472,0.6523456189565257
"DHS114-Hermosa Beach, Los Angeles",DHS114,2025-02-24,10.0,10.0,10.0,5,33.8715,-118.407,0.7785416666666666,1.85,15.083333333333334,,,,,,,,,,1.02,12.25,2,55,0,0.8111602420785621,0.5848239578463322
"DHS114-Hermosa Beach, Los Angeles",DHS114,2025-03-04,10.0,10.0,10.0,8,33.8715,-118.407,0.7371249999999999,1.551,14.391666666666666,,,,,,,,,,1.74,8.5,3,63,1,0.8837203473619977,0.4680153284438345
"DHS114-Hermosa Beach, Los Angeles",DHS114,2025-03-10,10.0,10.0,10.0,6,33.8715,-118.407,0.7732083333333333,1.8290000000000002,13.641666666666666,,,,,,,,,,0.62,13.85,3,69,0,0.9272375462179537,0.374473674486883
"DHS114-Hermosa Beach, Los Angeles",DHS114,2025-03-18,10.0,10.0,10.0,8,33.8715,-118.407,0.7416666666666667,1.2830000000000001,14.970833333333333,,,,,,,,,,1.84,9.75,3,77,1,0.969843196967294,0.24372971360968387
"DHS114-Hermosa Beach, Los Angeles",DHS114,2025-03-24,10.0,10.0,10.0,6,33.8715,-118.407,0.751375,1.471,15.145833333333334,,,,,,,,,,0.8,11.75,3,83,0,0.9897936029670716,0.14250832791617088
"DHS114-Hermosa Beach, Los Angeles",DHS114,2025-04-02,10.0,10.0,10.0,9,33.8715,-118.407,0.7343333333333333,1.911,13.825000000000001,,,,,,,,,,2.12,7.5,4,92,2,0.9999300657962057,-0.011826390691832589
"DHS114-Hermosa Beach, Los Angeles",DHS114,2025-04-07,10.0,10.0,10.0,5,33.8715,-118.407,0.754625,1.465,13.299999999999999,,,,,,,,,,1.0,13.15,4,97,0,0.9952176027737294,-0.09768276782171598
"DHS114-Hermosa Beach, Los Angeles",DHS114,2025-04-14,10.0,10.0,10.0,7,33.8715,-118.407,0.7468750000000001,1.657,15.616666666666667,,,,,,,,,,0.82,11.0,4,104,0,0.9762766110869321,-0.21652708524481437
"DHS114-Hermosa Beach, Los Angeles",DHS114,2025-04-21,10.0,10.0,10.0,7,33.8715,-118.407,0.7513333333333333,1.199,15.858333333333334,,,,,,,,,,0.64,9.15,4,111,0,0.9431964659565866,-0.33223549871590435
"DHS114-Hermosa Beach, Los Angeles",DHS114,2025-04-29,10.0,10.0,10.0,8,33.8715,-118.407,0.7589166666666666,2.449,16.229166666666668,,,,,,,,,,0.9,10.75,4,119,1,0.8887010478292915,-0.45848712914008766
"DHS114-Hermosa Beach, Los Angeles",DHS114,2025-05-05,10.0,10.0,10.0,6,33.8715,-118.407,0.7645,1.178,16.825,,,,,,,,,,1.34,10.0,5,125,0,0.8367329140344921,-0.5476112038402312
"DHS114-Hermosa Beach, Los Angeles",DHS114,2025-05-12,10.0,10.0,10.0,7,33.8715,-118.407,0.7699166666666667,1.832,18.220833333333335,,,,,,,,,,1.46,7.55,5,132,0,0.7648913904341226,-0.6441592666722685
"DHS114-Hermosa Beach, Los Angeles",DHS114,2025-05-19,10.0,10.0,10.0,7,33.8715,-118.407,0.7847916666666667,1.2890000000000001,16.825,,,,,,,,,,1.04,8.8,5,139,0,0.6819721490904629,-0.7313781428679254
"DHS114-Hermosa Beach, Los Angeles",DHS114,2025-05-27,10.0,10.0,10.0,8,33.8715,-118.407,0.7955833333333334,2.606,19.95,,,,,,,,,,1.06,8.95,5,147,1,0.5751899607119775,-0.8180198708443175
"DHS114-Hermosa Beach, Los Angeles",DHS114,2025-06-02,10.0,10.0,10.0,6,33.8715,-118.407,0.8065833333333333,1.1809999999999998,16.695833333333333,,,,,,,,,,0.9,12.4,6,153,0,0.4878471454423119,-0.8729290708206411
"DHS114-Hermosa Beach, Los Angeles",DHS114,2025-06-09,10.0,10.0,10.0,7,33.8715,-118.407,0.8112916666666666,1.824,17.058333333333334,,,,,,,,,,0.8,11.55,6,160,0,0.37945284372454435,-0.925211078289358
"DHS114-Hermosa Beach, Los Angeles",DHS114,2025-06-16,10.0,10.0,10.0,7,33.8715,-118.407,0.842375,1.585,18.695833333333333,,,,,,,,,,0.98,9.05,6,167,0,0.26556302780405594,-0.9640935007889755
"DHS114-Hermosa Beach, Los Angeles",DHS114,2025-06-23,10.0,10.0,10.0,7,33.8715,-118.407,0.8275,2.323,20.837500000000002,,,,,,,,,,1.0,8.25,6,174,0,0.14782713347053048,-0.9890132145779883
"DHS114-Hermosa Beach, Los Angeles",DHS114,2025-06-30,10.0,10.0,10.0,7,33.8715,-118.407,0.867375,1.411,15.200000000000001,,,,,,,,,,0.66,9.4,6,181,0,0.02795029824021032,-0.999609314096404
"DHS114-Hermosa Beach, Los Angeles",DHS114,2025-07-07,10.0,10.0,10.0,7,33.8715,-118.407,0.856125,1.651,19.466666666666665,,,,,,,,,,0.86,10.25,7,188,0,-0.09233133369539123,-0.9957283388645872
"DHS114-Hermosa Beach, Los Angeles",DHS114,2025-07-14,10.0,10.0,10.0,7,33.8715,-118.407,0.9025,1.8250000000000002,18.5625,,,,,,,,,,0.66,11.25,7,195,0,-0.2112757555821793,-0.9774264960104055
"DHS114-Hermosa Beach, Los Angeles",DHS114,2025-07-22,10.0,10.0,10.0,8,33.8715,-118.407,0.8702083333333334,2.279,20.545833333333334,,,,,,,,,,0.54,10.1,7,203,1,-0.34336687399638804,-0.939201357453208
"DHS114-Hermosa Beach, Los Angeles",DHS114,2025-07-28,10.0,10.0,10.0,6,33.8715,-118.407,0.9201666666666667,1.5839999999999999,20.974999999999998,,,,,,,,,,0.58,7.5,7,209,0,-0.4383067230125192,-0.898825465016444
"DHS114-Hermosa Beach, Los Angeles",DHS114,2025-08-04,10.0,10.0,10.0,7,33.8715,-118.407,0.88725,1.346,17.775000000000002,,,,,,,,,,0.92,9.8,8,216,0,-0.5431052396834317,-0.8396646346181327
"DHS114-Hermosa Beach, Los Angeles",DHS114,2025-08-12,10.0,10.0,10.0,8,33.8715,-118.407,0.9462083333333333,1.6680000000000001,22.2375,,,,,,,,,,1.04,12.35,8,224,1,-0.65316012232693,-0.7572198192083127
"DHS114-Hermosa Beach, Los Angeles",DHS114,2025-08-18,10.0,10.0,10.0,6,33.8715,-118.407,0.8793333333333333,1.7469999999999999,21.875,0.0,0.0,0.0,0.0,0.0,0.0,20.7,12.5,237,0.66,9.9,8,230,0,-0.7277014757264236,-0.6858939875998223
"DHS114-Hermosa Beach, Los Angeles",DHS114,2025-08-25,10.0,10.0,10.0,7,33.8715,-118.407,0.9423333333333334,1.583,22.320833333333336,0.0,0.0,0.0,0.0,0.0,0.0,22.0,13.2,235,0.76,9.8,8,237,0,-0.8048257371083452,-0.593511190196115
"DHS114-Hermosa Beach, Los Angeles",DHS114,2025-09-02,10.0,10.0,10.0,8,33.8715,-118.407,0.8920416666666666,1.242,21.983333333333334,0.0,0.0,0.0,0.0,0.0,0.0,23.0,16.0,240,0.82,11.35,9,245,1,-0.8786374941610001,-0.4774894280028391
"DHS114-Hermosa Beach, Los Angeles",DHS114,2025-09-08,10.0,10.0,10.0,6,33.8715,-118.407,0.9438749999999999,1.877,21.570833333333336,0.0,0.0,0.0,0.0,0.0,0.0,21.0,14.7,246,0.78,8.55,9,251,0,-0.9231578729647039,-0.38442104726885545
"DHS114-Hermosa Beach, Los Angeles",DHS114,2025-09-15,10.0,10.0,10.0,7,33.8715,-118.407,0.8731249999999999,1.522,21.079166666666666,0.0,0.0,0.0,0.1,0.0,0.0,20.8,11.5,252,0.58,11.3,9,258,0,-0.9626519747161487,-0.2707418984477642
"DHS114-Hermosa Beach, Los Angeles",DHS114,2025-09-22,10.0,10.0,10.0,7,33.8715,-118.407,0.931,1.4329999999999998,16.266666666666666,0.0,0.0,0.0,26.900000000000002,0.0,0.0,20.7,11.7,247,0.62,9.95,9,265,0,-0.9882042449941422,-0.15314166701312007
"DHS114-Hermosa Beach, Los Angeles",DHS114,2025-09-29,10.0,10.0,10.0,7,33.8715,-118.407,0.8893333333333334,0.963,19.291666666666668,0.0,0.0,0.0,0.2,0.0,0.0,20.0,16.6,257,0.94,12.05,9,272,0,-0.9994446170919858,-0.033323525711631344
"DHS114-Hermosa Beach, Los Angeles",DHS114,2025-10-06,10.0,10.0,10.0,7,33.8715,-118.407,0.9134583333333333,1.741,19.204166666666666,0.0,0.0,0.0,0.9,0.0,0.0,18.5,13.5,259,0.64,10.75,10,279,0,-0.9962102997023297,0.0869772313136861
"DHS114-Hermosa Beach, Los Angeles",DHS114,2025-10-14,816.0,24.118,10.0,8,33.8715,-118.407,0.8466666666666667,1.467,16.775000000000002,26.2,27.2,27.2,27.2,1.4345689040341987,1.4502491083193612,15.9,26.6,168,1.24,8.2,10,287,1,-0.9748595108374125,0.22282040779479959
"DHS114-Hermosa Beach, Los Angeles",DHS114,2025-10-20,10.0,24.118,816.0,6,33.8715,-118.407,0.899625,1.607,17.0125,0.0,0.0,0.0,26.599999999999998,0.0,0.0,17.8,9.3,66,0.66,12.4,10,293,0,-0.9467139181463862,0.3220757010206104
"DHS114-Hermosa Beach, Los Angeles",DHS114,2025-10-27,10.0,24.118,10.0,7,33.8715,-118.407,0.8748333333333332,1.242,18.341666666666665,0.0,0.0,0.0,0.6,0.0,0.0,16.5,10.9,6,1.08,9.55,10,300,0,-0.9011686968561569,0.4334685453485363
"DHS114-Hermosa Beach, Los Angeles",DHS114,2025-11-03,20.0,27.704,10.0,7,33.8715,-118.407,0.867625,1.831,19.23333333333333,0.0,0.0,0.0,0.0,0.0,0.0,16.6,10.6,261,0.84,13.1,11,307,0,-0.8425720899866032,0.5385835804920232
"DHS114-Hermosa Beach, Los Angeles",DHS114,2025-11-12,10.0,27.704,20.0,9,33.8715,-118.407,0.8196249999999999,1.318,18.3875,,0.0,0.0,0.0,,0.0,,,,0.88,12.1,11,316,2,-0.7494423368521953,0.6620696215153815
"DHS114-Hermosa Beach, Los Angeles",DHS114,2025-12-08,20.0,14.142,10.0,26,33.8715,-118.407,0.8417916666666666,2.181,17.116666666666667,,,,,,,,,,0.64,11.8,12,342,0,-0.3893781415452015,0.9210779895789526
"DHS114-Hermosa Beach, Los Angeles",DHS114,2025-12-15,63.0,35.496,20.0,7,33.8715,-118.407,0.8289583333333334,1.5190000000000001,17.008333333333333,,,,,,,,,,0.66,9.55,12,349,0,-0.27591294500296043,0.9611826292540837
"DHS114-Hermosa Beach, Los Angeles",DHS114,2025-12-22,10.0,23.27,63.0,7,33.8715,-118.407,0.8456250000000001,1.929,17.229166666666668,,,,,,,,,,0.66,9.7,12,356,0,-0.15845177496083632,0.9873667175937016
"DHS114-Hermosa Beach, Los Angeles",DHS114,2026-01-20,10.0,10.0,10.0,29,33.8715,-118.407,0.8166666666666668,2.045,16.970833333333335,,,,,,,,,,1.08,13.45,1,20,1,0.3373010691361842,0.9413968285264122
"DHS114-Hermosa Beach, Los Angeles",DHS114,2026-01-26,10.0,10.0,10.0,6,33.8715,-118.407,0.7669583333333333,1.244,,,,,,,,,,,0.6,12.05,1,26,0,0.4324994021339788,0.901634220265486
"DHS114-Hermosa Beach, Los Angeles",DHS114,2026-02-02,10.0,10.0,10.0,7,33.8715,-118.407,0.81325,2.361,,,,,,,,,,,1.54,14.4,2,33,0,0.5376773767406141,0.8431506618282
"DHS114-Hermosa Beach, Los Angeles",DHS114,2026-02-09,10.0,10.0,10.0,7,33.8715,-118.407,0.7657083333333333,0.9420000000000001,,,,,,,,,,,1.16,11.75,2,40,0,0.6350683134867438,0.7724559775191742
"DHS114-Hermosa Beach, Los Angeles",DHS114,2026-02-23,10.0,10.0,10.0,14,33.8715,-118.407,0.7444583333333333,1.33,,0.0,0.0,0.0,25.9,0.0,0.0,14.4,9.8,356,0.78,9.25,2,54,0,0.8009803309782905,0.5986906625177214
"DHS114-Hermosa Beach, Los Angeles",DHS114,2026-03-02,10.0,10.0,10.0,7,33.8715,-118.407,0.7820833333333334,2.094,,0.0,0.0,0.0,0.0,0.0,0.0,16.2,9.6,215,1.36,7.55,3,61,0,0.8670985522812081,0.4981366284784055
"DHS115-Hermosa Beach, Los Angeles",DHS115,2020-03-20,10.0,21.238,,,33.8522,-118.399,0.764875,1.645,15.9125,,,,,,,,,,,,3,80,4,0.981124629771712,0.19337647441020586
"DHS115-Hermosa Beach, Los Angeles",DHS115,2020-03-23,719.0,27.622,10.0,3,33.8522,-118.399,0.759875,1.517,16.545833333333334,,,,,,,,,,,,3,83,0,0.9897936029670716,0.14250832791617088
"DHS115-Hermosa Beach, Los Angeles",DHS115,2020-03-26,10.0,28.991,719.0,3,33.8522,-118.399,0.7476250000000001,1.308,16.754166666666666,,,,,,,,,,,,3,86,3,0.9958270335100595,0.09126072172931188
"DHS115-Hermosa Beach, Los Angeles",DHS115,2020-03-27,10.0,30.576,10.0,1,33.8522,-118.399,0.7428333333333333,1.3010000000000002,16.158333333333335,,,,,,,,,,,,3,87,4,0.9972495210773451,0.07411742515094437
"DHS115-Hermosa Beach, Los Angeles",DHS115,2020-03-31,10.0,32.429,10.0,4,33.8522,-118.399,0.735125,1.091,15.916666666666666,,,,,,,,,,,,3,91,1,0.9999855506507186,0.005375731557583884
"DHS115-Hermosa Beach, Los Angeles",DHS115,2020-04-01,10.0,32.429,10.0,1,33.8522,-118.399,0.7379166666666667,1.158,15.112499999999999,,,,,,,,,,,,4,92,2,0.9999300657962057,-0.011826390691832589
"DHS115-Hermosa Beach, Los Angeles",DHS115,2020-04-02,10.0,30.576,10.0,1,33.8522,-118.399,0.741875,1.327,15.141666666666666,,,,,,,,,,,,4,93,3,0.9995786855478958,-0.029025013321975237
"DHS115-Hermosa Beach, Los Angeles",DHS115,2020-04-03,20.0,33.633,10.0,1,33.8522,-118.399,0.7468333333333333,1.578,14.637500000000001,,,,,,,,,,,,4,94,4,0.9989315138848577,-0.046215046983708354
"DHS115-Hermosa Beach, Los Angeles",DHS115,2020-04-04,0.0,27.251,20.0,1,33.8522,-118.399,0.7520000000000001,1.784,15.487499999999999,,,,,,,,,,,,4,95,5,0.9979887423155984,-0.06339140486951038
"DHS115-Hermosa Beach, Los Angeles",DHS115,2020-04-06,594.0,35.617,0.0,2,33.8522,-118.399,0.7600833333333333,1.912,16.150000000000002,,,,,,,,,,,,4,97,0,0.9952176027737294,-0.09768276782171598
"DHS115-Hermosa Beach, Los Angeles",DHS115,2020-04-07,10.0,33.425,594.0,1,33.8522,-118.399,0.7607499999999999,1.785,16.099999999999998,,,,,,,,,,,,4,98,1,0.9933900548258936,-0.11478762552212701
"DHS115-Hermosa Beach, Los Angeles",DHS115,2020-04-08,1400.0,42.793,10.0,1,33.8522,-118.399,0.7581666666666668,1.91,15.641666666666666,,,,,,,,,,,,4,99,2,0.9912685467787256,-0.13185851571739118
"DHS115-Hermosa Beach, Los Angeles",DHS115,2020-04-09,4900.0,53.631,1400.0,1,33.8522,-118.399,0.7524166666666666,2.036,15.9125,,,,,,,,,,,,4,100,3,0.9888537064205885,-0.1488903868564548
"DHS115-Hermosa Beach, Los Angeles",DHS115,2020-04-10,73.0,52.776,4900.0,1,33.8522,-118.399,0.7451249999999999,2.044,15.854166666666666,,,,,,,,,,,,4,101,4,0.986146248341595,-0.16587819893463143
"DHS115-Hermosa Beach, Los Angeles",DHS115,2020-04-13,10.0,40.222,73.0,3,33.8522,-118.399,0.7340833333333333,1.5,16.004166666666666,,,,,,,,,,,,4,104,0,0.9762766110869321,-0.21652708524481437
"DHS115-Hermosa Beach, Los Angeles",DHS115,2020-04-14,10.0,37.518,10.0,1,33.8522,-118.399,0.7379583333333333,1.3070000000000002,16.491666666666667,,,,,,,,,,,,4,105,1,0.9724075561219968,-0.23328854407545518
"DHS115-Hermosa Beach, Los Angeles",DHS115,2020-04-15,10.0,35.229,10.0,1,33.8522,-118.399,0.7441666666666666,1.2469999999999999,16.0125,,,,,,,,,,,,4,106,2,0.9682507501166718,-0.2499809690726521
"DHS115-Hermosa Beach, Los Angeles",DHS115,2020-04-16,10.0,33.269,10.0,1,33.8522,-118.399,0.7507916666666666,1.25,15.9,,,,,,,,,,,,4,107,3,0.9638074231367307,-0.26659942067929354
"DHS115-Hermosa Beach, Los Angeles",DHS115,2020-04-17,10.0,27.586,10.0,1,33.8522,-118.399,0.7557499999999999,1.283,16.558333333333334,,,,,,,,,,,,4,108,4,0.9590788900341131,-0.28313898122818354
"DHS115-Hermosa Beach, Los Angeles",DHS115,2020-04-20,10.0,27.443,10.0,3,33.8522,-118.399,0.757625,1.271,16.654166666666665,,,,,,,,,,,,4,111,0,0.9431964659565866,-0.33223549871590435
"DHS115-Hermosa Beach, Los Angeles",DHS115,2020-04-21,10.0,26.092,10.0,1,33.8522,-118.399,0.7564166666666666,1.349,16.595833333333335,,,,,,,,,,,,4,112,1,0.9373419384643772,-0.3484108069446808
"DHS115-Hermosa Beach, Los Angeles",DHS115,2020-04-22,10.0,21.07,10.0,1,33.8522,-118.399,0.7555000000000001,1.4769999999999999,16.616666666666667,,,,,,,,,,,,4,113,2,0.9312100364121947,-0.3644830148102912
"DHS115-Hermosa Beach, Los Angeles",DHS115,2020-04-23,10.0,20.336,10.0,1,33.8522,-118.399,0.7548333333333334,1.58,16.183333333333334,,,,,,,,,,,,4,114,3,0.9248025743285089,-0.38044736628785164
"DHS115-Hermosa Beach, Los Angeles",DHS115,2020-04-24,10.0,19.69,10.0,1,33.8522,-118.399,0.753375,1.6480000000000001,15.950000000000001,,,,,,,,,,,,4,115,4,0.9181214482844365,-0.39629913726891813
"DHS115-Hermosa Beach, Los Angeles",DHS115,2020-04-27,10.0,20.336,10.0,3,33.8522,-118.399,0.7488333333333334,1.518,17.337500000000002,,,,,,,,,,,,4,118,0,0.8964562582905575,-0.44313223418263453
"DHS115-Hermosa Beach, Los Angeles",DHS115,2020-04-28,10.0,19.69,10.0,1,33.8522,-118.399,0.7492083333333333,1.417,17.808333333333334,,,,,,,,,,,,4,119,1,0.8887010478292915,-0.45848712914008766
"DHS115-Hermosa Beach, Los Angeles",DHS115,2020-04-29,10.0,19.118,10.0,1,33.8522,-118.399,0.7508750000000001,1.32,18.091666666666665,,,,,,,,,,,,4,120,2,0.8806828564301475,-0.47370635037968
"DHS115-Hermosa Beach, Los Angeles",DHS115,2020-04-30,10.0,19.118,10.0,1,33.8522,-118.399,0.7535,1.2650000000000001,17.491666666666667,,,,,,,,,,,,4,121,3,0.8724040568049612,-0.48878539428899265
"DHS115-Hermosa Beach, Los Angeles",DHS115,2020-05-01,10.0,19.118,10.0,1,33.8522,-118.399,0.7563333333333334,1.3,17.837500000000002,,,,,,,,,,,,5,122,4,0.8638670987837349,-0.503719798736334
"DHS115-Hermosa Beach, Los Angeles",DHS115,2020-05-04,10.0,19.079,10.0,3,33.8522,-118.399,0.7636250000000001,1.507,19.695833333333333,,,,,,,,,,,,5,125,0,0.8367329140344921,-0.5476112038402312
"DHS115-Hermosa Beach, Los Angeles",DHS115,2020-05-05,10.0,21.863,10.0,1,33.8522,-118.399,0.7665000000000001,1.6909999999999998,19.620833333333334,,,,,,,,,,,,5,126,1,0.8271893372462497,-0.5619233046832195
"DHS115-Hermosa Beach, Los Angeles",DHS115,2020-05-06,10.0,18.158,10.0,1,33.8522,-118.399,0.7695,2.02,17.783333333333335,,,,,,,,,,,,5,127,2,0.8174009818249189,-0.5760691233798758
"DHS115-Hermosa Beach, Los Angeles",DHS115,2020-05-07,10.0,17.693,10.0,1,33.8522,-118.399,0.7717083333333333,2.264,16.716666666666665,,,,,,,,,,,,5,128,3,0.8073707443023492,-0.5900444739548627
"DHS115-Hermosa Beach, Los Angeles",DHS115,2020-05-08,10.0,14.505,10.0,1,33.8522,-118.399,0.7726666666666667,2.343,18.712500000000002,,,,,,,,,,,,5,129,4,0.7971015927871943,-0.6038452208771035
"DHS115-Hermosa Beach, Los Angeles",DHS115,2020-05-11,10.0,10.0,10.0,3,33.8522,-118.399,0.7675000000000001,1.855,20.05,,,,,,,,,,,,5,132,0,0.7648913904341226,-0.6441592666722685
"DHS115-Hermosa Beach, Los Angeles",DHS115,2020-05-12,10.0,10.0,10.0,1,33.8522,-118.399,0.7668750000000001,1.5590000000000002,18.720833333333335,,,,,,,,,,,,5,133,1,0.753697664392914,-0.6572212950663319
"DHS115-Hermosa Beach, Los Angeles",DHS115,2020-05-13,10.0,10.0,10.0,1,33.8522,-118.399,0.7683749999999999,1.306,19.908333333333335,,,,,,,,,,,,5,134,2,0.742280907086982,-0.6700888411055113
"DHS115-Hermosa Beach, Los Angeles",DHS115,2020-05-14,10.0,10.0,10.0,1,33.8522,-118.399,0.7717083333333333,1.117,19.175,,,,,,,,,,,,5,135,3,0.7306444969184916,-0.6827580970759147
"DHS115-Hermosa Beach, Los Angeles",DHS115,2020-05-15,10.0,10.0,10.0,1,33.8522,-118.399,0.7758333333333334,1.064,18.983333333333334,,,,,,,,,,,,5,136,4,0.7187918772884232,-0.6952253139408723
"DHS115-Hermosa Beach, Los Angeles",DHS115,2020-05-18,10.0,10.0,10.0,3,33.8522,-118.399,0.7819166666666666,1.1179999999999999,18.4375,,,,,,,,,,,,5,139,0,0.6819721490904629,-0.7313781428679254
"DHS115-Hermosa Beach, Los Angeles",DHS115,2020-05-19,150.0,11.31,10.0,1,33.8522,-118.399,0.7823333333333333,1.33,20.016666666666666,,,,,,,,,,,,5,140,1,0.6692903895412567,-0.7430009249440493
"DHS115-Hermosa Beach, Los Angeles",DHS115,2020-05-20,20.0,11.672,150.0,1,33.8522,-118.399,0.7829583333333333,1.542,17.858333333333334,,,,,,,,,,,,5,141,2,0.6564105761979381,-0.7544038410927472
"DHS115-Hermosa Beach, Los Angeles",DHS115,2020-05-21,10.0,11.594,20.0,1,33.8522,-118.399,0.7843749999999999,1.682,17.129166666666666,,,,,,,,,,,,5,142,3,0.6433365204044917,-0.765583517007675
"DHS115-Hermosa Beach, Los Angeles",DHS115,2020-05-22,10.0,11.672,10.0,1,33.8522,-118.399,0.78625,1.843,16.6375,,,,,,,,,,,,5,143,4,0.6300720909843687,-0.7765366444428655
"DHS115-Hermosa Beach, Los Angeles",DHS115,2020-05-26,10.0,11.758,10.0,4,33.8522,-118.399,0.7925,1.806,17.566666666666666,,,,,,,,,,,,5,147,1,0.5751899607119775,-0.8180198708443175
"DHS115-Hermosa Beach, Los Angeles",DHS115,2020-05-27,10.0,11.758,10.0,1,33.8522,-118.399,0.7947500000000001,1.671,16.825,,,,,,,,,,,,5,148,2,0.5610336262283677,-0.8277930117131022
"DHS115-Hermosa Beach, Los Angeles",DHS115,2020-05-28,10.0,11.672,10.0,1,33.8522,-118.399,0.7969166666666667,1.512,16.029166666666665,,,,,,,,,,,,5,149,3,0.5467112728685939,-0.8373211953118121
"DHS115-Hermosa Beach, Los Angeles",DHS115,2020-05-29,10.0,11.758,10.0,1,33.8522,-118.399,0.7987083333333334,1.353,15.816666666666668,,,,,,,,,,,,5,150,4,0.5322271388474397,-0.8466016020976267
"DHS115-Hermosa Beach, Los Angeles",DHS115,2020-05-30,10.0,11.758,10.0,1,33.8522,-118.399,0.7991666666666667,1.203,17.191666666666666,,,,,,,,,,,,5,151,5,0.5175855102531889,-0.8556314858488706
"DHS115-Hermosa Beach, Los Angeles",DHS115,2020-06-02,10.0,11.758,10.0,3,33.8522,-118.399,0.7984166666666667,1.561,16.279166666666665,,,,,,,,,,,,6,154,1,0.47275920928627757,-0.881191653407483
"DHS115-Hermosa Beach, Los Angeles",DHS115,2020-06-03,10.0,11.758,10.0,1,33.8522,-118.399,0.8014166666666668,1.932,17.75,,,,,,,,,,,,6,155,2,0.4575313760742512,-0.8891934772070711
"DHS115-Hermosa Beach, Los Angeles",DHS115,2020-06-04,10.0,11.672,10.0,0,33.8522,-118.399,0.8067500000000001,2.257,19.520833333333332,,,,,,,,,,,,6,156,3,0.44216815196707204,-0.8969321743510065
"DHS115-Hermosa Beach, Los Angeles",DHS115,2020-06-05,10.0,11.594,10.0,1,33.8522,-118.399,0.8134583333333333,2.4179999999999997,19.125,,,,,,,,,,,,6,157,4,0.42667408318992467,-0.9044054548343001
"DHS115-Hermosa Beach, Los Angeles",DHS115,2020-06-08,10.0,11.758,10.0,3,33.8522,-118.399,0.824125,2.171,18.995833333333334,,,,,,,,,,,,6,160,0,0.37945284372454435,-0.925211078289358
"DHS115-Hermosa Beach, Los Angeles",DHS115,2020-06-09,10.0,11.672,10.0,1,33.8522,-118.399,0.8235,1.901,18.625,,,,,,,,,,,,6,161,1,0.36348161248290634,-0.9316013725767187
"DHS115-Hermosa Beach, Los Angeles",DHS115,2020-06-10,10.0,11.672,10.0,1,33.8522,-118.399,0.8225833333333333,1.61,18.5,,,,,,,,,,,,6,162,2,0.3474028211842774,-0.9377159910299093
"DHS115-Hermosa Beach, Los Angeles",DHS115,2020-06-11,10.0,11.594,10.0,1,33.8522,-118.399,0.8226249999999999,1.306,18.929166666666667,,,,,,,,,,,,6,163,3,0.3312212278016865,-0.9435531242349544
"DHS115-Hermosa Beach, Los Angeles",DHS115,2020-06-12,10.0,11.594,10.0,1,33.8522,-118.399,0.8237916666666667,1.023,19.858333333333334,,,,,,,,,,,,6,164,4,0.31494162072895193,-0.9491110448902284
"DHS115-Hermosa Beach, Los Angeles",DHS115,2020-06-15,10.0,11.758,10.0,3,33.8522,-118.399,0.82775,0.9549999999999998,20.912499999999998,,,,,,,,,,,,6,167,0,0.26556302780405594,-0.9640935007889755
"DHS115-Hermosa Beach, Los Angeles",DHS115,2020-06-16,10.0,11.672,10.0,1,33.8522,-118.399,0.8278333333333333,1.1440000000000001,20.808333333333334,,,,,,,,,,,,6,168,1,0.24893980855376657,-0.9685189578512204
"DHS115-Hermosa Beach, Los Angeles",DHS115,2020-06-17,10.0,11.672,10.0,1,33.8522,-118.399,0.8279583333333332,1.413,20.620833333333334,,,,,,,,,,,,6,169,2,0.23224292400907015,-0.9726578145718654
"DHS115-Hermosa Beach, Los Angeles",DHS115,2020-06-18,10.0,11.594,10.0,1,33.8522,-118.399,0.8289583333333334,1.6199999999999999,20.266666666666666,,,,,,,,,,,,6,170,3,0.21547731504673012,-0.976508846196619
"DHS115-Hermosa Beach, Los Angeles",DHS115,2020-06-19,10.0,10.0,10.0,1,33.8522,-118.399,0.8314583333333333,1.839,20.57391304347826,,,,,,,,,,,,6,171,4,0.19864794288017112,-0.9800709131432666
"DHS115-Hermosa Beach, Los Angeles",DHS115,2020-06-22,10.0,10.0,10.0,3,33.8522,-118.399,0.8454166666666666,2.143,20.279166666666665,,,,,,,,,,,,6,174,0,0.14782713347053048,-0.9890132145779883
"DHS115-Hermosa Beach, Los Angeles",DHS115,2020-06-23,10.0,10.0,10.0,1,33.8522,-118.399,0.8508333333333334,2.119,20.379166666666666,,,,,,,,,,,,6,175,1,0.13079267585675922,-0.9914097417023038
"DHS115-Hermosa Beach, Los Angeles",DHS115,2020-06-24,10.0,10.0,10.0,1,33.8522,-118.399,0.8554583333333333,2.015,19.945833333333333,,,,,,,,,,,,6,176,2,0.11371951458594969,-0.9935128947338007
"DHS115-Hermosa Beach, Los Angeles",DHS115,2020-06-25,10.0,10.0,10.0,1,33.8522,-118.399,0.8587083333333334,1.846,19.679166666666667,,,,,,,,,,,,6,177,3,0.0966127018812031,-0.9953220513156602
"DHS115-Hermosa Beach, Los Angeles",DHS115,2020-06-26,10.0,10.0,10.0,1,33.8522,-118.399,0.8597083333333333,1.599,19.883333333333333,,,,,,,,,,,,6,178,4,0.07947729992362097,-0.9968366760893436
"DHS115-Hermosa Beach, Los Angeles",DHS115,2020-06-29,10.0,10.0,10.0,3,33.8522,-118.399,0.8490416666666666,1.163,20.2,,,,,,,,,,,,6,181,0,0.02795029824021032,-0.999609314096404
"DHS115-Hermosa Beach, Los Angeles",DHS115,2020-06-30,10.0,10.0,10.0,1,33.8522,-118.399,0.8452916666666667,1.3539999999999999,19.579166666666666,,,,,,,,,,,,6,182,1,0.01075130776352193,-0.9999422030204416
"DHS115-Hermosa Beach, Los Angeles",DHS115,2020-07-01,20.0,10.306,10.0,1,33.8522,-118.399,0.844875,1.734,19.325,,,,,,,,,,,,7,183,2,-0.00645086419810515,-0.9999791929590823
"DHS115-Hermosa Beach, Los Angeles",DHS115,2020-07-02,10.0,10.293,20.0,1,33.8522,-118.399,0.8485416666666666,2.0669999999999997,18.470833333333335,,,,,,,,,,,,7,184,3,-0.023651127245231586,-0.9997202729664083
"DHS115-Hermosa Beach, Los Angeles",DHS115,2020-07-03,10.0,10.306,10.0,1,33.8522,-118.399,0.8559583333333333,2.287,18.804166666666667,,,,,,,,,,,,7,185,4,-0.04084439154329611,-0.9991655196610109
"DHS115-Hermosa Beach, Los Angeles",DHS115,2020-07-06,10.0,10.336,10.0,3,33.8522,-118.399,0.8795000000000001,2.293,20.47391304347826,,,,,,,,,,,,7,188,0,-0.09233133369539123,-0.9957283388645872
"DHS115-Hermosa Beach, Los Angeles",DHS115,2020-07-07,10.0,10.32,10.0,1,33.8522,-118.399,0.8827916666666668,2.091,20.95,,,,,,,,,,,,7,189,1,-0.10944576864891556,-0.993992768446958
"DHS115-Hermosa Beach, Los Angeles",DHS115,2020-07-08,10.0,10.32,10.0,1,33.8522,-118.399,0.8834583333333333,1.853,21.445833333333336,,,,,,,,,,,,7,190,2,-0.12652781683868314,-0.9919630595773397
"DHS115-Hermosa Beach, Los Angeles",DHS115,2020-07-09,10.0,10.32,10.0,1,33.8522,-118.399,0.8829166666666667,1.58,21.691666666666666,,,,,,,,,,,,7,191,3,-0.1435724234118113,-0.9896398128792412
"DHS115-Hermosa Beach, Los Angeles",DHS115,2020-07-10,10.0,10.306,10.0,1,33.8522,-118.399,0.8819583333333334,1.2510000000000001,22.479166666666668,,,,,,,,,,,,7,192,4,-0.16057454459499376,-0.9870237158387383
"DHS115-Hermosa Beach, Los Angeles",DHS115,2020-07-13,10.0,10.336,10.0,3,33.8522,-118.399,0.8782916666666667,0.8009999999999999,22.25,,,,,,,,,,,,7,195,0,-0.2112757555821793,-0.9774264960104055
"DHS115-Hermosa Beach, Los Angeles",DHS115,2020-07-14,10.0,10.32,10.0,1,33.8522,-118.399,0.8760416666666666,0.866,22.55,,,,,,,,,,,,7,196,1,-0.2280577712215198,-0.9736476020539838
"DHS115-Hermosa Beach, Los Angeles",DHS115,2020-07-15,10.0,10.32,10.0,1,33.8522,-118.399,0.8737916666666666,1.1260000000000001,22.59166666666667,,,,,,,,,,,,7,197,2,-0.24477230089725957,-0.9695805901076308
"DHS115-Hermosa Beach, Los Angeles",DHS115,2020-07-16,10.0,10.306,10.0,1,33.8522,-118.399,0.872,1.389,22.1125,,,,,,,,,,,,7,198,3,-0.2614143985111562,-0.965226663665613
"DHS115-Hermosa Beach, Los Angeles",DHS115,2020-07-17,10.0,10.306,10.0,1,33.8522,-118.399,0.8720416666666667,1.6420000000000001,21.224999999999998,,,,,,,,,,,,7,199,4,-0.2779791393987801,-0.9605871111248129
"DHS115-Hermosa Beach, Los Angeles",DHS115,2020-07-20,10.0,10.336,10.0,3,33.8522,-118.399,0.8884583333333333,2.225,14.229166666666666,,,,,,,,,,,,7,202,0,-0.3271603271220951,-0.9449688462364056
"DHS115-Hermosa Beach, Los Angeles",DHS115,2020-07-21,10.0,10.32,10.0,1,33.8522,-118.399,0.8983333333333333,2.267,14.495833333333332,,,,,,,,,,,,7,203,1,-0.34336687399638804,-0.939201357453208
"DHS115-Hermosa Beach, Los Angeles",DHS115,2020-07-22,10.0,10.32,10.0,1,33.8522,-118.399,0.9080416666666666,2.247,15.933333333333332,,,,,,,,,,,,7,204,2,-0.3594718130884232,-0.9331559438780432
"DHS115-Hermosa Beach, Los Angeles",DHS115,2020-07-23,10.0,10.306,10.0,1,33.8522,-118.399,0.9149583333333333,2.117,17.191666666666666,,,,,,,,,,,,7,205,3,-0.3754703786876202,-0.9268343944460494
"DHS115-Hermosa Beach, Los Angeles",DHS115,2020-07-24,10.0,10.306,10.0,1,33.8522,-118.399,0.9173749999999999,1.84,17.379166666666666,,,,,,,,,,,,7,206,4,-0.3913578365610259,-0.9202385798054075
"DHS115-Hermosa Beach, Los Angeles",DHS115,2020-07-27,10.0,10.336,10.0,3,33.8522,-118.399,0.895375,1.1740000000000002,17.329166666666666,,,,,,,,,,,,7,209,0,-0.4383067230125192,-0.898825465016444
"DHS115-Hermosa Beach, Los Angeles",DHS115,2020-07-28,10.0,10.32,10.0,1,33.8522,-118.399,0.8858333333333334,1.2530000000000001,15.466666666666667,,,,,,,,,,,,7,210,1,-0.45370308603134424,-0.8911529104063088
"DHS115-Hermosa Beach, Los Angeles",DHS115,2020-07-29,10.0,10.32,10.0,1,33.8522,-118.399,0.88,1.5070000000000001,14.866666666666667,,,,,,,,,,,,7,211,2,-0.46896519100763184,-0.8832166493127127
"DHS115-Hermosa Beach, Los Angeles",DHS115,2020-07-30,10.0,10.306,10.0,1,33.8522,-118.399,0.8798333333333334,1.791,14.8375,,,,,,,,,,,,7,212,3,-0.48408852163897587,-0.8750190302029955
"DHS115-Hermosa Beach, Los Angeles",DHS115,2020-07-31,10.0,10.306,10.0,1,33.8522,-118.399,0.8847499999999999,2.0229999999999997,14.345833333333333,,,,,,,,,,,,7,213,4,-0.4990686026885319,-0.8665624788845385
"DHS115-Hermosa Beach, Los Angeles",DHS115,2020-08-03,10.0,10.0,10.0,3,33.8522,-118.399,0.9123333333333333,2.21,16.966666666666665,,,,,,,,,,,,8,216,0,-0.5431052396834317,-0.8396646346181327
"DHS115-Hermosa Beach, Los Angeles",DHS115,2020-08-04,10.0,10.0,10.0,1,33.8522,-118.399,0.9190833333333334,2.094,17.629166666666666,,,,,,,,,,,,8,217,1,-0.5574684374327892,-0.8301981337405212
"DHS115-Hermosa Beach, Los Angeles",DHS115,2020-08-06,10.0,10.0,10.0,2,33.8522,-118.399,0.9250833333333334,1.7140000000000002,19.775000000000002,,,,,,,,,,,,8,219,3,-0.5856957398073508,-0.8105309990194823
"DHS115-Hermosa Beach, Los Angeles",DHS115,2020-08-07,10.0,10.0,10.0,1,33.8522,-118.399,0.9247083333333334,1.4300000000000002,19.75,,,,,,,,,,,,8,220,4,-0.5995514915196489,-0.8003361849976323
"DHS115-Hermosa Beach, Los Angeles",DHS115,2020-08-08,10.0,10.0,10.0,1,33.8522,-118.399,0.9226666666666666,1.13,19.879166666666666,,,,,,,,,,,,8,221,5,-0.6132298262997502,-0.7899045386224707
"DHS115-Hermosa Beach, Los Angeles",DHS115,2020-08-10,10.0,10.0,10.0,2,33.8522,-118.399,0.914875,0.7530000000000001,17.8125,,,,,,,,,,,,8,223,0,-0.6400381082043503,-0.7683431655492202
"DHS115-Hermosa Beach, Los Angeles",DHS115,2020-08-11,10.0,10.0,10.0,1,33.8522,-118.399,0.9097083333333332,0.714,17.337500000000002,,,,,,,,,,,,8,224,1,-0.65316012232693,-0.7572198192083127
"DHS115-Hermosa Beach, Los Angeles",DHS115,2020-08-12,10.0,10.0,10.0,1,33.8522,-118.399,0.9040833333333333,0.8819999999999999,15.612499999999999,,,,,,,,,,,,8,225,2,-0.666088855860977,-0.7458723993404063
"DHS115-Hermosa Beach, Los Angeles",DHS115,2020-08-13,10.0,10.0,10.0,1,33.8522,-118.399,0.898625,1.057,15.450000000000001,,,,,,,,,,,,8,226,3,-0.6788204829862357,-0.734304263829602
"DHS115-Hermosa Beach, Los Angeles",DHS115,2020-08-14,10.0,10.0,10.0,1,33.8522,-118.399,0.8940416666666667,1.314,15.233333333333334,,,,,,,,,,,,8,227,4,-0.6913512362094071,-0.722518835873311
"DHS115-Hermosa Beach, Los Angeles",DHS115,2020-08-17,20.0,10.336,10.0,3,33.8522,-118.399,0.9017083333333334,2.093,21.59166666666667,,,,,,,,,,,,8,230,0,-0.7277014757264236,-0.6858939875998223
"DHS115-Hermosa Beach, Los Angeles",DHS115,2020-08-18,10.0,10.32,20.0,1,33.8522,-118.399,0.9140833333333332,2.222,22.1375,,,,,,,,,,,,8,231,1,-0.7393922635959241,-0.673274892250183
"DHS115-Hermosa Beach, Los Angeles",DHS115,2020-08-19,10.0,10.32,10.0,1,33.8522,-118.399,0.9289583333333334,2.278,22.566666666666666,,,,,,,,,,,,8,232,2,-0.7508642533989489,-0.6604565640279754
"DHS115-Hermosa Beach, Los Angeles",DHS115,2020-08-20,10.0,10.306,10.0,1,33.8522,-118.399,0.9423750000000001,2.211,23.6375,,,,,,,,,,,,8,233,3,-0.7621140503891487,-0.6474427960827475
"DHS115-Hermosa Beach, Los Angeles",DHS115,2020-08-21,10.0,10.306,10.0,1,33.8522,-118.399,0.9500416666666666,1.966,24.162499999999998,,,,,,,,,,,,8,234,4,-0.7731383255706027,-0.6342374393978054
"DHS115-Hermosa Beach, Los Angeles",DHS115,2020-08-24,10.0,10.336,10.0,3,33.8522,-118.399,0.9232083333333333,1.236,22.87826086956522,,,,,,,,,,,,8,237,0,-0.8048257371083452,-0.593511190196115
"DHS115-Hermosa Beach, Los Angeles",DHS115,2020-08-25,10.0,10.32,10.0,1,33.8522,-118.399,0.9064166666666668,1.27,20.430434782608696,,,,,,,,,,,,8,238,1,-0.8149159841660791,-0.5795791048257612
"DHS115-Hermosa Beach, Los Angeles",DHS115,2020-08-26,10.0,10.32,10.0,1,33.8522,-118.399,0.8934166666666666,1.384,18.929166666666667,,,,,,,,,,,,8,239,2,-0.8247650844733614,-0.5654755126737576
"DHS115-Hermosa Beach, Los Angeles",DHS115,2020-08-28,10.0,10.336,10.0,2,33.8522,-118.399,0.8886250000000001,1.712,17.366666666666667,,,,,,,,,,,,8,241,4,-0.8437282590292712,-0.5367705514607103
"DHS115-Hermosa Beach, Los Angeles",DHS115,2020-08-31,10.0,10.353,10.0,3,33.8522,-118.399,0.9145833333333333,1.973,15.662500000000001,,,,,,,,,,,,8,244,0,-0.8702939222685674,-0.49253272872205434
"DHS115-Hermosa Beach, Los Angeles",DHS115,2020-09-01,10.0,10.336,10.0,1,33.8522,-118.399,0.9230416666666666,1.927,16.408333333333335,,,,,,,,,,,,9,245,1,-0.8786374941610001,-0.4774894280028391
"DHS115-Hermosa Beach, Los Angeles",DHS115,2020-09-02,10.0,10.336,10.0,1,33.8522,-118.399,0.929625,1.8099999999999998,17.1125,,,,,,,,,,,,9,246,2,-0.886721063082993,-0.46230483047981086
"DHS115-Hermosa Beach, Los Angeles",DHS115,2020-09-03,10.0,10.32,10.0,1,33.8522,-118.399,0.9340833333333333,1.6520000000000001,17.245833333333334,,,,,,,,,,,,9,247,3,-0.8945422369764496,-0.4469834295196742
"DHS115-Hermosa Beach, Los Angeles",DHS115,2020-09-04,10.0,10.32,10.0,1,33.8522,-118.399,0.9362499999999999,1.437,17.8,,,,,,,,,,,,9,248,4,-0.9020987014301837,-0.4315297589714715
"DHS115-Hermosa Beach, Los Angeles",DHS115,2020-09-08,10.0,10.353,10.0,0,33.8522,-118.399,0.9203333333333333,0.8739999999999999,22.166666666666668,,,,,,,,,,,,9,252,1,-0.9296339319682695,-0.3684843993077793
"DHS115-Hermosa Beach, Los Angeles",DHS115,2020-09-09,63.0,11.282,10.0,1,33.8522,-118.399,0.912125,0.837,22.020833333333332,,,,,,,,,,,,9,253,2,-0.9358348973349941,-0.35243871088460327
"DHS115-Hermosa Beach, Los Angeles",DHS115,2020-09-10,41.0,11.964,63.0,1,33.8522,-118.399,0.9035833333333333,0.8939999999999999,21.695833333333336,,,,,,,,,,,,9,254,3,-0.9417589340994617,-0.33628873017668287
"DHS115-Hermosa Beach, Los Angeles",DHS115,2020-09-11,10.0,12.066,41.0,1,33.8522,-118.399,0.895,1.08,21.90416666666667,,,,,,,,,,,,9,255,4,-0.9474042892438845,-0.32003923622313857
"DHS115-Hermosa Beach, Los Angeles",DHS115,2020-09-12,10.0,11.964,10.0,1,33.8522,-118.399,0.8877083333333333,1.256,21.7625,,,,,,,,,,,,9,256,5,-0.9527692922168511,-0.30369503751065885
"DHS115-Hermosa Beach, Los Angeles",DHS115,2020-09-14,10.0,12.066,10.0,2,33.8522,-118.399,0.8861666666666667,1.786,21.270833333333332,,,,,,,,,,,,9,258,0,-0.9626519747161487,-0.2707418984477642
"DHS115-Hermosa Beach, Los Angeles",DHS115,2020-09-15,10.0,11.964,10.0,1,33.8522,-118.399,0.8957916666666667,1.962,21.208333333333332,,,,,,,,,,,,9,259,1,-0.9671667297977312,-0.2541427094613622
"DHS115-Hermosa Beach, Los Angeles",DHS115,2020-09-16,41.0,12.361,10.0,1,33.8522,-118.399,0.912125,2.092,20.791304347826088,,,,,,,,,,,,9,260,2,-0.97139528468375,-0.23746831555846842
"DHS115-Hermosa Beach, Los Angeles",DHS115,2020-09-17,10.0,12.247,41.0,1,33.8522,-118.399,0.9310416666666667,2.08,20.712500000000002,,,,,,,,,,,,9,261,3,-0.9753363880767837,-0.2207236509605022
"DHS115-Hermosa Beach, Los Angeles",DHS115,2020-09-18,20.0,12.622,10.0,1,33.8522,-118.399,0.9466666666666667,1.934,20.666666666666668,,,,,,,,,,,,9,262,4,-0.9789888737409319,-0.20391367068311472
"DHS115-Hermosa Beach, Los Angeles",DHS115,2020-09-21,10.0,12.905,20.0,3,33.8522,-118.399,0.9314166666666667,1.6380000000000001,20.412499999999998,,,,,,,,,,,,9,265,0,-0.9882042449941422,-0.15314166701312007
"DHS115-Hermosa Beach, Los Angeles",DHS115,2020-09-22,10.0,12.756,10.0,1,33.8522,-118.399,0.9095833333333333,1.522,19.566666666666666,,,,,,,,,,,,9,266,1,-0.9906923101615609,-0.13612033862266704
"DHS115-Hermosa Beach, Los Angeles",DHS115,2020-09-23,10.0,12.756,10.0,1,33.8522,-118.399,0.888875,1.416,18.191666666666666,,,,,,,,,,,,9,267,2,-0.9928872135356962,-0.11905873003404988
"DHS115-Hermosa Beach, Los Angeles",DHS115,2020-09-24,10.0,12.622,10.0,1,33.8522,-118.399,0.875,1.392,17.954166666666666,,,,,,,,,,,,9,268,3,-0.994788305609327,-0.10196189005174576
"DHS115-Hermosa Beach, Los Angeles",DHS115,2020-09-25,10.0,12.756,10.0,1,33.8522,-118.399,0.8701666666666666,1.426,18.625,,,,,,,,,,,,9,269,4,-0.9963950238187231,-0.08483487790576538
"DHS115-Hermosa Beach, Los Angeles",DHS115,2020-09-28,52.0,13.749,10.0,3,33.8522,-118.399,0.89125,1.656,20.8625,,,,,,,,,,,,9,272,0,-0.9994446170919858,-0.033323525711631344
"DHS115-Hermosa Beach, Los Angeles",DHS115,2020-09-29,10.0,13.56,52.0,1,33.8522,-118.399,0.9002916666666666,1.6380000000000001,19.979166666666668,,,,,,,,,,,,9,273,1,-0.9998699583618592,-0.016126573270657762
"DHS115-Hermosa Beach, Los Angeles",DHS115,2020-09-30,10.0,13.56,10.0,1,33.8522,-118.399,0.9080416666666666,1.566,18.477272727272727,,,,,,,,,,,,9,274,2,-0.9999994220246925,0.001075151282798226
"DHS115-Hermosa Beach, Los Angeles",DHS115,2020-10-01,10.0,13.389,10.0,1,33.8522,-118.399,0.914125,1.4360000000000002,19.404166666666665,,,,,,,,,,,,10,275,3,-0.999832969770105,0.018276557681691223
"DHS115-Hermosa Beach, Los Angeles",DHS115,2020-10-02,10.0,13.389,10.0,1,33.8522,-118.399,0.9187500000000001,1.347,18.441666666666666,,,,,,,,,,,,10,276,4,-0.9993706508539969,0.03547255575312556
"DHS115-Hermosa Beach, Los Angeles",DHS115,2020-10-05,10.0,13.749,10.0,3,33.8522,-118.399,0.917125,1.343,19.233333333333334,,,,,,,,,,,,10,279,0,-0.9962102997023297,0.0869772313136861
"DHS115-Hermosa Beach, Los Angeles",DHS115,2020-10-06,10.0,13.56,10.0,1,33.8522,-118.399,0.911,1.265,18.845833333333335,,,,,,,,,,,,10,280,1,-0.9945667569706337,0.1041007489354256
"DHS115-Hermosa Beach, Los Angeles",DHS115,2020-10-07,10.0,13.389,10.0,1,33.8522,-118.399,0.9027916666666665,1.169,18.89,,,,,,,,,,,,10,281,2,-0.9926289059345095,0.12119346147073601
"DHS115-Hermosa Beach, Los Angeles",DHS115,2020-10-08,20.0,13.781,10.0,1,33.8522,-118.399,0.8930833333333333,1.06,19.162499999999998,,,,,,,,,,,,10,282,3,-0.9903973200352558,0.13825031091098192
"DHS115-Hermosa Beach, Los Angeles",DHS115,2020-10-09,10.0,13.781,20.0,1,33.8522,-118.399,0.8823333333333333,1.006,20.075,,,,,,,,,,,,10,283,4,-0.9878726596350429,0.15526624985999563
"DHS115-Hermosa Beach, Los Angeles",DHS115,2020-10-13,10.0,12.358,10.0,4,33.8522,-118.399,0.860125,1.5899999999999999,20.770833333333332,,,,,,,,,,,,10,287,1,-0.9748595108374125,0.22282040779479959
"DHS115-Hermosa Beach, Los Angeles",DHS115,2020-10-14,10.0,12.358,10.0,1,33.8522,-118.399,0.8722500000000001,1.7329999999999999,19.587500000000002,,,,,,,,,,,,10,288,2,-0.9708824104813836,0.2395565591209271
"DHS115-Hermosa Beach, Los Angeles",DHS115,2020-10-15,10.0,12.24,10.0,1,33.8522,-118.399,0.8915833333333333,1.753,20.083333333333332,,,,,,,,,,,,10,289,3,-0.9666180104000972,0.2562218218071163
"DHS115-Hermosa Beach, Los Angeles",DHS115,2020-10-16,10.0,12.24,10.0,1,33.8522,-118.399,0.912875,1.9160000000000001,20.07391304347826,,,,,,,,,,,,10,290,4,-0.9620675724981452,0.27281126433401914
"DHS115-Hermosa Beach, Los Angeles",DHS115,2020-10-17,10.0,11.479,10.0,1,33.8522,-118.399,0.9288333333333334,2.099,19.3,,,,,,,,,,,,10,291,5,-0.957232443323312,0.2893199776186952
"DHS115-Hermosa Beach, Los Angeles",DHS115,2020-10-19,10.0,11.18,10.0,2,33.8522,-118.399,0.9242499999999999,2.129,19.595833333333335,,,,,,,,,,,,10,293,0,-0.9467139181463862,0.3220757010206104
"DHS115-Hermosa Beach, Los Angeles",DHS115,2020-10-20,10.0,11.123,10.0,1,33.8522,-118.399,0.9043333333333333,1.99,19.491666666666667,,,,,,,,,,,,10,294,1,-0.9410336347451197,0.3383130181923075
"DHS115-Hermosa Beach, Los Angeles",DHS115,2020-10-21,10.0,11.123,10.0,1,33.8522,-118.399,0.8802916666666666,1.756,19.4875,,,,,,,,,,,,10,295,2,-0.9350748843515574,0.3544502230989869
"DHS115-Hermosa Beach, Los Angeles",DHS115,2020-10-22,10.0,11.072,10.0,1,33.8522,-118.399,0.85925,1.5110000000000001,19.7625,,,,,,,,,,,,10,296,3,-0.9288394302558068,0.3704825404820963
"DHS115-Hermosa Beach, Los Angeles",DHS115,2020-10-23,10.0,11.123,10.0,1,33.8522,-118.399,0.8462916666666667,1.355,20.117391304347827,,,,,,,,,,,,10,297,4,-0.9223291176290545,0.3864052261209853
"DHS115-Hermosa Beach, Los Angeles",DHS115,2020-10-27,10.0,11.18,10.0,4,33.8522,-118.399,0.8644583333333333,1.365,17.616666666666667,,,,,,,,,,,,10,301,1,-0.8935790198239952,0.4489059314938798
"DHS115-Hermosa Beach, Los Angeles",DHS115,2020-10-28,10.0,11.123,10.0,0,33.8522,-118.399,0.8729999999999999,1.378,17.583333333333332,,,,,,,,,,,,10,302,2,-0.8857249183835637,0.4642104791518923
"DHS115-Hermosa Beach, Los Angeles",DHS115,2020-10-29,41.0,10.958,10.0,1,33.8522,-118.399,0.8804583333333333,1.416,17.369565217391305,,,,,,,,,,,,10,303,3,-0.8776087166898392,0.4793776594606945
"DHS115-Hermosa Beach, Los Angeles",DHS115,2020-10-30,10.0,11.004,41.0,1,33.8522,-118.399,0.8866666666666667,1.539,16.791304347826088,,,,,,,,,,,,10,304,4,-0.8692328164574792,0.4944029842076182
"DHS115-Hermosa Beach, Los Angeles",DHS115,2020-11-02,10.0,11.054,10.0,3,33.8522,-118.399,0.8949166666666667,1.6760000000000002,17.095833333333335,,,,,,,,,,,,11,307,0,-0.8425720899866032,0.5385835804920232
"DHS115-Hermosa Beach, Los Angeles",DHS115,2020-11-03,20.0,11.356,10.0,1,33.8522,-118.399,0.892,1.6460000000000001,18.654166666666665,,,,,,,,,,,,11,308,1,-0.8331829385891785,0.5529974600700271
"DHS115-Hermosa Beach, Los Angeles",DHS115,2020-11-04,10.0,11.356,20.0,1,33.8522,-118.399,0.8860833333333332,1.5779999999999998,18.233333333333334,,,,,,,,,,,,11,309,2,-0.8235472349556007,0.5672476988027229
"DHS115-Hermosa Beach, Los Angeles",DHS115,2020-11-05,20.0,11.639,10.0,1,33.8522,-118.399,0.8774583333333333,1.4389999999999998,17.591666666666665,,,,,,,,,,,,11,310,3,-0.8136678304455991,0.5813300798152042
"DHS115-Hermosa Beach, Los Angeles",DHS115,2020-11-06,10.0,11.719,20.0,1,33.8522,-118.399,0.8664583333333332,1.307,17.400000000000002,,,,,,,,,,,,11,311,4,-0.8035476485339116,0.5952404359043674
"DHS115-Hermosa Beach, Los Angeles",DHS115,2020-11-09,10.0,11.425,10.0,3,33.8522,-118.399,0.830375,1.19,17.791666666666668,,,,,,,,,,,,11,314,0,-0.7717727365467837,0.6358984534680745
"DHS115-Hermosa Beach, Los Angeles",DHS115,2020-11-10,10.0,11.356,10.0,1,33.8522,-118.399,0.8261250000000001,1.305,17.383333333333333,,,,,,,,,,,,11,315,1,-0.7607200913564104,0.6490800741100398
"DHS115-Hermosa Beach, Los Angeles",DHS115,2020-11-11,63.0,12.234,10.0,1,33.8522,-118.399,0.831125,1.47,16.930434782608696,,,,,,,,,,,,11,316,2,-0.7494423368521953,0.6620696215153815
"DHS115-Hermosa Beach, Los Angeles",DHS115,2020-11-12,120.0,13.63,63.0,1,33.8522,-118.399,0.8456250000000001,1.6440000000000001,15.966666666666667,,,,,,,,,,,,11,317,3,-0.7379428103031386,0.6748632518680403
"DHS115-Hermosa Beach, Los Angeles",DHS115,2020-11-13,580.0,15.936,120.0,1,33.8522,-118.399,0.866625,2.027,15.604347826086956,,,,,,,,,,,,11,318,4,-0.7262249146041543,0.6874571793269664
"DHS115-Hermosa Beach, Los Angeles",DHS115,2020-11-16,82.0,18.294,580.0,3,33.8522,-118.399,0.9046250000000001,2.41,15.420833333333334,,,,,,,,,,,,11,321,0,-0.6897960046655887,0.7240037789593305
"DHS115-Hermosa Beach, Los Angeles",DHS115,2020-11-17,10.0,18.294,82.0,1,33.8522,-118.399,0.894125,2.379,15.466666666666667,,,,,,,,,,,,11,322,1,-0.6772399381909491,0.7357622347736525
"DHS115-Hermosa Beach, Los Angeles",DHS115,2020-11-18,10.0,18.294,10.0,1,33.8522,-118.399,0.8744166666666667,2.176,15.441666666666668,,,,,,,,,,,,11,323,2,-0.6644834655228552,0.7473029667054297
"DHS115-Hermosa Beach, Los Angeles",DHS115,2020-11-19,10.0,18.294,10.0,1,33.8522,-118.399,0.8515833333333332,1.897,15.245833333333332,,,,,,,,,,,,11,324,3,-0.6515303615068021,0.75862255966641
"DHS115-Hermosa Beach, Los Angeles",DHS115,2020-11-20,10.0,17.82,10.0,1,33.8522,-118.399,0.8323333333333333,1.578,15.345833333333333,,,,,,,,,,,,11,325,4,-0.6383844591746642,0.769717664006921
"DHS115-Hermosa Beach, Los Angeles",DHS115,2020-11-23,41.0,20.136,10.0,3,33.8522,-118.399,0.8209166666666667,1.1980000000000002,15.950000000000001,,,,,,,,,,,,11,328,0,-0.5978291414589552,0.801623551065242
"DHS115-Hermosa Beach, Los Angeles",DHS115,2020-11-24,10.0,19.505,41.0,1,33.8522,-118.399,0.8281666666666667,1.224,16.245833333333334,,,,,,,,,,,,11,329,1,-0.5839514998576998,0.8117885474764613
"DHS115-Hermosa Beach, Los Angeles",DHS115,2020-11-25,40.0,20.124,10.0,1,33.8522,-118.399,0.8364166666666666,1.225,16.575,,,,,,,,,,,,11,330,2,-0.5699010576127624,0.821713322596059
"DHS115-Hermosa Beach, Los Angeles",DHS115,2020-11-26,20.0,20.119,40.0,1,33.8522,-118.399,0.8445416666666666,1.3780000000000001,16.675,,,,,,,,,,,,11,331,3,-0.5556819724760489,0.8313949395234058
"DHS115-Hermosa Beach, Los Angeles",DHS115,2020-11-27,10.0,20.74,20.0,1,33.8522,-118.399,0.8523333333333333,1.582,16.633333333333333,,,,,,,,,,,,11,332,4,-0.5412984521036173,0.8408305333122887
"DHS115-Hermosa Beach, Los Angeles",DHS115,2020-11-30,20.0,21.485,10.0,3,33.8522,-118.399,0.8692083333333334,1.911,16.254166666666666,,,,,,,,,,,,11,335,0,-0.4972040784469378,0.8676336233547726
"DHS115-Hermosa Beach, Los Angeles",DHS115,2020-12-01,10.0,20.751,20.0,1,33.8522,-118.399,0.8704583333333332,1.886,16.212500000000002,,,,,,,,,,,,12,336,1,-0.4822058478963526,0.8760579434344281
"DHS115-Hermosa Beach, Los Angeles",DHS115,2020-12-02,10.0,20.751,10.0,1,33.8522,-118.399,0.8685416666666667,1.911,15.783333333333333,,,,,,,,,,,,12,337,2,-0.46706492487743034,0.8842230238742036
"DHS115-Hermosa Beach, Los Angeles",DHS115,2020-12-03,10.0,20.107,10.0,1,33.8522,-118.399,0.86275,1.83,15.483333333333334,,,,,,,,,,,,12,338,3,-0.451785789832884,0.8921264484954345
"DHS115-Hermosa Beach, Los Angeles",DHS115,2020-12-04,10.0,19.506,10.0,1,33.8522,-118.399,0.8532083333333333,1.71,15.395833333333334,,,,,,,,,,,,12,339,4,-0.4363729641045924,0.8997658785476209
"DHS115-Hermosa Beach, Los Angeles",DHS115,2020-12-07,10.0,20.112,10.0,3,33.8522,-118.399,0.811375,1.194,15.916666666666666,,,,,,,,,,,,12,342,0,-0.3893781415452015,0.9210779895789526
"DHS115-Hermosa Beach, Los Angeles",DHS115,2020-12-08,10.0,19.483,10.0,1,33.8522,-118.399,0.8017916666666666,1.185,16.166666666666668,,,,,,,,,,,,12,343,1,-0.37347653741307074,0.9276396261490467
"DHS115-Hermosa Beach, Los Angeles",DHS115,2020-12-09,10.0,19.483,10.0,1,33.8522,-118.399,0.7999583333333334,1.298,16.354166666666668,,,,,,,,,,,,12,344,2,-0.3574644155648614,0.9339267592294762
"DHS115-Hermosa Beach, Los Angeles",DHS115,2020-12-10,10.0,18.927,10.0,1,33.8522,-118.399,0.8078333333333333,1.454,16.462500000000002,,,,,,,,,,,,12,345,3,-0.34134651424503615,0.9399375283564133
"DHS115-Hermosa Beach, Los Angeles",DHS115,2020-12-11,10.0,18.927,10.0,1,33.8522,-118.399,0.8240833333333333,1.898,16.404166666666665,,,,,,,,,,,,12,346,4,-0.3251276029999093,0.9456701548465688
"DHS115-Hermosa Beach, Los Angeles",DHS115,2020-12-14,10.0,13.491,10.0,3,33.8522,-118.399,0.87475,2.592,15.754166666666668,,,,,,,,,,,,12,349,0,-0.27591294500296043,0.9611826292540837
"DHS115-Hermosa Beach, Los Angeles",DHS115,2020-12-15,31.0,14.011,10.0,1,33.8522,-118.399,0.8751666666666668,2.4979999999999998,15.616666666666667,,,,,,,,,,,,12,350,1,-0.2593382659754056,0.9657865518844574
"DHS115-Hermosa Beach, Los Angeles",DHS115,2020-12-16,10.0,12.733,31.0,1,33.8522,-118.399,0.8648333333333333,2.4530000000000003,15.512500000000001,,,,,,,,,,,,12,351,2,-0.2426868445825954,0.9701046827361175
"DHS115-Hermosa Beach, Los Angeles",DHS115,2020-12-17,10.0,12.6,10.0,1,33.8522,-118.399,0.8474583333333333,2.2439999999999998,15.333333333333334,,,,,,,,,,,,12,352,3,-0.22596360824801906,0.974135744004672
"DHS115-Hermosa Beach, Los Angeles",DHS115,2020-12-18,10.0,12.733,10.0,1,33.8522,-118.399,0.8280416666666667,1.9329999999999998,15.341666666666667,,,,,,,,,,,,12,353,4,-0.20917350564635637,0.9778785428342386
"DHS115-Hermosa Beach, Los Angeles",DHS115,2020-12-21,10.0,12.88,10.0,3,33.8522,-118.399,0.796875,1.073,15.279166666666667,,,,,,,,,,,,12,356,0,-0.15845177496083632,0.9873667175937016
"DHS115-Hermosa Beach, Los Angeles",DHS115,2020-12-22,10.0,12.733,10.0,1,33.8522,-118.399,0.7983750000000001,1.029,15.541666666666666,,,,,,,,,,,,12,357,1,-0.14144406768794202,0.9899462489023779
"DHS115-Hermosa Beach, Los Angeles",DHS115,2020-12-23,10.0,11.942,10.0,1,33.8522,-118.399,0.8035416666666667,1.006,15.604166666666666,,,,,,,,,,,,12,358,2,-0.12439450483979998,0.9922328391893008
"DHS115-Hermosa Beach, Los Angeles",DHS115,2020-12-24,10.0,11.85,10.0,1,33.8522,-118.399,0.8107916666666667,1.139,15.254166666666668,,,,,,,,,,,,12,359,3,-0.10730813165636247,0.9942258118156161
"DHS115-Hermosa Beach, Los Angeles",DHS115,2020-12-25,10.0,11.212,10.0,1,33.8522,-118.399,0.8186249999999999,1.402,14.941666666666668,,,,,,,,,,,,12,360,4,-0.09019000427034513,0.9959245770286599
"DHS115-Hermosa Beach, Los Angeles",DHS115,2020-12-28,5475.0,14.728,10.0,3,33.8522,-118.399,0.8406250000000001,1.943,14.908333333333333,,,,,,,,,,,,12,363,0,-0.03869579017652689,0.9992510374388481
"DHS115-Hermosa Beach, Los Angeles",DHS115,2020-12-29,890.0,17.746,5475.0,1,33.8522,-118.399,0.8455416666666666,2.062,14.912500000000001,,,,,,,,,,,,12,364,1,-0.021501372740813793,0.999768818762748
"DHS115-Hermosa Beach, Los Angeles",DHS115,2020-12-30,52.0,18.534,890.0,1,33.8522,-118.399,0.8478333333333333,2.041,14.879166666666668,,,,,,,,,,,,12,365,2,-0.004300592702981974,0.9999907524084426
"DHS115-Hermosa Beach, Los Angeles",DHS115,2020-12-31,410.0,21.942,52.0,1,33.8522,-118.399,0.846375,2.107,14.808333333333332,,,,,,,,,,,,12,366,3,0.012901459949419653,0.9999167727021953
"DHS115-Hermosa Beach, Los Angeles",DHS115,2021-01-01,20.0,22.644,410.0,1,33.8522,-118.399,0.83975,2.064,14.716666666666667,,,,,,,,,,,,1,1,4,0.017201575418260506,0.9998520419557735
"DHS115-Hermosa Beach, Los Angeles",DHS115,2021-01-04,41.0,25.179,20.0,3,33.8522,-118.399,0.7958333333333334,1.444,14.65,,,,,,,,,,,,1,4,0,0.06875540848113941,0.9976335468520451
"DHS115-Hermosa Beach, Los Angeles",DHS115,2021-01-05,10.0,24.144,41.0,1,33.8522,-118.399,0.7821666666666666,1.187,14.520833333333334,,,,,,,,,,,,1,5,1,0.08590610426133272,0.9963032375991965
"DHS115-Hermosa Beach, Los Angeles",DHS115,2021-01-06,10.0,24.144,10.0,1,33.8522,-118.399,0.7756250000000001,1.1720000000000002,14.330434782608696,,,,,,,,,,,,1,6,2,0.10303137904317879,0.9946781061893646
"DHS115-Hermosa Beach, Los Angeles",DHS115,2021-01-07,10.0,23.236,10.0,1,33.8522,-118.399,0.7779583333333333,1.214,14.341666666666667,,,,,,,,,,,,1,7,3,0.1201261651823505,0.9927586335250793
"DHS115-Hermosa Beach, Los Angeles",DHS115,2021-01-08,10.0,24.144,10.0,1,33.8522,-118.399,0.7892083333333333,1.621,14.275,,,,,,,,,,,,1,8,4,0.13718540405660057,0.9905453876091833
"DHS115-Hermosa Beach, Los Angeles",DHS115,2021-01-11,10.0,25.179,10.0,3,33.8522,-118.399,0.838625,2.445,13.870833333333332,,,,,,,,,,,,1,11,0,0.18809941761179758,0.9821499931752291
"DHS115-Hermosa Beach, Los Angeles",DHS115,2021-01-12,10.0,24.144,10.0,1,33.8522,-118.399,0.8453750000000001,2.524,13.829166666666666,,,,,,,,,,,,1,12,1,0.20496611396949532,0.9787690698649216
"DHS115-Hermosa Beach, Los Angeles",DHS115,2021-01-13,10.0,24.144,10.0,1,33.8522,-118.399,0.843375,2.403,14.104166666666666,,,,,,,,,,,,1,13,2,0.22177215755648186,0.975098513039961
"DHS115-Hermosa Beach, Los Angeles",DHS115,2021-01-14,10.0,23.236,10.0,1,33.8522,-118.399,0.8338333333333333,2.38,14.033333333333333,,,,,,,,,,,,1,14,3,0.23851257519407648,0.9711394088771653
"DHS115-Hermosa Beach, Los Angeles",DHS115,2021-01-15,10.0,22.934,10.0,1,33.8522,-118.399,0.8192916666666666,2.153,14.079166666666667,,,,,,,,,,,,1,15,4,0.2551824131233728,0.9668929289391521
"DHS115-Hermosa Beach, Los Angeles",DHS115,2021-01-19,10.0,23.858,10.0,4,33.8522,-118.399,0.7757083333333333,0.991,14.575000000000001,,,,,,,,,,,,1,19,1,0.321057654185271,0.9470596510722283
"DHS115-Hermosa Beach, Los Angeles",DHS115,2021-01-20,10.0,23.858,10.0,1,33.8522,-118.399,0.7755416666666667,0.8470000000000001,14.504166666666668,,,,,,,,,,,,1,20,2,0.3373010691361842,0.9413968285264122
"DHS115-Hermosa Beach, Los Angeles",DHS115,2021-01-21,10.0,22.934,10.0,1,33.8522,-118.399,0.7792083333333334,0.837,14.958333333333334,,,,,,,,,,,,1,21,3,0.3534446712740877,0.9354554315134164
"DHS115-Hermosa Beach, Los Angeles",DHS115,2021-01-22,10.0,23.858,10.0,1,33.8522,-118.399,0.785375,1.0859999999999999,15.770833333333334,,,,,,,,,,,,1,22,4,0.3694836834473831,0.9292372181882051
"DHS115-Hermosa Beach, Los Angeles",DHS115,2021-01-23,10.0,22.934,10.0,1,33.8522,-118.399,0.7929166666666667,1.343,15.75,,,,,,,,,,,,1,23,5,0.38541335945432564,0.9227440286201427
"DHS115-Hermosa Beach, Los Angeles",DHS115,2021-01-25,336.0,28.205,10.0,2,33.8522,-118.399,0.8077916666666667,1.799,15.375,,,,,,,,,,,,1,25,0,0.4169258813287287,0.908940487313808
"DHS115-Hermosa Beach, Los Angeles",DHS115,2021-01-26,97.0,29.833,336.0,1,33.8522,-118.399,0.8142083333333333,1.993,14.52727272727273,,,,,,,,,,,,1,26,1,0.4324994021339788,0.901634220265486
"DHS115-Hermosa Beach, Los Angeles",DHS115,2021-01-27,10.0,22.399,97.0,1,33.8522,-118.399,0.8192916666666666,2.152,14.345833333333333,,,,,,,,,,,,1,27,2,0.44794493940789115,0.8940611451454876
"DHS115-Hermosa Beach, Los Angeles",DHS115,2021-01-28,10.0,21.627,10.0,1,33.8522,-118.399,0.8213333333333334,2.214,14.308333333333332,,,,,,,,,,,,1,28,3,0.4632579225674917,0.88622350294858
"DHS115-Hermosa Beach, Los Angeles",DHS115,2021-01-29,3400.0,22.087,10.0,1,33.8522,-118.399,0.81875,2.225,14.487499999999999,,,,,,,,,,,,1,29,4,0.4784338202547012,0.8781236129591848
"DHS115-Hermosa Beach, Los Angeles",DHS115,2021-02-01,10.0,18.595,3400.0,3,33.8522,-118.399,0.7811666666666667,1.707,14.533333333333333,,,,,,,,,,,,2,32,0,0.5230943033491326,0.8522748088519838
"DHS115-Hermosa Beach, Los Angeles",DHS115,2021-02-02,10.0,18.078,10.0,1,33.8522,-118.399,0.7654583333333332,1.351,14.487499999999999,,,,,,,,,,,,2,33,1,0.5376773767406141,0.8431506618282
"DHS115-Hermosa Beach, Los Angeles",DHS115,2021-02-03,10.0,16.955,10.0,1,33.8522,-118.399,0.7546666666666667,1.228,14.383333333333333,,,,,,,,,,,,2,34,2,0.5521013427459208,0.8337770129585915
"DHS115-Hermosa Beach, Los Angeles",DHS115,2021-02-04,31.0,17.406,10.0,1,33.8522,-118.399,0.7520416666666666,1.106,14.379166666666668,,,,,,,,,,,,2,35,3,0.5663619330814524,0.8241566360566663
"DHS115-Hermosa Beach, Los Angeles",DHS115,2021-02-05,10.0,17.406,31.0,1,33.8522,-118.399,0.7578333333333332,1.367,14.383333333333333,,,,,,,,,,,,2,36,4,0.580454927809098,0.8142923779467267
"DHS115-Hermosa Beach, Los Angeles",DHS115,2021-02-08,10.0,18.349,10.0,3,33.8522,-118.399,0.799125,2.144,14.470833333333333,,,,,,,,,,,,2,39,0,0.6216868902665479,0.7832658619336791
"DHS115-Hermosa Beach, Los Angeles",DHS115,2021-02-09,20.0,18.421,10.0,1,33.8522,-118.399,0.807875,2.278,14.491666666666667,,,,,,,,,,,,2,40,1,0.6350683134867438,0.7724559775191742
"DHS115-Hermosa Beach, Los Angeles",DHS115,2021-02-10,10.0,18.421,20.0,1,33.8522,-118.399,0.8103750000000001,2.3089999999999997,14.416666666666666,,,,,,,,,,,,2,41,2,0.6482618097757122,0.7614175109532997
"DHS115-Hermosa Beach, Los Angeles",DHS115,2021-02-11,10.0,17.938,10.0,1,33.8522,-118.399,0.8067083333333334,2.197,14.620833333333332,,,,,,,,,,,,2,42,3,0.6612634749656386,0.7501537286959042
"DHS115-Hermosa Beach, Los Angeles",DHS115,2021-02-12,41.0,19.073,10.0,1,33.8522,-118.399,0.79875,2.135,14.85,,,,,,,,,,,,2,43,4,0.6740694616546162,0.7386679638813748
"DHS115-Hermosa Beach, Los Angeles",DHS115,2021-02-16,10.0,20.283,41.0,4,33.8522,-118.399,0.7582916666666667,1.124,14.695833333333333,,,,,,,,,,,,2,47,1,0.7232617254437388,0.6905740195722293
"DHS115-Hermosa Beach, Los Angeles",DHS115,2021-02-17,10.0,19.641,10.0,1,33.8522,-118.399,0.753625,0.9449999999999998,14.733333333333334,,,,,,,,,,,,2,48,2,0.7350336741329412,0.6780306024735382
"DHS115-Hermosa Beach, Los Angeles",DHS115,2021-02-18,10.0,19.641,10.0,1,33.8522,-118.399,0.7525833333333334,0.7749999999999999,14.808333333333332,,,,,,,,,,,,2,49,3,0.746588114532413,0.6652865452111116
"DHS115-Hermosa Beach, Los Angeles",DHS115,2021-02-19,10.0,19.641,10.0,1,33.8522,-118.399,0.7549166666666666,0.8200000000000001,14.7875,,,,,,,,,,,,2,50,4,0.7579216274973472,0.6523456189565257
"DHS115-Hermosa Beach, Los Angeles",DHS115,2021-02-20,10.0,19.073,10.0,1,33.8522,-118.399,0.7595833333333334,0.9840000000000001,14.620833333333332,,,,,,,,,,,,2,51,5,0.7690308592589181,0.6392116531380588
"DHS115-Hermosa Beach, Los Angeles",DHS115,2021-02-22,10.0,19.641,10.0,2,33.8522,-118.399,0.7714583333333334,1.462,13.983333333333334,,,,,,,,,,,,2,53,0,0.7905633969115482,0.612380204990065
"DHS115-Hermosa Beach, Los Angeles",DHS115,2021-02-23,10.0,19.641,10.0,1,33.8522,-118.399,0.7774166666666668,1.7029999999999998,13.991666666666667,,,,,,,,,,,,2,54,1,0.8009803309782905,0.5986906625177214
"DHS115-Hermosa Beach, Los Angeles",DHS115,2021-02-24,10.0,16.741,10.0,1,33.8522,-118.399,0.7827916666666667,1.947,14.137500000000001,,,,,,,,,,,,2,55,2,0.8111602420785621,0.5848239578463322
"DHS115-Hermosa Beach, Los Angeles",DHS115,2021-02-25,10.0,16.371,10.0,1,33.8522,-118.399,0.7869583333333333,2.076,14.525,,,,,,,,,,,,2,56,3,0.8211001178128892,0.5707841943569036
"DHS115-Hermosa Beach, Los Angeles",DHS115,2021-02-26,10.0,15.099,10.0,1,33.8522,-118.399,0.7885416666666667,2.195,14.366666666666667,,,,,,,,,,,,2,57,4,0.8307970168121247,0.5565755266413303
"DHS115-Hermosa Beach, Los Angeles",DHS115,2021-03-01,10.0,11.666,10.0,3,33.8522,-118.399,0.7662916666666666,1.818,14.375,,,,,,,,,,,,3,60,0,0.8584015232918917,0.512978386299228
"DHS115-Hermosa Beach, Los Angeles",DHS115,2021-03-02,10.0,11.584,10.0,1,33.8522,-118.399,0.7522083333333334,1.5510000000000002,14.424999999999999,,,,,,,,,,,,3,61,1,0.8670985522812081,0.4981366284784055
"DHS115-Hermosa Beach, Los Angeles",DHS115,2021-03-03,10.0,11.584,10.0,1,33.8522,-118.399,0.7398333333333333,1.4000000000000001,14.795833333333334,,,,,,,,,,,,3,62,2,0.8755389928586302,0.4831474640149687
"DHS115-Hermosa Beach, Los Angeles",DHS115,2021-03-04,10.0,11.511,10.0,1,33.8522,-118.399,0.7329583333333334,1.35,14.245833333333332,,,,,,,,,,,,3,63,3,0.8837203473619977,0.4680153284438345
"DHS115-Hermosa Beach, Los Angeles",DHS115,2021-03-12,10.0,10.815,10.0,8,33.8522,-118.399,0.7726666666666667,1.8639999999999999,15.104166666666666,,,,,,,,,,,,3,71,4,0.9395699859530622,0.342356891994542
"DHS115-Hermosa Beach, Los Angeles",DHS115,2021-03-15,10.0,10.0,10.0,3,33.8522,-118.399,0.75325,1.3960000000000001,14.75,,,,,,,,,,,,3,74,0,0.9559793438440766,0.2934339689665273
"DHS115-Hermosa Beach, Los Angeles",DHS115,2021-03-16,300.0,12.215,10.0,1,33.8522,-118.399,0.7466666666666667,1.266,14.583333333333334,,,,,,,,,,,,3,75,1,0.9608854255574977,0.27694620226893646
"DHS115-Hermosa Beach, Los Angeles",DHS115,2021-03-17,10.0,12.08,300.0,1,33.8522,-118.399,0.74125,1.178,14.654166666666667,,,,,,,,,,,,3,76,2,0.9655071658143364,0.2603764827344581
"DHS115-Hermosa Beach, Los Angeles",DHS115,2021-03-18,10.0,12.08,10.0,1,33.8522,-118.399,0.7378333333333332,1.1030000000000002,14.858333333333334,,,,,,,,,,,,3,77,3,0.969843196967294,0.24372971360968387
"DHS115-Hermosa Beach, Los Angeles",DHS115,2021-03-19,10.0,11.96,10.0,1,33.8522,-118.399,0.7367499999999999,0.9930000000000001,14.445833333333333,,,,,,,,,,,,3,78,4,0.9738922359149924,0.22701082094141847
"DHS115-Hermosa Beach, Los Angeles",DHS115,2021-03-22,10.0,12.215,10.0,3,33.8522,-118.399,0.745375,1.1079999999999999,13.9,,,,,,,,,,,,3,81,0,0.984305844499033,0.17647097349152166
"DHS115-Hermosa Beach, Los Angeles",DHS115,2021-03-23,10.0,12.215,10.0,1,33.8522,-118.399,0.7495416666666667,1.333,14.4125,,,,,,,,,,,,3,82,1,0.9871957872910085,0.15951325197263655
"DHS115-Hermosa Beach, Los Angeles",DHS115,2021-03-24,10.0,12.215,10.0,1,33.8522,-118.399,0.7537083333333333,1.572,14.35,,,,,,,,,,,,3,83,2,0.9897936029670716,0.14250832791617088
"DHS115-Hermosa Beach, Los Angeles",DHS115,2021-03-25,10.0,12.08,10.0,1,33.8522,-118.399,0.7576666666666667,1.762,14.520833333333334,,,,,,,,,,,,3,84,3,0.992098522791769,0.12546123335273648
"DHS115-Hermosa Beach, Los Angeles",DHS115,2021-03-26,10.0,12.215,10.0,1,33.8522,-118.399,0.7607916666666666,1.9100000000000001,14.5875,,,,,,,,,,,,3,85,4,0.9941098647022418,0.10837701279187609
"DHS115-Hermosa Beach, Los Angeles",DHS115,2021-03-30,20.0,12.916,10.0,4,33.8522,-118.399,0.7485833333333334,1.831,15.358333333333334,,,,,,,,,,,,3,89,1,0.9992088560679753,0.03977011384605572
"DHS115-Hermosa Beach, Los Angeles",DHS115,2021-03-31,10.0,12.916,20.0,1,33.8522,-118.399,0.7396250000000001,1.893,15.8375,,,,,,,,,,,,3,90,2,0.9997451236925734,0.022576263041545485
"DHS115-Hermosa Beach, Los Angeles",DHS115,2021-04-01,10.0,12.723,10.0,1,33.8522,-118.399,0.7322500000000001,1.833,15.145833333333334,,,,,,,,,,,,4,91,3,0.9999855506507186,0.005375731557583884
"DHS115-Hermosa Beach, Los Angeles",DHS115,2021-04-02,20.0,13.488,10.0,1,33.8522,-118.399,0.7286250000000001,1.687,15.637500000000001,,,,,,,,,,,,4,92,4,0.9999300657962057,-0.011826390691832589
"DHS115-Hermosa Beach, Los Angeles",DHS115,2021-04-03,10.0,13.488,20.0,1,33.8522,-118.399,0.7300416666666667,1.5390000000000001,15.754166666666668,,,,,,,,,,,,4,93,5,0.9995786855478958,-0.029025013321975237
"DHS115-Hermosa Beach, Los Angeles",DHS115,2021-04-05,10.0,13.253,10.0,2,33.8522,-118.399,0.7440416666666666,1.487,16.175,,,,,,,,,,,,4,95,0,0.9979887423155984,-0.06339140486951038
"DHS115-Hermosa Beach, Los Angeles",DHS115,2021-04-06,51.0,14.283,10.0,1,33.8522,-118.399,0.75175,1.567,16.475,,,,,,,,,,,,4,96,1,0.9967506498213929,-0.08054900421874167
"DHS115-Hermosa Beach, Los Angeles",DHS115,2021-04-07,10.0,14.018,51.0,1,33.8522,-118.399,0.75725,1.611,17.054166666666667,,,,,,,,,,,,4,97,2,0.9952176027737294,-0.09768276782171598
"DHS115-Hermosa Beach, Los Angeles",DHS115,2021-04-08,10.0,13.783,10.0,1,33.8522,-118.399,0.7595000000000001,1.586,17.162499999999998,,,,,,,,,,,,4,98,3,0.9933900548258936,-0.11478762552212701
"DHS115-Hermosa Beach, Los Angeles",DHS115,2021-04-09,10.0,13.574,10.0,1,33.8522,-118.399,0.7588750000000001,1.502,17.0125,,,,,,,,,,,,4,99,4,0.9912685467787256,-0.13185851571739118
"DHS115-Hermosa Beach, Los Angeles",DHS115,2021-04-12,10.0,13.574,10.0,3,33.8522,-118.399,0.7511666666666666,1.5130000000000001,17.841666666666665,,,,,,,,,,,,4,102,0,0.9831469737221499,-0.1828169249850199
"DHS115-Hermosa Beach, Los Angeles",DHS115,2021-04-13,20.0,13.815,10.0,1,33.8522,-118.399,0.7483333333333334,1.5559999999999998,18.008333333333333,,,,,,,,,,,,4,103,1,0.9798567700958665,-0.1997015525660636
"DHS115-Hermosa Beach, Los Angeles",DHS115,2021-04-14,10.0,13.815,20.0,1,33.8522,-118.399,0.7455416666666667,1.5419999999999998,17.179166666666667,,,,,,,,,,,,4,104,2,0.9762766110869321,-0.21652708524481437
"DHS115-Hermosa Beach, Los Angeles",DHS115,2021-04-15,10.0,13.622,10.0,1,33.8522,-118.399,0.743125,1.502,17.004166666666666,,,,,,,,,,,,4,105,3,0.9724075561219968,-0.23328854407545518
"DHS115-Hermosa Beach, Los Angeles",DHS115,2021-04-16,10.0,11.836,10.0,1,33.8522,-118.399,0.7414166666666667,1.389,16.595833333333335,,,,,,,,,,,,4,106,4,0.9682507501166718,-0.2499809690726521
"DHS115-Hermosa Beach, Los Angeles",DHS115,2021-04-19,10.0,11.932,10.0,3,33.8522,-118.399,0.7444999999999999,1.073,16.529166666666665,,,,,,,,,,,,4,109,0,0.9540665500578387,-0.2995947563972602
"DHS115-Hermosa Beach, Los Angeles",DHS115,2021-04-20,10.0,11.836,10.0,1,33.8522,-118.399,0.7474583333333333,1.0999999999999999,17.033333333333335,,,,,,,,,,,,4,110,1,0.9487718864399473,-0.31596187665790293
"DHS115-Hermosa Beach, Los Angeles",DHS115,2021-04-21,10.0,11.836,10.0,1,33.8522,-118.399,0.7504166666666667,1.2260000000000002,17.166666666666668,,,,,,,,,,,,4,111,2,0.9431964659565866,-0.33223549871590435
"DHS115-Hermosa Beach, Los Angeles",DHS115,2021-04-22,10.0,11.75,10.0,1,33.8522,-118.399,0.7530416666666667,1.383,16.441666666666666,,,,,,,,,,,,4,112,3,0.9373419384643772,-0.3484108069446808
"DHS115-Hermosa Beach, Los Angeles",DHS115,2021-04-23,10.0,11.836,10.0,1,33.8522,-118.399,0.7553333333333333,1.48,16.458333333333332,,,,,,,,,,,,4,113,4,0.9312100364121947,-0.3644830148102912
"DHS115-Hermosa Beach, Los Angeles",DHS115,2021-04-26,20.0,12.332,10.0,3,33.8522,-118.399,0.7598750000000001,1.912,15.816666666666668,,,,,,,,,,,,4,116,0,0.9111686353326631,-0.41203363695942635
"DHS115-Hermosa Beach, Los Angeles",DHS115,2021-04-27,10.0,12.215,20.0,1,33.8522,-118.399,0.7599583333333334,2.159,15.154166666666667,,,,,,,,,,,,4,117,1,0.9039461929224011,-0.42764620926777464
"DHS115-Hermosa Beach, Los Angeles",DHS115,2021-04-28,10.0,12.109,10.0,1,33.8522,-118.399,0.7589166666666666,2.309,14.270833333333334,,,,,,,,,,,,4,118,2,0.8964562582905575,-0.44313223418263453
"DHS115-Hermosa Beach, Los Angeles",DHS115,2021-04-29,10.0,11.75,10.0,1,33.8522,-118.399,0.7563749999999999,2.2809999999999997,14.575000000000001,,,,,,,,,,,,4,119,3,0.8887010478292915,-0.45848712914008766
"DHS115-Hermosa Beach, Los Angeles",DHS115,2021-04-30,10.0,11.75,10.0,1,33.8522,-118.399,0.753625,2.1430000000000002,15.029166666666667,,,,,,,,,,,,4,120,4,0.8806828564301475,-0.47370635037968
"DHS115-Hermosa Beach, Los Angeles",DHS115,2021-05-03,10.0,11.469,10.0,3,33.8522,-118.399,0.7554583333333333,1.434,17.270833333333332,,,,,,,,,,,,5,123,0,0.8550745085896932,-0.518505144391157
"DHS115-Hermosa Beach, Los Angeles",DHS115,2021-05-04,10.0,11.469,10.0,1,33.8522,-118.399,0.7602916666666667,1.319,17.6875,,,,,,,,,,,,5,124,1,0.8460288880917339,-0.533137056031809
"DHS115-Hermosa Beach, Los Angeles",DHS115,2021-05-05,10.0,11.469,10.0,1,33.8522,-118.399,0.7650416666666667,1.254,17.6125,,,,,,,,,,,,5,125,2,0.8367329140344921,-0.5476112038402312
"DHS115-Hermosa Beach, Los Angeles",DHS115,2021-05-06,10.0,11.401,10.0,1,33.8522,-118.399,0.7687916666666667,1.2950000000000002,18.208333333333332,,,,,,,,,,,,5,126,3,0.8271893372462497,-0.5619233046832195
"DHS115-Hermosa Beach, Los Angeles",DHS115,2021-05-07,10.0,10.621,10.0,1,33.8522,-118.399,0.7708333333333334,1.286,18.1125,,,,,,,,,,,,5,127,4,0.8174009818249189,-0.5760691233798758
"DHS115-Hermosa Beach, Los Angeles",DHS115,2021-05-10,10.0,10.682,10.0,3,33.8522,-118.399,0.7710416666666666,1.621,18.145833333333332,,,,,,,,,,,,5,130,0,0.7865965660866021,-0.6174672802835514
"DHS115-Hermosa Beach, Los Angeles",DHS115,2021-05-11,10.0,10.65,10.0,1,33.8522,-118.399,0.7714166666666666,1.745,18.491666666666667,,,,,,,,,,,,5,131,1,0.7758587728069828,-0.6309066211876704
"DHS115-Hermosa Beach, Los Angeles",DHS115,2021-05-12,10.0,10.65,10.0,1,33.8522,-118.399,0.7717916666666667,1.764,18.304166666666667,,,,,,,,,,,,5,132,2,0.7648913904341226,-0.6441592666722685
"DHS115-Hermosa Beach, Los Angeles",DHS115,2021-05-13,10.0,10.621,10.0,1,33.8522,-118.399,0.7724166666666666,1.795,17.827272727272728,,,,,,,,,,,,5,133,3,0.753697664392914,-0.6572212950663319
"DHS115-Hermosa Beach, Los Angeles",DHS115,2021-05-14,10.0,10.306,10.0,1,33.8522,-118.399,0.7725833333333334,1.729,17.45,,,,,,,,,,,,5,134,4,0.742280907086982,-0.6700888411055113
"DHS115-Hermosa Beach, Los Angeles",DHS115,2021-05-18,10.0,10.336,10.0,4,33.8522,-118.399,0.7786666666666666,1.248,18.308333333333334,,,,,,,,,,,,5,138,1,0.6944521021088763,-0.719538934232584
"DHS115-Hermosa Beach, Los Angeles",DHS115,2021-05-19,10.0,10.336,10.0,1,33.8522,-118.399,0.78125,1.149,18.320833333333333,,,,,,,,,,,,5,139,2,0.6819721490904629,-0.7313781428679254
"DHS115-Hermosa Beach, Los Angeles",DHS115,2021-05-20,10.0,10.32,10.0,1,33.8522,-118.399,0.7829583333333333,1.121,18.6375,,,,,,,,,,,,5,140,3,0.6692903895412567,-0.7430009249440493
"DHS115-Hermosa Beach, Los Angeles",DHS115,2021-05-21,10.0,10.336,10.0,1,33.8522,-118.399,0.7832500000000001,1.166,18.754166666666666,,,,,,,,,,,,5,141,4,0.6564105761979381,-0.7544038410927472
"DHS115-Hermosa Beach, Los Angeles",DHS115,2021-05-24,10.0,10.353,10.0,3,33.8522,-118.399,0.7845,1.896,19.1125,,,,,,,,,,,,5,144,0,0.6166212130956382,-0.7872599821916922
"DHS115-Hermosa Beach, Los Angeles",DHS115,2021-05-25,10.0,10.336,10.0,1,33.8522,-118.399,0.7883333333333334,2.257,18.370833333333334,,,,,,,,,,,,5,145,1,0.6029878670694714,-0.7977503570459932
"DHS115-Hermosa Beach, Los Angeles",DHS115,2021-05-26,10.0,10.0,10.0,1,33.8522,-118.399,0.7938333333333333,2.497,19.2,,,,,,,,,,,,5,146,2,0.5891760872322963,-0.8080046647350754
"DHS115-Hermosa Beach, Los Angeles",DHS115,2021-05-27,10.0,10.0,10.0,1,33.8522,-118.399,0.7993333333333333,2.556,18.995833333333334,,,,,,,,,,,,5,147,3,0.5751899607119775,-0.8180198708443175
"DHS115-Hermosa Beach, Los Angeles",DHS115,2021-05-28,10.0,10.0,10.0,1,33.8522,-118.399,0.8029583333333333,2.493,19.329166666666666,,,,,,,,,,,,5,148,4,0.5610336262283677,-0.8277930117131022
"DHS115-Hermosa Beach, Los Angeles",DHS115,2021-06-01,10.0,10.0,10.0,4,33.8522,-118.399,0.8016666666666666,1.3840000000000001,19.054166666666667,,,,,,,,,,,,6,152,1,0.5027907197793043,-0.8644081744776648
"DHS115-Hermosa Beach, Los Angeles",DHS115,2021-06-02,10.0,10.0,10.0,1,33.8522,-118.399,0.8032083333333334,1.139,18.854166666666668,,,,,,,,,,,,6,153,2,0.4878471454423119,-0.8729290708206411
"DHS115-Hermosa Beach, Los Angeles",DHS115,2021-06-03,10.0,10.0,10.0,1,33.8522,-118.399,0.8057916666666666,1.121,18.55,,,,,,,,,,,,6,154,3,0.47275920928627757,-0.881191653407483
"DHS115-Hermosa Beach, Los Angeles",DHS115,2021-06-04,10.0,10.0,10.0,1,33.8522,-118.399,0.8084583333333333,1.122,18.849999999999998,,,,,,,,,,,,6,155,4,0.4575313760742512,-0.8891934772070711
"DHS115-Hermosa Beach, Los Angeles",DHS115,2021-06-05,10.0,10.0,10.0,1,33.8522,-118.399,0.81025,1.1840000000000002,19.474999999999998,,,,,,,,,,,,6,156,5,0.44216815196707204,-0.8969321743510065
"DHS115-Hermosa Beach, Los Angeles",DHS115,2021-06-08,10.0,10.0,10.0,3,33.8522,-118.399,0.8132916666666667,1.7510000000000001,18.979166666666668,,,,,,,,,,,,6,159,1,0.3953117887649151,-0.9185469991587165
"DHS115-Hermosa Beach, Los Angeles",DHS115,2021-06-09,10.0,10.0,10.0,1,33.8522,-118.399,0.8155,1.845,19.337500000000002,,,,,,,,,,,,6,160,2,0.37945284372454435,-0.925211078289358
"DHS115-Hermosa Beach, Los Angeles",DHS115,2021-06-10,10.0,10.0,10.0,1,33.8522,-118.399,0.81875,1.924,18.8125,,,,,,,,,,,,6,161,3,0.36348161248290634,-0.9316013725767187
"DHS115-Hermosa Beach, Los Angeles",DHS115,2021-06-11,10.0,10.0,10.0,1,33.8522,-118.399,0.8219583333333333,1.9309999999999998,18.583333333333332,,,,,,,,,,,,6,162,4,0.3474028211842774,-0.9377159910299093
"DHS115-Hermosa Beach, Los Angeles",DHS115,2021-06-14,10.0,10.0,10.0,3,33.8522,-118.399,0.8306666666666667,1.723,18.691666666666666,,,,,,,,,,,,6,165,0,0.2985688173637202,-0.9543881083175908
"DHS115-Hermosa Beach, Los Angeles",DHS115,2021-06-15,10.0,10.0,10.0,1,33.8522,-118.399,0.834,1.565,17.825,,,,,,,,,,,,6,166,1,0.2821076626819194,-0.9593827529490743
"DHS115-Hermosa Beach, Los Angeles",DHS115,2021-06-16,10.0,10.0,10.0,1,33.8522,-118.399,0.8369166666666666,1.365,18.008333333333333,,,,,,,,,,,,6,167,2,0.26556302780405594,-0.9640935007889755
"DHS115-Hermosa Beach, Los Angeles",DHS115,2021-06-17,10.0,10.0,10.0,1,33.8522,-118.399,0.8381666666666666,1.1589999999999998,18.974999999999998,,,,,,,,,,,,6,168,3,0.24893980855376657,-0.9685189578512204
"DHS115-Hermosa Beach, Los Angeles",DHS115,2021-06-18,10.0,10.0,10.0,1,33.8522,-118.399,0.83675,1.113,18.9125,,,,,,,,,,,,6,169,4,0.23224292400907015,-0.9726578145718654
"DHS115-Hermosa Beach, Los Angeles",DHS115,2021-06-21,10.0,10.0,10.0,3,33.8522,-118.399,0.826375,1.7020000000000002,19.587500000000002,,,,,,,,,,,,6,172,0,0.18175978759137534,-0.9833429613388902
"DHS115-Hermosa Beach, Los Angeles",DHS115,2021-06-22,10.0,10.0,10.0,1,33.8522,-118.399,0.8283333333333333,2.122,19.304166666666667,,,,,,,,,,,,6,173,1,0.16481784665719793,-0.9863240225317866
"DHS115-Hermosa Beach, Los Angeles",DHS115,2021-06-24,10.0,10.0,10.0,2,33.8522,-118.399,0.8452916666666667,2.59,18.741666666666667,,,,,,,,,,,,6,175,3,0.13079267585675922,-0.9914097417023038
"DHS115-Hermosa Beach, Los Angeles",DHS115,2021-06-25,10.0,10.0,10.0,1,33.8522,-118.399,0.8557916666666667,2.6220000000000003,18.8625,,,,,,,,,,,,6,176,4,0.11371951458594969,-0.9935128947338007
"DHS115-Hermosa Beach, Los Angeles",DHS115,2021-06-28,10.0,10.0,10.0,3,33.8522,-118.399,0.8663333333333334,2.002,18.8,,,,,,,,,,,,6,179,0,0.062318379354325076,-0.998056320853012
"DHS115-Hermosa Beach, Los Angeles",DHS115,2021-06-29,10.0,10.0,10.0,1,33.8522,-118.399,0.8635416666666668,1.631,19.758333333333333,,,,,,,,,,,,6,180,1,0.04514101777397193,-0.9989806246941579
"DHS115-Hermosa Beach, Los Angeles",DHS115,2021-06-30,10.0,10.0,10.0,1,33.8522,-118.399,0.8606666666666666,1.2449999999999999,19.341666666666665,,,,,,,,,,,,6,181,2,0.02795029824021032,-0.999609314096404
"DHS115-Hermosa Beach, Los Angeles",DHS115,2021-07-01,10.0,10.0,10.0,1,33.8522,-118.399,0.8589583333333333,1.068,19.558333333333334,,,,,,,,,,,,7,182,3,0.01075130776352193,-0.9999422030204416
"DHS115-Hermosa Beach, Los Angeles",DHS115,2021-07-02,10.0,10.0,10.0,1,33.8522,-118.399,0.85875,0.9410000000000001,19.525000000000002,,,,,,,,,,,,7,183,4,-0.00645086419810515,-0.9999791929590823
"DHS115-Hermosa Beach, Los Angeles",DHS115,2021-07-06,10.0,10.0,10.0,4,33.8522,-118.399,0.859375,1.583,20.366666666666667,,,,,,,,,,,,7,187,1,-0.07518957641475855,-0.9971692572470178
"DHS115-Hermosa Beach, Los Angeles",DHS115,2021-07-07,10.0,10.0,10.0,1,33.8522,-118.399,0.861125,1.756,20.579166666666666,,,,,,,,,,,,7,188,2,-0.09233133369539123,-0.9957283388645872
"DHS115-Hermosa Beach, Los Angeles",DHS115,2021-07-08,10.0,10.0,10.0,1,33.8522,-118.399,0.8646250000000001,1.886,21.320833333333333,,,,,,,,,,,,7,189,3,-0.10944576864891556,-0.993992768446958
"DHS115-Hermosa Beach, Los Angeles",DHS115,2021-07-09,10.0,10.0,10.0,1,33.8522,-118.399,0.8697499999999999,1.9869999999999999,21.3875,,,,,,,,,,,,7,190,4,-0.12652781683868314,-0.9919630595773397
"DHS115-Hermosa Beach, Los Angeles",DHS115,2021-07-10,10.0,10.0,10.0,1,33.8522,-118.399,0.8755833333333333,2.032,20.425,,,,,,,,,,,,7,191,5,-0.1435724234118113,-0.9896398128792412
"DHS115-Hermosa Beach, Los Angeles",DHS115,2021-07-12,10.0,10.0,10.0,2,33.8522,-118.399,0.8875833333333333,1.966,22.25,,,,,,,,,,,,7,193,0,-0.17752914918703497,-0.984115542601034
"DHS115-Hermosa Beach, Los Angeles",DHS115,2021-07-13,10.0,10.0,10.0,1,33.8522,-118.399,0.8926249999999999,1.839,22.266666666666666,,,,,,,,,,,,7,194,1,-0.19443122004766195,-0.9809161537413774
"DHS115-Hermosa Beach, Los Angeles",DHS115,2021-07-14,10.0,10.0,10.0,1,33.8522,-118.399,0.8961250000000001,1.6369999999999998,22.1125,,,,,,,,,,,,7,195,2,-0.2112757555821793,-0.9774264960104055
"DHS115-Hermosa Beach, Los Angeles",DHS115,2021-07-16,10.0,10.0,10.0,2,33.8522,-118.399,0.8937916666666667,1.142,22.59583333333333,,,,,,,,,,,,7,197,4,-0.24477230089725957,-0.9695805901076308
"DHS115-Hermosa Beach, Los Angeles",DHS115,2021-07-19,10.0,10.0,10.0,3,33.8522,-118.399,0.8698333333333333,1.469,22.570833333333336,,,,,,,,,,,,7,200,0,-0.2944616217868012,-0.9556633054034704
"DHS115-Hermosa Beach, Los Angeles",DHS115,2021-07-20,10.0,10.0,10.0,1,33.8522,-118.399,0.8659166666666667,1.847,22.075,,,,,,,,,,,,7,201,1,-0.3108569682435036,-0.9504567035349151
"DHS115-Hermosa Beach, Los Angeles",DHS115,2021-07-22,10.0,10.0,10.0,2,33.8522,-118.399,0.8785,2.405,19.86470588235294,,,,,,,,,,,,7,203,3,-0.34336687399638804,-0.939201357453208
"DHS115-Hermosa Beach, Los Angeles",DHS115,2021-07-23,10.0,10.0,10.0,1,33.8522,-118.399,0.8920416666666666,2.509,21.295833333333334,,,,,,,,,,,,7,204,4,-0.3594718130884232,-0.9331559438780432
"DHS115-Hermosa Beach, Los Angeles",DHS115,2021-07-26,10.0,10.0,10.0,3,33.8522,-118.399,0.9191250000000001,2.154,20.625,,,,,,,,,,,,7,207,0,-0.4071294853542516,-0.9133704517637858
"DHS115-Hermosa Beach, Los Angeles",DHS115,2021-07-27,10.0,10.0,10.0,1,33.8522,-118.399,0.9182083333333333,1.814,21.3125,,,,,,,,,,,,7,208,1,-0.4227806579826773,-0.9062320427107697
"DHS115-Hermosa Beach, Los Angeles",DHS115,2021-07-28,10.0,10.0,10.0,0,33.8522,-118.399,0.9140416666666668,1.462,19.445833333333333,,,,,,,,,,,,7,209,2,-0.4383067230125192,-0.898825465016444
"DHS115-Hermosa Beach, Los Angeles",DHS115,2021-07-29,10.0,10.0,10.0,1,33.8522,-118.399,0.90875,1.058,18.720833333333335,,,,,,,,,,,,7,210,3,-0.45370308603134424,-0.8911529104063088
"DHS115-Hermosa Beach, Los Angeles",DHS115,2021-07-30,10.0,10.0,10.0,0,33.8522,-118.399,0.904,0.906,17.1,,,,,,,,,,,,7,211,4,-0.46896519100763184,-0.8832166493127127
"DHS115-Hermosa Beach, Los Angeles",DHS115,2021-08-01,10.0,10.0,10.0,2,33.8522,-118.399,0.8966666666666666,0.8979999999999999,14.304166666666667,,,,,,,,,,,,8,213,6,-0.4990686026885319,-0.8665624788845385
"DHS115-Hermosa Beach, Los Angeles",DHS115,2021-08-02,10.0,10.0,10.0,1,33.8522,-118.399,0.8934583333333334,1.089,13.69090909090909,,,,,,,,,,,,8,214,0,-0.5139010013093103,-0.8578494977869301
"DHS115-Hermosa Beach, Los Angeles",DHS115,2021-08-03,10.0,10.0,10.0,0,33.8522,-118.399,0.8912083333333333,1.2919999999999998,13.916666666666666,,,,,,,,,,,,8,215,1,-0.5285813283559292,-0.8488826652214553
"DHS115-Hermosa Beach, Los Angeles",DHS115,2021-08-04,10.0,10.0,10.0,0,33.8522,-118.399,0.8904166666666667,1.497,14.233333333333334,,,,,,,,,,,,8,216,2,-0.5431052396834317,-0.8396646346181327
"DHS115-Hermosa Beach, Los Angeles",DHS115,2021-08-05,10.0,10.0,10.0,0,33.8522,-118.399,0.8921250000000001,1.695,14.829166666666666,,,,,,,,,,,,8,217,3,-0.5574684374327892,-0.8301981337405212
"DHS115-Hermosa Beach, Los Angeles",DHS115,2021-08-06,10.0,10.0,10.0,0,33.8522,-118.399,0.8965416666666667,1.868,16.791666666666668,,,,,,,,,,,,8,218,4,-0.5716666713027052,-0.8204859638785327
"DHS115-Hermosa Beach, Los Angeles",DHS115,2021-08-07,10.0,10.0,10.0,1,33.8522,-118.399,0.9035833333333333,1.98,19.370833333333334,,,,,,,,,,,,8,219,5,-0.5856957398073508,-0.8105309990194823
"DHS115-Hermosa Beach, Los Angeles",DHS115,2021-08-08,10.0,10.0,10.0,1,33.8522,-118.399,0.9122083333333334,2.077,18.7625,,,,,,,,,,,,8,220,6,-0.5995514915196489,-0.8003361849976323
"DHS115-Hermosa Beach, Los Angeles",DHS115,2021-08-09,10.0,10.0,10.0,1,33.8522,-118.399,0.9217916666666667,2.068,19.175,,,,,,,,,,,,8,221,0,-0.6132298262997502,-0.7899045386224707
"DHS115-Hermosa Beach, Los Angeles",DHS115,2021-08-10,86.0,10.77,86.0,0,33.8522,-118.399,0.9305833333333333,1.985,19.104166666666668,,,,,,,,,,,,8,222,1,-0.6267266965083301,-0.7792391467859886
"DHS115-Hermosa Beach, Los Angeles",DHS115,2021-08-11,10.0,10.744,10.0,0,33.8522,-118.399,0.9365833333333332,1.7999999999999998,18.445833333333333,,,,,,,,,,,,8,223,2,-0.6400381082043503,-0.7683431655492202
"DHS115-Hermosa Beach, Los Angeles",DHS115,2021-08-12,10.0,10.696,10.0,0,33.8522,-118.399,0.9380000000000001,1.496,16.770833333333332,,,,,,,,,,,,8,224,3,-0.65316012232693,-0.7572198192083127
"DHS115-Hermosa Beach, Los Angeles",DHS115,2021-08-13,10.0,10.674,10.0,1,33.8522,-118.399,0.9337083333333333,1.2120000000000002,17.375,,,,,,,,,,,,8,225,4,-0.666088855860977,-0.7458723993404063
"DHS115-Hermosa Beach, Los Angeles",DHS115,2021-08-16,10.0,10.696,10.0,3,33.8522,-118.399,0.89575,1.369,18.383333333333333,,,,,,,,,,,,8,228,0,-0.7036774074790128,-0.7105196029692745
"DHS115-Hermosa Beach, Los Angeles",DHS115,2021-08-17,10.0,10.674,10.0,1,33.8522,-118.399,0.886,1.562,20.704166666666666,,,,,,,,,,,,8,229,1,-0.7157953492826642,-0.6983101158835584
"DHS115-Hermosa Beach, Los Angeles",DHS115,2021-08-18,10.0,10.674,10.0,0,33.8522,-118.399,0.8832916666666666,1.845,21.366666666666664,,,,,,,,,,,,8,230,2,-0.7277014757264236,-0.6858939875998223
"DHS115-Hermosa Beach, Los Angeles",DHS115,2021-08-20,10.0,10.653,10.0,2,33.8522,-118.399,0.9009583333333334,2.24,20.958333333333332,,,,,,,,,,,,8,232,4,-0.7508642533989489,-0.6604565640279754
"DHS115-Hermosa Beach, Los Angeles",DHS115,2021-08-23,10.0,10.674,10.0,3,33.8522,-118.399,0.9382083333333333,2.087,21.474999999999998,,,,,,,,,,,,8,235,0,-0.7839338166829201,-0.620844401650647
"DHS115-Hermosa Beach, Los Angeles",DHS115,2021-08-24,10.0,10.653,10.0,1,33.8522,-118.399,0.9417916666666666,1.836,21.46666666666667,,,,,,,,,,,,8,236,1,-0.7944973291665992,-0.6072676460566135
"DHS115-Hermosa Beach, Los Angeles",DHS115,2021-08-25,10.0,10.653,10.0,0,33.8522,-118.399,0.9405,1.524,21.25,,,,,,,,,,,,8,237,2,-0.8048257371083452,-0.593511190196115
"DHS115-Hermosa Beach, Los Angeles",DHS115,2021-08-26,10.0,10.616,10.0,0,33.8522,-118.399,0.9353750000000001,1.167,19.979166666666668,,,,,,,,,,,,8,238,3,-0.8149159841660791,-0.5795791048257612
"DHS115-Hermosa Beach, Los Angeles",DHS115,2021-08-27,10.0,10.616,10.0,1,33.8522,-118.399,0.9285833333333334,0.9510000000000001,19.708333333333332,,,,,,,,,,,,8,239,4,-0.8247650844733614,-0.5654755126737576
"DHS115-Hermosa Beach, Los Angeles",DHS115,2021-08-30,10.0,10.674,10.0,3,33.8522,-118.399,0.9065416666666667,0.866,19.404166666666665,,,,,,,,,,,,8,242,0,-0.8528367217694595,-0.522177676659508
"DHS115-Hermosa Beach, Los Angeles",DHS115,2021-08-31,10.0,10.653,10.0,1,33.8522,-118.399,0.9005416666666667,1.002,19.204166666666666,,,,,,,,,,,,8,243,1,-0.8616928164028521,-0.5074302810827518
"DHS115-Hermosa Beach, Los Angeles",DHS115,2021-09-01,10.0,10.674,10.0,0,33.8522,-118.399,0.8961666666666667,1.17,20.162499999999998,,,,,,,,,,,,9,244,2,-0.8702939222685674,-0.49253272872205434
"DHS115-Hermosa Beach, Los Angeles",DHS115,2021-09-02,10.0,10.634,10.0,0,33.8522,-118.399,0.8941666666666667,1.376,20.091666666666665,,,,,,,,,,,,9,245,3,-0.8786374941610001,-0.4774894280028391
"DHS115-Hermosa Beach, Los Angeles",DHS115,2021-09-03,10.0,10.653,10.0,1,33.8522,-118.399,0.8951250000000001,1.593,17.854166666666668,,,,,,,,,,,,9,246,4,-0.886721063082993,-0.46230483047981086
"DHS115-Hermosa Beach, Los Angeles",DHS115,2021-09-08,20.0,11.111,20.0,0,33.8522,-118.399,0.9450416666666667,1.799,19.754166666666666,,,,,,,,,,,,9,251,2,-0.9231578729647039,-0.38442104726885545
"DHS115-Hermosa Beach, Los Angeles",DHS115,2021-09-10,10.0,10.27,10.0,2,33.8522,-118.399,0.9480416666666667,1.404,18.491666666666667,,,,,,,,,,,,9,253,4,-0.9358348973349941,-0.35243871088460327
"DHS115-Hermosa Beach, Los Angeles",DHS115,2021-09-11,10.0,10.293,10.0,1,33.8522,-118.399,0.9370416666666667,1.4,17.287499999999998,,,,,,,,,,,,9,254,5,-0.9417589340994617,-0.33628873017668287
"DHS115-Hermosa Beach, Los Angeles",DHS115,2021-09-13,10.0,10.293,10.0,2,33.8522,-118.399,0.899625,1.369,16.779166666666665,,,,,,,,,,,,9,256,0,-0.9527692922168511,-0.30369503751065885
"DHS115-Hermosa Beach, Los Angeles",DHS115,2021-09-14,10.0,10.281,10.0,1,33.8522,-118.399,0.8832083333333333,1.463,16.616666666666667,,,,,,,,,,,,9,257,1,-0.9578523554276669,-0.28726097055059635
"DHS115-Hermosa Beach, Los Angeles",DHS115,2021-09-15,10.0,10.281,10.0,0,33.8522,-118.399,0.874625,1.56,18.183333333333334,,,,,,,,,,,,9,258,2,-0.9626519747161487,-0.2707418984477642
"DHS115-Hermosa Beach, Los Angeles",DHS115,2021-09-16,10.0,10.26,10.0,0,33.8522,-118.399,0.8753333333333333,1.7510000000000001,18.241666666666667,,,,,,,,,,,,9,259,3,-0.9671667297977312,-0.2541427094613622
"DHS115-Hermosa Beach, Los Angeles",DHS115,2021-09-17,10.0,10.27,10.0,1,33.8522,-118.399,0.8842916666666666,1.896,18.079166666666666,,,,,,,,,,,,9,260,4,-0.97139528468375,-0.23746831555846842
"DHS115-Hermosa Beach, Los Angeles",DHS115,2021-09-20,10.0,10.27,10.0,3,33.8522,-118.399,0.9234166666666667,1.8339999999999999,16.5,,,,,,,,,,,,9,263,0,-0.9823516608469237,-0.18704334906991657
"DHS115-Hermosa Beach, Los Angeles",DHS115,2021-09-21,10.0,10.26,10.0,1,33.8522,-118.399,0.9307500000000001,1.659,16.25,,,,,,,,,,,,9,264,1,-0.9854237542919524,-0.17011767832049052
"DHS115-Hermosa Beach, Los Angeles",DHS115,2021-09-22,10.0,10.26,10.0,1,33.8522,-118.399,0.9334166666666667,1.4120000000000001,15.870833333333332,,,,,,,,,,,,9,265,2,-0.9882042449941422,-0.15314166701312007
"DHS115-Hermosa Beach, Los Angeles",DHS115,2021-09-23,10.0,10.26,10.0,1,33.8522,-118.399,0.9319166666666666,1.358,16.775000000000002,,,,,,,,,,,,9,266,3,-0.9906923101615609,-0.13612033862266704
"DHS115-Hermosa Beach, Los Angeles",DHS115,2021-09-24,10.0,10.251,10.0,1,33.8522,-118.399,0.926875,1.3050000000000002,17.533333333333335,,,,,,,,,,,,9,267,4,-0.9928872135356962,-0.11905873003404988
"DHS115-Hermosa Beach, Los Angeles",DHS115,2021-09-27,10.0,10.293,10.0,3,33.8522,-118.399,0.9011666666666667,0.9839999999999999,17.349999999999998,,,,,,,,,,,,9,270,0,-0.9977068927101168,-0.06768276175455162
"DHS115-Hermosa Beach, Los Angeles",DHS115,2021-09-28,10.0,10.281,10.0,1,33.8522,-118.399,0.8921250000000001,0.899,16.633333333333333,,,,,,,,,,,,9,271,1,-0.9987235240803972,-0.050510617185222886
"DHS115-Hermosa Beach, Los Angeles",DHS115,2021-09-29,10.0,10.281,10.0,1,33.8522,-118.399,0.8843333333333333,0.9640000000000001,17.454166666666666,,,,,,,,,,,,9,272,2,-0.9994446170919858,-0.033323525711631344
"DHS115-Hermosa Beach, Los Angeles",DHS115,2021-09-30,10.0,10.27,10.0,1,33.8522,-118.399,0.8782083333333333,1.069,18.525000000000002,,,,,,,,,,,,9,273,3,-0.9998699583618592,-0.016126573270657762
"DHS115-Hermosa Beach, Los Angeles",DHS115,2021-10-01,10.0,10.27,10.0,1,33.8522,-118.399,0.8745416666666667,1.24,18.087500000000002,,,,,,,,,,,,10,274,4,-0.9999994220246925,0.001075151282798226
"DHS115-Hermosa Beach, Los Angeles",DHS115,2021-10-04,10.0,10.32,10.0,3,33.8522,-118.399,0.8900416666666667,1.698,17.595833333333335,,,,,,,,,,,,10,277,0,-0.9986126020839734,0.052658056924614005
"DHS115-Hermosa Beach, Los Angeles",DHS115,2021-10-05,10.0,10.306,10.0,1,33.8522,-118.399,0.9049583333333334,1.713,17.158333333333335,,,,,,,,,,,,10,278,1,-0.9975590477788613,0.06982797572987089
"DHS115-Hermosa Beach, Los Angeles",DHS115,2021-10-06,10.0,10.293,10.0,1,33.8522,-118.399,0.9213333333333332,1.672,18.245833333333334,,,,,,,,,,,,10,279,2,-0.9962102997023297,0.0869772313136861
"DHS115-Hermosa Beach, Los Angeles",DHS115,2021-10-07,10.0,10.281,10.0,1,33.8522,-118.399,0.93425,1.8270000000000002,18.3875,,,,,,,,,,,,10,280,3,-0.9945667569706337,0.1041007489354256
"DHS115-Hermosa Beach, Los Angeles",DHS115,2021-10-08,10.0,10.0,10.0,1,33.8522,-118.399,0.9389166666666666,1.878,18.675,,,,,,,,,,,,10,281,4,-0.9926289059345095,0.12119346147073601
"DHS115-Hermosa Beach, Los Angeles",DHS115,2021-10-12,10.0,10.0,10.0,4,33.8522,-118.399,0.86875,1.534,18.658333333333335,,,,,,,,,,,,10,285,1,-0.981947190186646,0.18915526872004093
"DHS115-Hermosa Beach, Los Angeles",DHS115,2021-10-13,10.0,10.0,10.0,1,33.8522,-118.399,0.8530833333333333,1.478,18.099999999999998,,,,,,,,,,,,10,286,2,-0.9785481345802031,0.20601832032517084
"DHS115-Hermosa Beach, Los Angeles",DHS115,2021-10-14,31.0,10.483,10.0,1,33.8522,-118.399,0.8476666666666667,1.47,17.616666666666667,,,,,,,,,,,,10,287,3,-0.9748595108374125,0.22282040779479959
"DHS115-Hermosa Beach, Los Angeles",DHS115,2021-10-15,10.0,10.483,31.0,1,33.8522,-118.399,0.8524166666666666,1.555,17.022727272727273,,,,,,,,,,,,10,288,4,-0.9708824104813836,0.2395565591209271
"DHS115-Hermosa Beach, Los Angeles",DHS115,2021-10-16,10.0,10.504,10.0,1,33.8522,-118.399,0.86375,1.589,17.2,,,,,,,,,,,,10,289,5,-0.9666180104000972,0.2562218218071163
"DHS115-Hermosa Beach, Los Angeles",DHS115,2021-10-18,10.0,10.554,10.0,2,33.8522,-118.399,0.8897916666666666,1.53,18.566666666666666,,,,,,,,,,,,10,291,0,-0.957232443323312,0.2893199776186952
"DHS115-Hermosa Beach, Los Angeles",DHS115,2021-10-19,10.0,10.528,10.0,1,33.8522,-118.399,0.899,1.532,18.0625,,,,,,,,,,,,10,292,1,-0.9521140536681102,0.3057430764672831
"DHS115-Hermosa Beach, Los Angeles",DHS115,2021-10-20,10.0,10.528,10.0,1,33.8522,-118.399,0.9044166666666666,1.617,18.320833333333333,,,,,,,,,,,,10,293,2,-0.9467139181463862,0.3220757010206104
"DHS115-Hermosa Beach, Los Angeles",DHS115,2021-10-21,120.0,11.703,10.0,1,33.8522,-118.399,0.9067500000000001,1.647,18.316666666666666,,,,,,,,,,,,10,294,3,-0.9410336347451197,0.3383130181923075
"DHS115-Hermosa Beach, Los Angeles",DHS115,2021-10-22,10.0,11.703,120.0,1,33.8522,-118.399,0.9058333333333334,1.6340000000000001,18.075,,,,,,,,,,,,10,295,4,-0.9350748843515574,0.3544502230989869
"DHS115-Hermosa Beach, Los Angeles",DHS115,2021-10-25,10.0,11.879,10.0,3,33.8522,-118.399,0.8869166666666667,1.3559999999999999,18.091666666666665,,,,,,,,,,,,10,298,0,-0.9155458729775467,0.40221356823680365
"DHS115-Hermosa Beach, Los Angeles",DHS115,2021-10-26,63.0,12.815,10.0,1,33.8522,-118.399,0.8770416666666666,1.202,17.8,,,,,,,,,,,,10,299,1,-0.9084917035725082,0.41790288888678667
"DHS115-Hermosa Beach, Los Angeles",DHS115,2021-10-27,10.0,12.815,63.0,1,33.8522,-118.399,0.86725,1.056,17.966666666666665,,,,,,,,,,,,10,300,2,-0.9011686968561569,0.4334685453485363
"DHS115-Hermosa Beach, Los Angeles",DHS115,2021-10-28,10.0,12.678,10.0,1,33.8522,-118.399,0.8581666666666666,0.999,17.470833333333335,,,,,,,,,,,,10,301,3,-0.8935790198239952,0.4489059314938798
"DHS115-Hermosa Beach, Los Angeles",DHS115,2021-10-29,10.0,12.678,10.0,1,33.8522,-118.399,0.8504166666666667,1.055,16.8875,,,,,,,,,,,,10,302,4,-0.8857249183835637,0.4642104791518923
"DHS115-Hermosa Beach, Los Angeles",DHS115,2021-11-01,20.0,13.403,10.0,3,33.8522,-118.399,0.848875,1.412,18.295833333333334,,,,,,,,,,,,11,305,0,-0.8605996962501181,0.5092820071573356
"DHS115-Hermosa Beach, Los Angeles",DHS115,2021-11-02,10.0,13.225,20.0,1,33.8522,-118.399,0.861125,1.553,17.783333333333335,,,,,,,,,,,,11,306,1,-0.8517119107469189,0.5240103253675756
"DHS115-Hermosa Beach, Los Angeles",DHS115,2021-11-03,10.0,13.225,10.0,1,33.8522,-118.399,0.8789583333333333,1.87,16.287499999999998,,,,,,,,,,,,11,307,2,-0.8425720899866032,0.5385835804920232
"DHS115-Hermosa Beach, Los Angeles",DHS115,2021-11-05,10.0,13.225,10.0,2,33.8522,-118.399,0.9121666666666667,2.29,16.433333333333334,,,,,,,,,,,,11,309,4,-0.8235472349556007,0.5672476988027229
"DHS115-Hermosa Beach, Los Angeles",DHS115,2021-11-08,10.0,13.6,10.0,3,33.8522,-118.399,0.884125,2.142,17.545833333333334,,,,,,,,,,,,11,312,0,-0.7931896839451843,0.6089746507720486
"DHS115-Hermosa Beach, Los Angeles",DHS115,2021-11-12,10.0,13.6,10.0,4,33.8522,-118.399,0.8197083333333333,1.335,17.445833333333333,,,,,,,,,,,,11,316,4,-0.7494423368521953,0.6620696215153815
"DHS115-Hermosa Beach, Los Angeles",DHS115,2021-11-15,10.0,13.216,10.0,3,33.8522,-118.399,0.8515833333333332,1.418,16.754166666666666,,,,,,,,,,,,11,319,0,-0.7142921172691032,0.699847677146407
"DHS115-Hermosa Beach, Los Angeles",DHS115,2021-11-16,10.0,13.216,10.0,1,33.8522,-118.399,0.8621249999999999,1.592,16.720833333333335,,,,,,,,,,,,11,320,1,-0.7021479494046978,0.712031078778713
"DHS115-Hermosa Beach, Los Angeles",DHS115,2021-11-17,52.0,14.483,52.0,0,33.8522,-118.399,0.8699166666666667,1.718,16.7375,,,,,,,,,,,,11,321,2,-0.6897960046655887,0.7240037789593305
"DHS115-Hermosa Beach, Los Angeles",DHS115,2021-11-18,10.0,13.957,10.0,0,33.8522,-118.399,0.874875,1.824,17.404166666666665,,,,,,,,,,,,11,322,3,-0.6772399381909491,0.7357622347736525
"DHS115-Hermosa Beach, Los Angeles",DHS115,2021-11-19,10.0,13.957,10.0,1,33.8522,-118.399,0.8776666666666667,1.863,17.154166666666665,,,,,,,,,,,,11,323,4,-0.6644834655228552,0.7473029667054297
"DHS115-Hermosa Beach, Los Angeles",DHS115,2021-11-22,10.0,12.462,10.0,3,33.8522,-118.399,0.8704166666666667,1.702,16.654166666666665,,,,,,,,,,,,11,326,0,-0.6250496486104377,0.7805849965070866
"DHS115-Hermosa Beach, Los Angeles",DHS115,2021-11-23,20.0,12.761,10.0,1,33.8522,-118.399,0.8624999999999999,1.5999999999999999,17.0125,,,,,,,,,,,,11,327,1,-0.6115298757991053,0.7912213413483807
"DHS115-Hermosa Beach, Los Angeles",DHS115,2021-11-24,10.0,12.761,20.0,1,33.8522,-118.399,0.8530000000000001,1.437,17.375,,,,,,,,,,,,11,328,2,-0.5978291414589552,0.801623551065242
"DHS115-Hermosa Beach, Los Angeles",DHS115,2021-11-25,10.0,12.613,10.0,1,33.8522,-118.399,0.8424583333333334,1.2639999999999998,17.5625,,,,,,,,,,,,11,329,3,-0.5839514998576998,0.8117885474764613
"DHS115-Hermosa Beach, Los Angeles",DHS115,2021-11-26,10.0,11.555,10.0,1,33.8522,-118.399,0.831875,1.118,16.433333333333334,,,,,,,,,,,,11,330,4,-0.5699010576127624,0.821713322596059
"DHS115-Hermosa Beach, Los Angeles",DHS115,2021-11-29,10.0,11.732,10.0,3,33.8522,-118.399,0.8141666666666666,1.216,16.983333333333334,,,,,,,,,,,,11,333,0,-0.5267547528105542,0.8500173118187018
"DHS115-Hermosa Beach, Los Angeles",DHS115,2021-11-30,10.0,11.639,10.0,1,33.8522,-118.399,0.8205,1.394,17.229166666666668,,,,,,,,,,,,11,334,1,-0.5120551783114646,0.8589525565270845
"DHS115-Hermosa Beach, Los Angeles",DHS115,2021-12-01,20.0,11.639,10.0,1,33.8522,-118.399,0.8347916666666667,1.827,17.383333333333333,,,,,,,,,,,,12,335,2,-0.4972040784469378,0.8676336233547726
"DHS115-Hermosa Beach, Los Angeles",DHS115,2021-12-02,10.0,11.555,20.0,1,33.8522,-118.399,0.8547083333333334,2.212,17.275000000000002,,,,,,,,,,,,12,336,3,-0.4822058478963526,0.8760579434344281
"DHS115-Hermosa Beach, Los Angeles",DHS115,2021-12-03,31.0,12.194,10.0,1,33.8522,-118.399,0.8746666666666667,2.451,16.6875,,,,,,,,,,,,12,337,4,-0.46706492487743034,0.8842230238742036
"DHS115-Hermosa Beach, Los Angeles",DHS115,2021-12-06,10.0,12.316,31.0,3,33.8522,-118.399,0.8772083333333334,2.529,15.691666666666668,,,,,,,,,,,,12,340,0,-0.42083100859565564,0.9071390534005044
"DHS115-Hermosa Beach, Los Angeles",DHS115,2021-12-07,10.0,12.194,10.0,1,33.8522,-118.399,0.855125,2.313,15.466666666666667,,,,,,,,,,,,12,341,1,-0.4051645224207563,0.9142437912130223
"DHS115-Hermosa Beach, Los Angeles",DHS115,2021-12-08,50.0,13.166,10.0,1,33.8522,-118.399,0.8299583333333334,2.011,15.683333333333332,,,,,,,,,,,,12,342,2,-0.3893781415452015,0.9210779895789526
"DHS115-Hermosa Beach, Los Angeles",DHS115,2021-12-09,10.0,13.002,50.0,1,33.8522,-118.399,0.80925,1.659,16.283333333333335,,,,,,,,,,,,12,343,3,-0.37347653741307074,0.9276396261490467
"DHS115-Hermosa Beach, Los Angeles",DHS115,2021-12-10,10.0,12.855,10.0,1,33.8522,-118.399,0.797875,1.3339999999999999,15.783333333333333,,,,,,,,,,,,12,344,4,-0.3574644155648614,0.9339267592294762
"DHS115-Hermosa Beach, Los Angeles",DHS115,2021-12-13,10.0,12.855,10.0,3,33.8522,-118.399,0.8153333333333334,1.214,15.908333333333333,,,,,,,,,,,,12,347,0,-0.30881248126625377,0.9511229423235357
"DHS115-Hermosa Beach, Los Angeles",DHS115,2021-12-14,16000.0,17.299,10.0,1,33.8522,-118.399,0.82675,1.469,15.799999999999999,,,,,,,,,,,,12,348,1,-0.29240597695107734,0.9562942772197719
"DHS115-Hermosa Beach, Los Angeles",DHS115,2021-12-15,2300.0,21.698,16000.0,1,33.8522,-118.399,0.8364166666666667,1.629,15.725,,,,,,,,,,,,12,349,2,-0.27591294500296043,0.9611826292540837
"DHS115-Hermosa Beach, Los Angeles",DHS115,2021-12-16,41.0,22.258,2300.0,1,33.8522,-118.399,0.8437916666666667,1.802,15.674999999999999,,,,,,,,,,,,12,350,3,-0.2593382659754056,0.9657865518844574
"DHS115-Hermosa Beach, Los Angeles",DHS115,2021-12-17,160.0,24.868,41.0,1,33.8522,-118.399,0.8491666666666666,1.887,15.629166666666668,,,,,,,,,,,,12,351,4,-0.2426868445825954,0.9701046827361175
"DHS115-Hermosa Beach, Los Angeles",DHS115,2021-12-20,10.0,27.347,160.0,3,33.8522,-118.399,0.8522083333333333,1.948,15.283333333333333,,,,,,,,,,,,12,354,0,-0.19232150523909483,0.9813319716704275
"DHS115-Hermosa Beach, Los Angeles",DHS115,2021-12-21,10.0,26.125,10.0,1,33.8522,-118.399,0.847625,1.8840000000000001,15.145833333333334,,,,,,,,,,,,12,355,1,-0.17541259380427843,0.9844950085880858
"DHS115-Hermosa Beach, Los Angeles",DHS115,2021-12-22,31.0,27.503,10.0,1,33.8522,-118.399,0.8400416666666667,1.794,15.075000000000001,,,,,,,,,,,,12,356,2,-0.15845177496083632,0.9873667175937016
"DHS115-Hermosa Beach, Los Angeles",DHS115,2021-12-23,10.0,26.32,31.0,1,33.8522,-118.399,0.8300000000000001,1.617,15.054166666666667,,,,,,,,,,,,12,357,3,-0.14144406768794202,0.9899462489023779
"DHS115-Hermosa Beach, Los Angeles",DHS115,2021-12-24,10000.0,36.481,10.0,1,33.8522,-118.399,0.8184166666666667,1.4409999999999998,14.895833333333334,,,,,,,,,,,,12,358,4,-0.12439450483979998,0.9922328391893008
"DHS115-Hermosa Beach, Los Angeles",DHS115,2021-12-27,20.0,40.102,10000.0,3,33.8522,-118.399,0.7894583333333333,1.0659999999999998,15.016666666666666,,,,,,,,,,,,12,361,0,-0.07304518821104743,0.9973286321364752
"DHS115-Hermosa Beach, Los Angeles",DHS115,2021-12-28,1200.0,46.801,20.0,1,33.8522,-118.399,0.789625,1.1320000000000001,14.966666666666667,,,,,,,,,,,,12,362,1,-0.05587875690537313,0.9984375616565666
"DHS115-Hermosa Beach, Los Angeles",DHS115,2021-12-29,41.0,49.901,1200.0,1,33.8522,-118.399,0.797875,1.5779999999999998,14.9375,,,,,,,,,,,,12,363,2,-0.03869579017652689,0.9992510374388481
"DHS115-Hermosa Beach, Los Angeles",DHS115,2021-12-30,6500.0,66.984,41.0,1,33.8522,-118.399,0.8134583333333333,2.0020000000000002,14.950000000000001,,,,,,,,,,,,12,364,3,-0.021501372740813793,0.999768818762748
"DHS115-Hermosa Beach, Los Angeles",DHS115,2021-12-31,280.0,71.282,6500.0,1,33.8522,-118.399,0.83325,2.338,15.154166666666667,,,,,,,,,,,,12,365,4,-0.004300592702981974,0.9999907524084426
"DHS115-Hermosa Beach, Los Angeles",DHS115,2022-01-03,41.0,84.268,280.0,3,33.8522,-118.399,0.8604583333333333,2.6559999999999997,15.120833333333332,,,,,,,,,,,,1,3,0,0.051584366869408364,0.9986686402879997
"DHS115-Hermosa Beach, Los Angeles",DHS115,2022-01-04,10.0,76.487,41.0,1,33.8522,-118.399,0.8472083333333332,2.5789999999999997,15.054166666666667,,,,,,,,,,,,1,4,1,0.06875540848113941,0.9976335468520451
"DHS115-Hermosa Beach, Los Angeles",DHS115,2022-01-05,480.0,91.203,10.0,1,33.8522,-118.399,0.8265833333333333,2.344,14.933333333333332,,,,,,,,,,,,1,5,2,0.08590610426133272,0.9963032375991965
"DHS115-Hermosa Beach, Los Angeles",DHS115,2022-01-06,1600.0,103.3,480.0,1,33.8522,-118.399,0.804375,1.9829999999999999,14.869565217391305,,,,,,,,,,,,1,6,3,0.10303137904317879,0.9946781061893646
"DHS115-Hermosa Beach, Los Angeles",DHS115,2022-01-07,10.0,103.3,1600.0,1,33.8522,-118.399,0.7867916666666667,1.567,14.879166666666668,,,,,,,,,,,,1,7,4,0.1201261651823505,0.9927586335250793
"DHS115-Hermosa Beach, Los Angeles",DHS115,2022-01-10,10.0,119.508,10.0,3,33.8522,-118.399,0.7829583333333333,0.997,14.908333333333333,,,,,,,,,,,,1,10,0,0.17117705961019986,0.985240282501282
"DHS115-Hermosa Beach, Los Angeles",DHS115,2022-01-11,10.0,106.764,10.0,1,33.8522,-118.399,0.792625,1.192,14.6875,,,,,,,,,,,,1,11,1,0.18809941761179758,0.9821499931752291
"DHS115-Hermosa Beach, Los Angeles",DHS115,2022-01-12,20.0,110.181,10.0,1,33.8522,-118.399,0.8029166666666666,1.418,14.725,,,,,,,,,,,,1,12,2,0.20496611396949532,0.9787690698649216
"DHS115-Hermosa Beach, Los Angeles",DHS115,2022-01-13,31.0,104.271,20.0,1,33.8522,-118.399,0.811875,1.598,14.720833333333333,,,,,,,,,,,,1,13,3,0.22177215755648186,0.975098513039961
"DHS115-Hermosa Beach, Los Angeles",DHS115,2022-01-14,10.0,75.658,31.0,1,33.8522,-118.399,0.8190416666666667,1.757,14.833333333333334,,,,,,,,,,,,1,14,4,0.23851257519407648,0.9711394088771653
"DHS115-Hermosa Beach, Los Angeles",DHS115,2022-01-18,10.0,58.019,10.0,4,33.8522,-118.399,0.8262916666666666,2.022,15.595833333333333,,,,,,,,,,,,1,18,1,0.3047192331091634,0.9524422234305676
"DHS115-Hermosa Beach, Los Angeles",DHS115,2022-01-19,10.0,58.019,10.0,1,33.8522,-118.399,0.82125,2.014,15.6,,,,,,,,,,,,1,19,2,0.321057654185271,0.9470596510722283
"DHS115-Hermosa Beach, Los Angeles",DHS115,2022-01-20,10.0,53.563,10.0,1,33.8522,-118.399,0.812875,1.8940000000000001,15.354166666666666,,,,,,,,,,,,1,20,3,0.3373010691361842,0.9413968285264122
"DHS115-Hermosa Beach, Los Angeles",DHS115,2022-01-21,10.0,53.563,10.0,1,33.8522,-118.399,0.8019166666666666,1.725,15.116666666666667,,,,,,,,,,,,1,21,4,0.3534446712740877,0.9354554315134164
"DHS115-Hermosa Beach, Los Angeles",DHS115,2022-01-22,10.0,54.976,10.0,1,33.8522,-118.399,0.78925,1.46,14.9125,,,,,,,,,,,,1,22,5,0.3694836834473831,0.9292372181882051
"DHS115-Hermosa Beach, Los Angeles",DHS115,2022-01-24,10.0,39.565,10.0,2,33.8522,-118.399,0.7679999999999999,1.062,14.770833333333334,,,,,,,,,,,,1,24,0,0.4012289854475009,0.9159777842484877
"DHS115-Hermosa Beach, Los Angeles",DHS115,2022-01-25,10.0,37.168,10.0,1,33.8522,-118.399,0.76425,1.0090000000000001,15.120833333333332,,,,,,,,,,,,1,25,1,0.4169258813287287,0.908940487313808
"DHS115-Hermosa Beach, Los Angeles",DHS115,2022-01-26,10.0,36.015,10.0,1,33.8522,-118.399,0.7677916666666667,1.2910000000000001,15.404166666666667,,,,,,,,,,,,1,26,2,0.4324994021339788,0.901634220265486
"DHS115-Hermosa Beach, Los Angeles",DHS115,2022-01-27,52.0,36.595,10.0,1,33.8522,-118.399,0.7785000000000001,1.671,15.516666666666666,,,,,,,,,,,,1,27,3,0.44794493940789115,0.8940611451454876
"DHS115-Hermosa Beach, Los Angeles",DHS115,2022-01-28,31.0,31.216,52.0,1,33.8522,-118.399,0.794,2.037,15.466666666666667,,,,,,,,,,,,1,28,4,0.4632579225674917,0.88622350294858
"DHS115-Hermosa Beach, Los Angeles",DHS115,2022-01-31,10.0,20.39,31.0,3,33.8522,-118.399,0.8282916666666668,2.617,15.533333333333333,,,,,,,,,,,,1,31,0,0.5083564379375122,0.8611467540480452
"DHS115-Hermosa Beach, Los Angeles",DHS115,2022-02-01,10.0,19.741,10.0,1,33.8522,-118.399,0.8243333333333333,2.4939999999999998,15.395833333333334,,,,,,,,,,,,2,32,1,0.5230943033491326,0.8522748088519838
"DHS115-Hermosa Beach, Los Angeles",DHS115,2022-02-02,10.0,18.514,10.0,1,33.8522,-118.399,0.81225,2.426,15.254166666666668,,,,,,,,,,,,2,33,2,0.5376773767406141,0.8431506618282
"DHS115-Hermosa Beach, Los Angeles",DHS115,2022-02-03,10.0,18.025,10.0,1,33.8522,-118.399,0.7953749999999999,2.157,15.141666666666666,,,,,,,,,,,,2,34,3,0.5521013427459208,0.8337770129585915
"DHS115-Hermosa Beach, Los Angeles",DHS115,2022-02-04,10.0,15.527,10.0,1,33.8522,-118.399,0.77825,1.794,15.012500000000001,,,,,,,,,,,,2,35,4,0.5663619330814524,0.8241566360566663
"DHS115-Hermosa Beach, Los Angeles",DHS115,2022-02-07,10.0,12.452,10.0,3,33.8522,-118.399,0.7563333333333334,0.946,14.858333333333334,,,,,,,,,,,,2,38,0,0.6081214998935418,0.7938439653781019
"DHS115-Hermosa Beach, Los Angeles",DHS115,2022-02-08,10.0,12.328,10.0,1,33.8522,-118.399,0.7605833333333334,0.909,15.033333333333333,,,,,,,,,,,,2,39,1,0.6216868902665479,0.7832658619336791
"DHS115-Hermosa Beach, Los Angeles",DHS115,2022-02-11,10.0,12.16,10.0,3,33.8522,-118.399,0.7842083333333334,1.443,14.975,,,,,,,,,,,,2,42,4,0.6612634749656386,0.7501537286959042
"DHS115-Hermosa Beach, Los Angeles",DHS115,2022-02-14,10.0,11.576,10.0,3,33.8522,-118.399,0.7962083333333334,1.9080000000000001,15.166666666666666,,,,,,,,,,,,2,45,0,0.6990793005655562,0.7150441465537444
"DHS115-Hermosa Beach, Los Angeles",DHS115,2022-02-15,63.0,12.599,10.0,1,33.8522,-118.399,0.7963749999999999,2.016,15.345833333333333,,,,,,,,,,,,2,46,1,0.7112757519738152,0.7029130847082615
"DHS115-Hermosa Beach, Los Angeles",DHS115,2022-02-16,72.0,13.689,63.0,1,33.8522,-118.399,0.7942083333333333,1.98,15.058333333333332,,,,,,,,,,,,2,47,2,0.7232617254437388,0.6905740195722293
"DHS115-Hermosa Beach, Los Angeles",DHS115,2022-02-17,10.0,13.689,72.0,1,33.8522,-118.399,0.7894583333333333,1.961,15.241666666666667,,,,,,,,,,,,2,48,3,0.7350336741329412,0.6780306024735382
"DHS115-Hermosa Beach, Los Angeles",DHS115,2022-02-18,10.0,13.495,10.0,1,33.8522,-118.399,0.7815416666666667,1.8419999999999999,15.429166666666667,,,,,,,,,,,,2,49,4,0.746588114532413,0.6652865452111116
"DHS115-Hermosa Beach, Los Angeles",DHS115,2022-02-22,10.0,14.149,10.0,4,33.8522,-118.399,0.7428750000000001,1.107,15.200000000000001,,,,,,,,,,,,2,53,1,0.7905633969115482,0.612380204990065
"DHS115-Hermosa Beach, Los Angeles",DHS115,2022-02-23,10.0,14.149,10.0,1,33.8522,-118.399,0.742375,1.2169999999999999,14.870833333333332,,,,,,,,,,,,2,54,2,0.8009803309782905,0.5986906625177214
"DHS115-Hermosa Beach, Los Angeles",DHS115,2022-02-24,10.0,13.906,10.0,1,33.8522,-118.399,0.7482916666666667,1.411,14.65,,,,,,,,,,,,2,55,3,0.8111602420785621,0.5848239578463322
"DHS115-Hermosa Beach, Los Angeles",DHS115,2022-02-25,10.0,14.149,10.0,1,33.8522,-118.399,0.7588750000000001,1.686,14.775,,,,,,,,,,,,2,56,4,0.8211001178128892,0.5707841943569036
"DHS115-Hermosa Beach, Los Angeles",DHS115,2022-02-26,10.0,13.906,10.0,1,33.8522,-118.399,0.7714166666666666,1.956,14.816666666666668,,,,,,,,,,,,2,57,5,0.8307970168121247,0.5565755266413303
"DHS115-Hermosa Beach, Los Angeles",DHS115,2022-02-28,10.0,12.223,10.0,2,33.8522,-118.399,0.7892083333333333,2.313,14.729166666666666,,,,,,,,,,,,2,59,0,0.8494504794814806,0.527668345562516
"DHS115-Hermosa Beach, Los Angeles",DHS115,2022-03-01,10.0,12.101,10.0,1,33.8522,-118.399,0.790375,2.3089999999999997,14.491666666666667,,,,,,,,,,,,3,60,1,0.8584015232918917,0.512978386299228
"DHS115-Hermosa Beach, Los Angeles",DHS115,2022-03-02,10.0,12.101,10.0,1,33.8522,-118.399,0.7855833333333333,2.169,14.491666666666667,,,,,,,,,,,,3,61,2,0.8670985522812081,0.4981366284784055
"DHS115-Hermosa Beach, Los Angeles",DHS115,2022-03-03,10.0,12.101,10.0,1,33.8522,-118.399,0.7766666666666667,2.02,14.758333333333333,,,,,,,,,,,,3,62,3,0.8755389928586302,0.4831474640149687
"DHS115-Hermosa Beach, Los Angeles",DHS115,2022-03-04,10.0,11.992,10.0,1,33.8522,-118.399,0.7654166666666667,1.788,14.804166666666667,,,,,,,,,,,,3,63,4,0.8837203473619977,0.4680153284438345
"DHS115-Hermosa Beach, Los Angeles",DHS115,2022-03-07,10.0,12.223,10.0,3,33.8522,-118.399,0.7399999999999999,1.129,15.054166666666667,,,,,,,,,,,,3,66,0,0.9066860720977985,0.4218060770826634
"DHS115-Hermosa Beach, Los Angeles",DHS115,2022-03-08,10.0,12.101,10.0,1,33.8522,-118.399,0.7388333333333333,1.024,15.045833333333334,,,,,,,,,,,,3,67,1,0.9138076496466615,0.4061472386305789
"DHS115-Hermosa Beach, Los Angeles",DHS115,2022-03-09,10.0,12.101,10.0,1,33.8522,-118.399,0.741625,0.9470000000000001,14.954166666666666,,,,,,,,,,,,3,68,2,0.9206588168102428,0.3903682146763026
"DHS115-Hermosa Beach, Los Angeles",DHS115,2022-03-10,10.0,11.992,10.0,1,33.8522,-118.399,0.7467916666666666,0.9750000000000001,14.958333333333334,,,,,,,,,,,,3,69,3,0.9272375462179537,0.374473674486883
"DHS115-Hermosa Beach, Los Angeles",DHS115,2022-03-11,10.0,11.992,10.0,1,33.8522,-118.399,0.7527916666666666,1.0839999999999999,15.195833333333333,,,,,,,,,,,,3,70,4,0.9335418911179212,0.35846832151248087
"DHS115-Hermosa Beach, Los Angeles",DHS115,2022-03-14,10.0,11.992,10.0,3,33.8522,-118.399,0.7647916666666666,1.614,15.620833333333332,,,,,,,,,,,,3,73,0,0.9507903724625832,0.3098349038318025
"DHS115-Hermosa Beach, Los Angeles",DHS115,2022-03-15,10.0,11.893,10.0,1,33.8522,-118.399,0.7660833333333333,1.7750000000000001,15.670833333333334,,,,,,,,,,,,3,74,1,0.9559793438440766,0.2934339689665273
"DHS115-Hermosa Beach, Los Angeles",DHS115,2022-03-16,10.0,11.893,10.0,1,33.8522,-118.399,0.7662083333333333,1.813,15.6875,,,,,,,,,,,,3,75,2,0.9608854255574977,0.27694620226893646
"DHS115-Hermosa Beach, Los Angeles",DHS115,2022-03-18,10.0,10.0,10.0,2,33.8522,-118.399,0.761375,1.6900000000000002,16.029166666666665,,,,,,,,,,,,3,77,4,0.969843196967294,0.24372971360968387
"DHS115-Hermosa Beach, Los Angeles",DHS115,2022-03-21,10.0,10.0,10.0,3,33.8522,-118.399,0.739375,1.572,15.0875,,,,,,,,,,,,3,80,0,0.981124629771712,0.19337647441020586
"DHS115-Hermosa Beach, Los Angeles",DHS115,2022-03-22,10.0,10.0,10.0,1,33.8522,-118.399,0.7326666666666667,1.569,14.408333333333333,,,,,,,,,,,,3,81,1,0.984305844499033,0.17647097349152166
"DHS115-Hermosa Beach, Los Angeles",DHS115,2022-03-23,10.0,10.0,10.0,1,33.8522,-118.399,0.729625,1.495,14.629166666666668,,,,,,,,,,,,3,82,2,0.9871957872910085,0.15951325197263655
"DHS115-Hermosa Beach, Los Angeles",DHS115,2022-03-24,10.0,10.0,10.0,1,33.8522,-118.399,0.7314583333333333,1.456,14.304166666666667,,,,,,,,,,,,3,83,3,0.9897936029670716,0.14250832791617088
"DHS115-Hermosa Beach, Los Angeles",DHS115,2022-03-28,10.0,10.0,10.0,4,33.8522,-118.399,0.7604166666666666,1.898,14.958333333333334,,,,,,,,,,,,3,87,0,0.9972495210773451,0.07411742515094437
"DHS115-Hermosa Beach, Los Angeles",DHS115,2022-03-29,201.0,11.619,10.0,1,33.8522,-118.399,0.7632916666666666,1.9089999999999998,15.329166666666666,,,,,,,,,,,,3,88,1,0.998376906467142,0.056952196034039754
"DHS115-Hermosa Beach, Los Angeles",DHS115,2022-04-01,74.0,13.204,201.0,3,33.8522,-118.399,0.7550833333333333,1.562,16.087500000000002,,,,,,,,,,,,4,91,4,0.9999855506507186,0.005375731557583884
"DHS115-Hermosa Beach, Los Angeles",DHS115,2022-04-02,63.0,14.335,74.0,1,33.8522,-118.399,0.7496666666666667,1.6099999999999999,16.3,,,,,,,,,,,,4,92,5,0.9999300657962057,-0.011826390691832589
"DHS115-Hermosa Beach, Los Angeles",DHS115,2022-04-04,10.0,14.625,63.0,2,33.8522,-118.399,0.73975,1.55,16.183333333333334,,,,,,,,,,,,4,94,0,0.9989315138848577,-0.046215046983708354
"DHS115-Hermosa Beach, Los Angeles",DHS115,2022-04-05,10.0,14.335,10.0,1,33.8522,-118.399,0.7368333333333333,1.399,15.533333333333333,,,,,,,,,,,,4,95,1,0.9979887423155984,-0.06339140486951038
"DHS115-Hermosa Beach, Los Angeles",DHS115,2022-04-06,10.0,14.335,10.0,1,33.8522,-118.399,0.7361666666666666,1.249,15.541666666666666,,,,,,,,,,,,4,96,2,0.9967506498213929,-0.08054900421874167
"DHS115-Hermosa Beach, Los Angeles",DHS115,2022-04-08,10.0,14.625,10.0,2,33.8522,-118.399,0.7409166666666667,0.996,15.691666666666668,,,,,,,,,,,,4,98,4,0.9933900548258936,-0.11478762552212701
"DHS115-Hermosa Beach, Los Angeles",DHS115,2022-04-11,10.0,14.956,10.0,3,33.8522,-118.399,0.7507083333333333,1.259,17.1375,,,,,,,,,,,,4,101,0,0.986146248341595,-0.16587819893463143
"DHS115-Hermosa Beach, Los Angeles",DHS115,2022-04-12,10.0,14.625,10.0,1,33.8522,-118.399,0.7524166666666666,1.391,17.224999999999998,,,,,,,,,,,,4,102,1,0.9831469737221499,-0.1828169249850199
"DHS115-Hermosa Beach, Los Angeles",DHS115,2022-04-13,10.0,14.625,10.0,1,33.8522,-118.399,0.75325,1.468,17.0,,,,,,,,,,,,4,103,2,0.9798567700958665,-0.1997015525660636
"DHS115-Hermosa Beach, Los Angeles",DHS115,2022-04-14,10.0,14.335,10.0,1,33.8522,-118.399,0.7537083333333333,1.4729999999999999,16.566666666666666,,,,,,,,,,,,4,104,3,0.9762766110869321,-0.21652708524481437
"DHS115-Hermosa Beach, Los Angeles",DHS115,2022-04-15,10.0,14.335,10.0,1,33.8522,-118.399,0.75375,1.467,16.458333333333332,,,,,,,,,,,,4,105,4,0.9724075561219968,-0.23328854407545518
"DHS115-Hermosa Beach, Los Angeles",DHS115,2022-04-18,10.0,14.625,10.0,3,33.8522,-118.399,0.7477083333333333,2.04,15.391666666666666,,,,,,,,,,,,4,108,0,0.9590788900341131,-0.28313898122818354
"DHS115-Hermosa Beach, Los Angeles",DHS115,2022-04-19,10.0,14.335,10.0,1,33.8522,-118.399,0.74425,2.056,14.691666666666668,,,,,,,,,,,,4,109,1,0.9540665500578387,-0.2995947563972602
"DHS115-Hermosa Beach, Los Angeles",DHS115,2022-04-20,10.0,14.335,10.0,1,33.8522,-118.399,0.74175,1.956,14.420833333333334,,,,,,,,,,,,4,110,2,0.9487718864399473,-0.31596187665790293
"DHS115-Hermosa Beach, Los Angeles",DHS115,2022-04-21,10.0,14.08,10.0,1,33.8522,-118.399,0.7412916666666667,1.805,15.1,,,,,,,,,,,,4,111,3,0.9431964659565866,-0.33223549871590435
"DHS115-Hermosa Beach, Los Angeles",DHS115,2022-04-22,6500.0,20.158,10.0,1,33.8522,-118.399,0.7431666666666666,1.629,15.558333333333332,,,,,,,,,,,,4,112,4,0.9373419384643772,-0.3484108069446808
"DHS115-Hermosa Beach, Los Angeles",DHS115,2022-04-25,10.0,20.158,6500.0,3,33.8522,-118.399,0.7574166666666667,1.508,13.895833333333334,,,,,,,,,,,,4,115,0,0.9181214482844365,-0.39629913726891813
"DHS115-Hermosa Beach, Los Angeles",DHS115,2022-04-26,10.0,19.464,10.0,1,33.8522,-118.399,0.7607083333333334,1.469,13.4625,,,,,,,,,,,,4,116,1,0.9111686353326631,-0.41203363695942635
"DHS115-Hermosa Beach, Los Angeles",DHS115,2022-04-27,20.0,20.15,10.0,1,33.8522,-118.399,0.762625,1.474,13.745833333333332,,,,,,,,,,,,4,117,2,0.9039461929224011,-0.42764620926777464
"DHS115-Hermosa Beach, Los Angeles",DHS115,2022-04-28,10.0,17.343,20.0,1,33.8522,-118.399,0.7629166666666666,1.468,15.0,,,,,,,,,,,,4,118,3,0.8964562582905575,-0.44313223418263453
"DHS115-Hermosa Beach, Los Angeles",DHS115,2022-04-29,10.0,16.894,10.0,1,33.8522,-118.399,0.7625416666666668,1.6740000000000002,15.1,,,,,,,,,,,,4,119,4,0.8887010478292915,-0.45848712914008766
"DHS115-Hermosa Beach, Los Angeles",DHS115,2022-05-02,41.0,16.426,10.0,3,33.8522,-118.399,0.7600416666666666,1.843,16.045833333333334,,,,,,,,,,,,5,122,0,0.8638670987837349,-0.503719798736334
"DHS115-Hermosa Beach, Los Angeles",DHS115,2022-05-03,10.0,15.047,41.0,1,33.8522,-118.399,0.759125,1.7429999999999999,16.75,,,,,,,,,,,,5,123,1,0.8550745085896932,-0.518505144391157
"DHS115-Hermosa Beach, Los Angeles",DHS115,2022-05-04,10.0,15.047,10.0,1,33.8522,-118.399,0.7586666666666666,1.619,16.858333333333334,,,,,,,,,,,,5,124,2,0.8460288880917339,-0.533137056031809
"DHS115-Hermosa Beach, Los Angeles",DHS115,2022-05-05,10.0,14.771,10.0,1,33.8522,-118.399,0.7587916666666666,1.453,16.9375,,,,,,,,,,,,5,125,3,0.8367329140344921,-0.5476112038402312
"DHS115-Hermosa Beach, Los Angeles",DHS115,2022-05-06,10.0,15.047,10.0,1,33.8522,-118.399,0.7600416666666666,1.278,16.645833333333332,,,,,,,,,,,,5,126,4,0.8271893372462497,-0.5619233046832195
"DHS115-Hermosa Beach, Los Angeles",DHS115,2022-05-09,10.0,15.047,10.0,3,33.8522,-118.399,0.7677916666666667,0.997,17.816666666666666,,,,,,,,,,,,5,129,0,0.7971015927871943,-0.6038452208771035
"DHS115-Hermosa Beach, Los Angeles",DHS115,2022-05-10,10.0,14.771,10.0,1,33.8522,-118.399,0.7695,1.037,17.875,,,,,,,,,,,,5,130,1,0.7865965660866021,-0.6174672802835514
"DHS115-Hermosa Beach, Los Angeles",DHS115,2022-05-11,10.0,14.771,10.0,1,33.8522,-118.399,0.7702083333333333,1.1260000000000001,18.0,,,,,,,,,,,,5,131,2,0.7758587728069828,-0.6309066211876704
"DHS115-Hermosa Beach, Los Angeles",DHS115,2022-05-13,10.0,14.771,10.0,2,33.8522,-118.399,0.77025,1.426,17.666666666666668,,,,,,,,,,,,5,133,4,0.753697664392914,-0.6572212950663319
"DHS115-Hermosa Beach, Los Angeles",DHS115,2022-05-16,10.0,15.358,10.0,3,33.8522,-118.399,0.7759166666666667,2.329,17.0625,,,,,,,,,,,,5,136,0,0.7187918772884232,-0.6952253139408723
"DHS115-Hermosa Beach, Los Angeles",DHS115,2022-05-17,20.0,15.552,10.0,1,33.8522,-118.399,0.7790833333333333,2.429,17.479166666666668,,,,,,,,,,,,5,137,1,0.7067265555776159,-0.7074868024503348
"DHS115-Hermosa Beach, Los Angeles",DHS115,2022-05-18,10.0,15.552,20.0,1,33.8522,-118.399,0.7815,2.384,17.841666666666665,,,,,,,,,,,,5,138,2,0.6944521021088763,-0.719538934232584
"DHS115-Hermosa Beach, Los Angeles",DHS115,2022-05-19,10.0,15.243,10.0,1,33.8522,-118.399,0.7830416666666666,2.246,18.054166666666667,,,,,,,,,,,,5,139,3,0.6819721490904629,-0.7313781428679254
"DHS115-Hermosa Beach, Los Angeles",DHS115,2022-05-20,10.0,15.243,10.0,1,33.8522,-118.399,0.7835000000000001,2.014,17.858333333333334,,,,,,,,,,,,5,140,4,0.6692903895412567,-0.7430009249440493
"DHS115-Hermosa Beach, Los Angeles",DHS115,2022-05-23,10.0,11.501,10.0,3,33.8522,-118.399,0.78625,1.289,17.875,,,,,,,,,,,,5,143,0,0.6300720909843687,-0.7765366444428655
"DHS115-Hermosa Beach, Los Angeles",DHS115,2022-05-24,10.0,11.425,10.0,1,33.8522,-118.399,0.7882916666666667,1.287,18.008333333333333,,,,,,,,,,,,5,144,1,0.6166212130956382,-0.7872599821916922
"DHS115-Hermosa Beach, Los Angeles",DHS115,2022-05-26,10.0,11.425,10.0,2,33.8522,-118.399,0.7927916666666667,1.4300000000000002,18.204166666666666,,,,,,,,,,,,5,146,3,0.5891760872322963,-0.8080046647350754
"DHS115-Hermosa Beach, Los Angeles",DHS115,2022-05-27,10.0,11.425,10.0,1,33.8522,-118.399,0.7944583333333334,1.636,18.55,,,,,,,,,,,,5,147,4,0.5751899607119775,-0.8180198708443175
"DHS115-Hermosa Beach, Los Angeles",DHS115,2022-06-02,20.0,10.85,10.0,6,33.8522,-118.399,0.8056666666666666,1.7590000000000001,19.0625,,,,,,,,,,,,6,153,3,0.4878471454423119,-0.8729290708206411
"DHS115-Hermosa Beach, Los Angeles",DHS115,2022-06-03,10.0,10.85,20.0,1,33.8522,-118.399,0.8074583333333334,1.627,19.133333333333333,,,,,,,,,,,,6,154,4,0.47275920928627757,-0.881191653407483
"DHS115-Hermosa Beach, Los Angeles",DHS115,2022-06-04,10.0,10.85,10.0,1,33.8522,-118.399,0.8097916666666666,1.451,19.425,,,,,,,,,,,,6,155,5,0.4575313760742512,-0.8891934772070711
"DHS115-Hermosa Beach, Los Angeles",DHS115,2022-06-06,10.0,10.85,10.0,2,33.8522,-118.399,0.8147916666666667,1.106,20.345833333333335,,,,,,,,,,,,6,157,0,0.42667408318992467,-0.9044054548343001
"DHS115-Hermosa Beach, Los Angeles",DHS115,2022-06-07,10.0,10.801,10.0,1,33.8522,-118.399,0.8167083333333333,0.946,20.291666666666668,,,,,,,,,,,,6,158,1,0.4110537546870351,-0.9116111071930239
"DHS115-Hermosa Beach, Los Angeles",DHS115,2022-06-08,10.0,10.801,10.0,1,33.8522,-118.399,0.8167916666666667,0.963,20.099999999999998,,,,,,,,,,,,6,159,2,0.3953117887649151,-0.9185469991587165
"DHS115-Hermosa Beach, Los Angeles",DHS115,2022-06-09,10.0,10.757,10.0,1,33.8522,-118.399,0.8149166666666666,1.0370000000000001,19.125,,,,,,,,,,,,6,160,3,0.37945284372454435,-0.925211078289358
"DHS115-Hermosa Beach, Los Angeles",DHS115,2022-06-10,10.0,10.757,10.0,1,33.8522,-118.399,0.8121666666666667,1.251,19.629166666666666,,,,,,,,,,,,6,161,4,0.36348161248290634,-0.9316013725767187
"DHS115-Hermosa Beach, Los Angeles",DHS115,2022-06-13,10.0,10.801,10.0,3,33.8522,-118.399,0.8157916666666667,2.371,19.241666666666667,,,,,,,,,,,,6,164,0,0.31494162072895193,-0.9491110448902284
"DHS115-Hermosa Beach, Los Angeles",DHS115,2022-06-14,10.0,10.757,10.0,1,33.8522,-118.399,0.824125,2.5780000000000003,19.629166666666666,,,,,,,,,,,,6,165,1,0.2985688173637202,-0.9543881083175908
"DHS115-Hermosa Beach, Los Angeles",DHS115,2022-06-15,10.0,10.757,10.0,1,33.8522,-118.399,0.8336666666666667,2.63,19.837500000000002,,,,,,,,,,,,6,166,2,0.2821076626819194,-0.9593827529490743
"DHS115-Hermosa Beach, Los Angeles",DHS115,2022-06-17,10.0,10.372,10.0,2,33.8522,-118.399,0.8462083333333333,2.374,21.087500000000002,,,,,,,,,,,,6,168,4,0.24893980855376657,-0.9685189578512204
"DHS115-Hermosa Beach, Los Angeles",DHS115,2022-06-21,10.0,10.416,10.0,4,33.8522,-118.399,0.8379583333333334,1.184,21.208333333333332,,,,,,,,,,,,6,172,1,0.18175978759137534,-0.9833429613388902
"DHS115-Hermosa Beach, Los Angeles",DHS115,2022-06-22,10.0,10.416,10.0,1,33.8522,-118.399,0.8375,1.1300000000000001,21.787499999999998,,,,,,,,,,,,6,173,2,0.16481784665719793,-0.9863240225317866
"DHS115-Hermosa Beach, Los Angeles",DHS115,2022-06-23,10.0,10.393,10.0,1,33.8522,-118.399,0.8385833333333333,1.256,21.80416666666667,,,,,,,,,,,,6,174,3,0.14782713347053048,-0.9890132145779883
"DHS115-Hermosa Beach, Los Angeles",DHS115,2022-06-24,10.0,10.393,10.0,1,33.8522,-118.399,0.8405,1.482,20.220833333333335,,,,,,,,,,,,6,175,4,0.13079267585675922,-0.9914097417023038
"DHS115-Hermosa Beach, Los Angeles",DHS115,2022-06-25,10.0,10.372,10.0,1,33.8522,-118.399,0.8422499999999999,1.6840000000000002,18.316666666666666,,,,,,,,,,,,6,176,5,0.11371951458594969,-0.9935128947338007
"DHS115-Hermosa Beach, Los Angeles",DHS115,2022-06-27,10.0,10.393,10.0,2,33.8522,-118.399,0.8471666666666667,1.907,16.3875,,,,,,,,,,,,6,178,0,0.07947729992362097,-0.9968366760893436
"DHS115-Hermosa Beach, Los Angeles",DHS115,2022-06-28,10.0,10.372,10.0,1,33.8522,-118.399,0.8509166666666667,1.9569999999999999,16.5125,,,,,,,,,,,,6,179,1,0.062318379354325076,-0.998056320853012
"DHS115-Hermosa Beach, Los Angeles",DHS115,2022-06-29,10.0,10.353,10.0,1,33.8522,-118.399,0.85525,1.965,16.783333333333335,,,,,,,,,,,,6,180,2,0.04514101777397193,-0.9989806246941579
"DHS115-Hermosa Beach, Los Angeles",DHS115,2022-06-30,10.0,10.336,10.0,1,33.8522,-118.399,0.86,1.936,18.579166666666666,,,,,,,,,,,,6,181,3,0.02795029824021032,-0.999609314096404
"DHS115-Hermosa Beach, Los Angeles",DHS115,2022-07-05,10.0,10.0,10.0,5,33.8522,-118.399,0.8755416666666666,1.1260000000000001,19.4875,,,,,,,,,,,,7,186,1,-0.05802556932878035,-0.9983150972033183
"DHS115-Hermosa Beach, Los Angeles",DHS115,2022-07-06,10.0,10.0,10.0,1,33.8522,-118.399,0.875125,1.025,20.0375,,,,,,,,,,,,7,187,2,-0.07518957641475855,-0.9971692572470178
"DHS115-Hermosa Beach, Los Angeles",DHS115,2022-07-07,10.0,10.0,10.0,1,33.8522,-118.399,0.87125,1.0110000000000001,19.1375,,,,,,,,,,,,7,188,3,-0.09233133369539123,-0.9957283388645872
"DHS115-Hermosa Beach, Los Angeles",DHS115,2022-07-09,10.0,10.0,10.0,2,33.8522,-118.399,0.8574583333333333,1.405,19.554166666666667,,,,,,,,,,,,7,190,5,-0.12652781683868314,-0.9919630595773397
"DHS115-Hermosa Beach, Los Angeles",DHS115,2022-07-11,10.0,10.0,10.0,2,33.8522,-118.399,0.8537916666666666,2.18,17.820833333333333,,,,,,,,,,,,7,192,0,-0.16057454459499376,-0.9870237158387383
"DHS115-Hermosa Beach, Los Angeles",DHS115,2022-07-12,10.0,10.0,10.0,1,33.8522,-118.399,0.862,2.477,18.150000000000002,,,,,,,,,,,,7,193,1,-0.17752914918703497,-0.984115542601034
"DHS115-Hermosa Beach, Los Angeles",DHS115,2022-07-13,10.0,10.0,10.0,1,33.8522,-118.399,0.8758750000000001,2.641,17.691666666666666,,,,,,,,,,,,7,194,2,-0.19443122004766195,-0.9809161537413774
"DHS115-Hermosa Beach, Los Angeles",DHS115,2022-07-14,10.0,10.0,10.0,1,33.8522,-118.399,0.8911666666666666,2.673,16.879166666666666,,,,,,,,,,,,7,195,3,-0.2112757555821793,-0.9774264960104055
"DHS115-Hermosa Beach, Los Angeles",DHS115,2022-07-15,360.0,11.962,10.0,1,33.8522,-118.399,0.9031666666666666,2.56,17.370833333333334,,,,,,,,,,,,7,196,4,-0.2280577712215198,-0.9736476020539838
"DHS115-Hermosa Beach, Los Angeles",DHS115,2022-07-18,10.0,12.076,360.0,3,33.8522,-118.399,0.9005,1.526,18.058333333333334,,,,,,,,,,,,7,199,0,-0.2779791393987801,-0.9605871111248129
"DHS115-Hermosa Beach, Los Angeles",DHS115,2022-07-19,10.0,11.962,10.0,1,33.8522,-118.399,0.8925833333333334,1.203,18.4875,,,,,,,,,,,,7,200,1,-0.2944616217868012,-0.9556633054034704
"DHS115-Hermosa Beach, Los Angeles",DHS115,2022-07-20,10.0,11.861,10.0,1,33.8522,-118.399,0.8860833333333334,1.064,18.779166666666665,,,,,,,,,,,,7,201,2,-0.3108569682435036,-0.9504567035349151
"DHS115-Hermosa Beach, Los Angeles",DHS115,2022-07-21,10.0,11.861,10.0,1,33.8522,-118.399,0.8822916666666667,1.019,19.529166666666665,,,,,,,,,,,,7,202,3,-0.3271603271220951,-0.9449688462364056
"DHS115-Hermosa Beach, Los Angeles",DHS115,2022-07-22,10.0,11.769,10.0,1,33.8522,-118.399,0.8809999999999999,1.2289999999999999,20.258333333333333,,,,,,,,,,,,7,203,4,-0.34336687399638804,-0.939201357453208
"DHS115-Hermosa Beach, Los Angeles",DHS115,2022-07-25,10.0,11.962,10.0,3,33.8522,-118.399,0.8842083333333334,1.731,21.091666666666665,,,,,,,,,,,,7,206,0,-0.3913578365610259,-0.9202385798054075
"DHS115-Hermosa Beach, Los Angeles",DHS115,2022-07-26,10.0,11.962,10.0,1,33.8522,-118.399,0.8875416666666668,1.835,20.466666666666665,,,,,,,,,,,,7,207,1,-0.4071294853542516,-0.9133704517637858
"DHS115-Hermosa Beach, Los Angeles",DHS115,2022-07-28,10.0,11.962,10.0,2,33.8522,-118.399,0.8993333333333333,1.957,20.104166666666668,,,,,,,,,,,,7,209,3,-0.4383067230125192,-0.898825465016444
"DHS115-Hermosa Beach, Los Angeles",DHS115,2022-07-29,10.0,11.962,10.0,1,33.8522,-118.399,0.9062916666666667,1.939,20.675,,,,,,,,,,,,7,210,4,-0.45370308603134424,-0.8911529104063088
"DHS115-Hermosa Beach, Los Angeles",DHS115,2022-08-01,10.0,12.076,10.0,3,33.8522,-118.399,0.9214166666666667,1.573,21.891666666666666,,,,,,,,,,,,8,213,0,-0.4990686026885319,-0.8665624788845385
"DHS115-Hermosa Beach, Los Angeles",DHS115,2022-08-02,10.0,11.962,10.0,1,33.8522,-118.399,0.9229583333333333,1.299,21.616666666666664,,,,,,,,,,,,8,214,1,-0.5139010013093103,-0.8578494977869301
"DHS115-Hermosa Beach, Los Angeles",DHS115,2022-08-03,10.0,11.861,10.0,1,33.8522,-118.399,0.9216666666666667,1.067,21.291666666666668,,,,,,,,,,,,8,215,2,-0.5285813283559292,-0.8488826652214553
"DHS115-Hermosa Beach, Los Angeles",DHS115,2022-09-08,10.0,10.0,10.0,36,33.8522,-118.399,0.8989583333333333,2.21,22.108333333333334,,,,,,,,,,,,9,251,3,-0.9231578729647039,-0.38442104726885545
"DHS115-Hermosa Beach, Los Angeles",DHS115,2022-09-14,10.0,10.0,10.0,6,33.8522,-118.399,0.9311666666666666,1.366,19.75,,,,,,,,,,,,9,257,2,-0.9578523554276669,-0.28726097055059635
"DHS115-Hermosa Beach, Los Angeles",DHS115,2022-09-15,10.0,10.0,10.0,1,33.8522,-118.399,0.9180833333333333,1.2269999999999999,20.954166666666666,,,,,,,,,,,,9,258,3,-0.9626519747161487,-0.2707418984477642
"DHS115-Hermosa Beach, Los Angeles",DHS115,2022-09-16,10.0,10.0,10.0,1,33.8522,-118.399,0.9060833333333332,1.072,21.445833333333336,,,,,,,,,,,,9,259,4,-0.9671667297977312,-0.2541427094613622
"DHS115-Hermosa Beach, Los Angeles",DHS115,2022-09-19,10.0,10.0,10.0,3,33.8522,-118.399,0.88625,1.087,21.25,,,,,,,,,,,,9,262,0,-0.9789888737409319,-0.20391367068311472
"DHS115-Hermosa Beach, Los Angeles",DHS115,2022-09-20,10.0,10.0,10.0,1,33.8522,-118.399,0.8850416666666666,1.248,21.491666666666664,,,,,,,,,,,,9,263,1,-0.9823516608469237,-0.18704334906991657
"DHS115-Hermosa Beach, Los Angeles",DHS115,2022-09-21,10.0,10.0,10.0,1,33.8522,-118.399,0.8868333333333333,1.399,21.65416666666667,,,,,,,,,,,,9,264,2,-0.9854237542919524,-0.17011767832049052
"DHS115-Hermosa Beach, Los Angeles",DHS115,2022-09-23,10.0,10.0,10.0,2,33.8522,-118.399,0.8987916666666668,1.627,19.795833333333334,,,,,,,,,,,,9,266,4,-0.9906923101615609,-0.13612033862266704
"DHS115-Hermosa Beach, Los Angeles",DHS115,2022-09-26,10.0,10.0,10.0,3,33.8522,-118.399,0.9281666666666667,1.495,20.141666666666666,,,,,,,,,,,,9,269,0,-0.9963950238187231,-0.08483487790576538
"DHS115-Hermosa Beach, Los Angeles",DHS115,2022-09-27,10.0,10.0,10.0,1,33.8522,-118.399,0.9354583333333334,1.456,20.754166666666666,,,,,,,,,,,,9,270,1,-0.9977068927101168,-0.06768276175455162
"DHS115-Hermosa Beach, Los Angeles",DHS115,2022-09-28,10.0,10.0,10.0,1,33.8522,-118.399,0.9378333333333333,1.568,20.837500000000002,,,,,,,,,,,,9,271,2,-0.9987235240803972,-0.050510617185222886
"DHS115-Hermosa Beach, Los Angeles",DHS115,2022-09-29,10.0,10.0,10.0,1,33.8522,-118.399,0.9335416666666667,1.572,21.90416666666667,,,,,,,,,,,,9,272,3,-0.9994446170919858,-0.033323525711631344
"DHS115-Hermosa Beach, Los Angeles",DHS115,2022-09-30,10.0,10.0,10.0,1,33.8522,-118.399,0.9217916666666667,1.54,21.53333333333333,,,,,,,,,,,,9,273,4,-0.9998699583618592,-0.016126573270657762
"DHS115-Hermosa Beach, Los Angeles",DHS115,2022-10-03,10.0,10.0,10.0,3,33.8522,-118.399,0.8665416666666667,1.466,18.583333333333332,,,,,,,,,,,,10,276,0,-0.9993706508539969,0.03547255575312556
"DHS115-Hermosa Beach, Los Angeles",DHS115,2022-10-04,10.0,10.0,10.0,1,33.8522,-118.399,0.8568333333333333,1.526,17.650000000000002,,,,,,,,,,,,10,277,1,-0.9986126020839734,0.052658056924614005
"DHS115-Hermosa Beach, Los Angeles",DHS115,2022-10-06,10.0,10.0,10.0,2,33.8522,-118.399,0.8680833333333333,1.804,18.620833333333334,,,,,,,,,,,,10,279,3,-0.9962102997023297,0.0869772313136861
"DHS115-Hermosa Beach, Los Angeles",DHS115,2022-10-07,10.0,10.0,10.0,1,33.8522,-118.399,0.8850416666666666,1.85,19.2375,,,,,,,,,,,,10,280,4,-0.9945667569706337,0.1041007489354256
"DHS115-Hermosa Beach, Los Angeles",DHS115,2022-10-11,10.0,10.0,10.0,4,33.8522,-118.399,0.9252916666666667,1.732,18.879166666666666,,,,,,,,,,,,10,284,1,-0.9850556718215013,0.172236243027682
"DHS115-Hermosa Beach, Los Angeles",DHS115,2022-10-12,10.0,10.0,10.0,1,33.8522,-118.399,0.9190416666666666,1.74,19.254166666666666,,,,,,,,,,,,10,285,2,-0.981947190186646,0.18915526872004093
"DHS115-Hermosa Beach, Los Angeles",DHS115,2022-10-13,10.0,10.0,10.0,1,33.8522,-118.399,0.9086249999999999,1.617,19.816666666666666,,,,,,,,,,,,10,286,3,-0.9785481345802031,0.20601832032517084
"DHS115-Hermosa Beach, Los Angeles",DHS115,2022-10-14,10.0,10.0,10.0,1,33.8522,-118.399,0.8966249999999999,1.4280000000000002,19.295833333333334,,,,,,,,,,,,10,287,4,-0.9748595108374125,0.22282040779479959
"DHS115-Hermosa Beach, Los Angeles",DHS115,2022-10-15,10.0,10.0,10.0,1,33.8522,-118.399,0.8849166666666667,1.227,19.120833333333334,,,,,,,,,,,,10,288,5,-0.9708824104813836,0.2395565591209271
"DHS115-Hermosa Beach, Los Angeles",DHS115,2022-10-17,10.0,10.0,10.0,2,33.8522,-118.399,0.8665416666666667,0.966,19.195833333333333,,,,,,,,,,,,10,290,0,-0.9620675724981452,0.27281126433401914
"DHS115-Hermosa Beach, Los Angeles",DHS115,2022-10-18,10.0,10.0,10.0,1,33.8522,-118.399,0.8612916666666667,1.004,18.9375,,,,,,,,,,,,10,291,1,-0.957232443323312,0.2893199776186952
"DHS115-Hermosa Beach, Los Angeles",DHS115,2022-10-19,10.0,10.0,10.0,1,33.8522,-118.399,0.8592083333333332,1.078,18.366666666666667,,,,,,,,,,,,10,292,2,-0.9521140536681102,0.3057430764672831
"DHS115-Hermosa Beach, Los Angeles",DHS115,2022-10-20,10.0,10.0,10.0,1,33.8522,-118.399,0.86,1.1920000000000002,18.425,,,,,,,,,,,,10,293,3,-0.9467139181463862,0.3220757010206104
"DHS115-Hermosa Beach, Los Angeles",DHS115,2022-10-21,20.0,10.336,10.0,1,33.8522,-118.399,0.86375,1.2670000000000001,19.5,,,,,,,,,,,,10,294,4,-0.9410336347451197,0.3383130181923075
"DHS115-Hermosa Beach, Los Angeles",DHS115,2022-10-24,10.0,10.353,20.0,3,33.8522,-118.399,0.8940416666666667,1.685,20.054166666666667,,,,,,,,,,,,10,297,0,-0.9223291176290545,0.3864052261209853
"DHS115-Hermosa Beach, Los Angeles",DHS115,2022-10-25,10.0,10.336,10.0,1,33.8522,-118.399,0.9064166666666668,1.893,19.92083333333333,,,,,,,,,,,,10,298,1,-0.9155458729775467,0.40221356823680365
"DHS115-Hermosa Beach, Los Angeles",DHS115,2022-10-26,30.0,10.891,10.0,1,33.8522,-118.399,0.915375,1.979,19.133333333333333,,,,,,,,,,,,10,299,2,-0.9084917035725082,0.41790288888678667
"DHS115-Hermosa Beach, Los Angeles",DHS115,2022-10-27,10.0,10.849,30.0,1,33.8522,-118.399,0.9173749999999999,2.035,19.3625,,,,,,,,,,,,10,300,3,-0.9011686968561569,0.4334685453485363
"DHS115-Hermosa Beach, Los Angeles",DHS115,2022-10-31,10.0,10.989,10.0,4,33.8522,-118.399,0.8485,1.5699999999999998,19.475,,,,,,,,,,,,10,304,0,-0.8692328164574792,0.4944029842076182
"DHS115-Hermosa Beach, Los Angeles",DHS115,2022-11-01,20.0,11.323,10.0,1,33.8522,-118.399,0.8326250000000001,1.484,19.295833333333334,,,,,,,,,,,,11,305,1,-0.8605996962501181,0.5092820071573356
"DHS115-Hermosa Beach, Los Angeles",DHS115,2022-11-02,10.0,11.323,20.0,1,33.8522,-118.399,0.8269583333333334,1.414,19.716666666666665,,,,,,,,,,,,11,306,2,-0.8517119107469189,0.5240103253675756
"DHS115-Hermosa Beach, Los Angeles",DHS115,2022-11-03,880.0,13.931,10.0,1,33.8522,-118.399,0.8321666666666667,1.4729999999999999,19.162499999999998,,,,,,,,,,,,11,307,3,-0.8425720899866032,0.5385835804920232
"DHS115-Hermosa Beach, Los Angeles",DHS115,2022-11-04,20.0,14.399,880.0,1,33.8522,-118.399,0.8455416666666666,1.549,17.970833333333335,,,,,,,,,,,,11,308,4,-0.8331829385891785,0.5529974600700271
"DHS115-Hermosa Beach, Los Angeles",DHS115,2022-11-07,10.0,14.663,20.0,3,33.8522,-118.399,0.8886249999999999,1.923,17.183333333333334,,,,,,,,,,,,11,311,0,-0.8035476485339116,0.5952404359043674
"DHS115-Hermosa Beach, Los Angeles",DHS115,2022-11-08,24000.0,20.858,10.0,1,33.8522,-118.399,0.8937083333333334,2.002,17.683333333333334,,,,,,,,,,,,11,312,1,-0.7931896839451843,0.6089746507720486
"DHS115-Hermosa Beach, Los Angeles",DHS115,2022-11-09,910.0,24.764,24000.0,1,33.8522,-118.399,0.8933333333333334,1.919,17.833333333333332,,,,,,,,,,,,11,313,2,-0.7825970017677834,0.6225286602431057
"DHS115-Hermosa Beach, Los Angeles",DHS115,2022-11-10,41.0,26.404,910.0,1,33.8522,-118.399,0.8886666666666666,1.928,17.579166666666666,,,,,,,,,,,,11,314,3,-0.7717727365467837,0.6358984534680745
"DHS115-Hermosa Beach, Los Angeles",DHS115,2022-11-11,20.0,26.087,41.0,1,33.8522,-118.399,0.8810833333333333,1.778,17.162499999999998,,,,,,,,,,,,11,315,4,-0.7607200913564104,0.6490800741100398
"DHS115-Hermosa Beach, Los Angeles",DHS115,2022-11-14,10.0,28.581,20.0,3,33.8522,-118.399,0.8503333333333334,1.209,17.0125,,,,,,,,,,,,11,318,0,-0.7262249146041543,0.6874571793269664
"DHS115-Hermosa Beach, Los Angeles",DHS115,2022-11-16,10.0,30.122,10.0,2,33.8522,-118.399,0.8349166666666666,0.947,16.795833333333334,,,,,,,,,,,,11,320,2,-0.7021479494046978,0.712031078778713
"DHS115-Hermosa Beach, Los Angeles",DHS115,2022-11-17,10.0,28.581,10.0,1,33.8522,-118.399,0.8309583333333334,1.004,16.454166666666666,,,,,,,,,,,,11,321,3,-0.6897960046655887,0.7240037789593305
"DHS115-Hermosa Beach, Los Angeles",DHS115,2022-11-18,52.0,32.711,10.0,1,33.8522,-118.399,0.8302083333333333,1.102,16.48333333333333,,,,,,,,,,,,11,322,4,-0.6772399381909491,0.7357622347736525
"DHS115-Hermosa Beach, Los Angeles",DHS115,2022-11-21,20.0,34.816,52.0,3,33.8522,-118.399,0.8521666666666667,1.718,16.912499999999998,,,,,,,,,,,,11,325,0,-0.6383844591746642,0.769717664006921
"DHS115-Hermosa Beach, Los Angeles",DHS115,2022-11-22,10.0,32.711,20.0,1,33.8522,-118.399,0.8674166666666667,2.046,16.920833333333334,,,,,,,,,,,,11,326,1,-0.6250496486104377,0.7805849965070866
"DHS115-Hermosa Beach, Los Angeles",DHS115,2022-11-24,10.0,34.816,10.0,2,33.8522,-118.399,0.8931666666666667,2.366,16.554166666666667,,,,,,,,,,,,11,328,3,-0.5978291414589552,0.801623551065242
"DHS115-Hermosa Beach, Los Angeles",DHS115,2022-11-25,10.0,32.711,10.0,1,33.8522,-118.399,0.8944166666666667,2.409,15.291666666666666,,,,,,,,,,,,11,329,4,-0.5839514998576998,0.8117885474764613
"DHS115-Hermosa Beach, Los Angeles",DHS115,2022-11-28,10.0,32.86,10.0,3,33.8522,-118.399,0.8383333333333334,1.927,15.641666666666666,,,,,,,,,,,,11,332,0,-0.5412984521036173,0.8408305333122887
"DHS115-Hermosa Beach, Los Angeles",DHS115,2022-11-29,10.0,30.962,10.0,1,33.8522,-118.399,0.8160416666666667,1.648,15.466666666666667,,,,,,,,,,,,11,333,1,-0.5267547528105542,0.8500173118187018
"DHS115-Hermosa Beach, Los Angeles",DHS115,2022-11-30,10.0,30.962,10.0,1,33.8522,-118.399,0.8026249999999999,1.388,15.233333333333334,,,,,,,,,,,,11,334,2,-0.5120551783114646,0.8589525565270845
"DHS115-Hermosa Beach, Los Angeles",DHS115,2022-12-02,10.0,29.908,10.0,2,33.8522,-118.399,0.8095,1.384,15.304166666666667,,,,,,,,,,,,12,336,4,-0.4822058478963526,0.8760579434344281
"DHS115-Hermosa Beach, Los Angeles",DHS115,2022-12-05,31.0,26.989,10.0,3,33.8522,-118.399,0.8524583333333333,1.9220000000000002,15.333333333333334,,,,,,,,,,,,12,339,0,-0.4363729641045924,0.8997658785476209
"DHS115-Hermosa Beach, Los Angeles",DHS115,2022-12-06,400.0,31.104,31.0,1,33.8522,-118.399,0.86075,2.01,15.383333333333333,,,,,,,,,,,,12,340,1,-0.42083100859565564,0.9071390534005044
"DHS115-Hermosa Beach, Los Angeles",DHS115,2022-12-07,180.0,36.215,400.0,1,33.8522,-118.399,0.8644166666666666,2.074,15.466666666666667,,,,,,,,,,,,12,341,2,-0.4051645224207563,0.9142437912130223
"DHS115-Hermosa Beach, Los Angeles",DHS115,2022-12-08,10.0,33.958,180.0,1,33.8522,-118.399,0.8647916666666666,2.014,15.620833333333332,,,,,,,,,,,,12,342,3,-0.3893781415452015,0.9210779895789526
"DHS115-Hermosa Beach, Los Angeles",DHS115,2022-12-09,270.0,27.133,10.0,1,33.8522,-118.399,0.8621249999999999,1.996,15.4,,,,,,,,,,,,12,343,4,-0.37347653741307074,0.9276396261490467
"DHS115-Hermosa Beach, Los Angeles",DHS115,2022-12-15,74.0,24.668,270.0,6,33.8522,-118.399,0.8110833333333334,0.9510000000000001,14.5,,,,,,,,,,,,12,349,3,-0.27591294500296043,0.9611826292540837
"DHS115-Hermosa Beach, Los Angeles",DHS115,2022-12-16,10.0,23.461,74.0,1,33.8522,-118.399,0.8054583333333333,0.953,14.495833333333332,,,,,,,,,,,,12,350,4,-0.2593382659754056,0.9657865518844574
"DHS115-Hermosa Beach, Los Angeles",DHS115,2022-12-20,31.0,25.27,10.0,4,33.8522,-118.399,0.8272499999999999,1.928,14.504166666666668,,,,,,,,,,,,12,354,1,-0.19232150523909483,0.9813319716704275
"DHS115-Hermosa Beach, Los Angeles",DHS115,2022-12-21,31.0,25.972,31.0,1,33.8522,-118.399,0.8443333333333333,2.268,14.391666666666666,,,,,,,,,,,,12,355,2,-0.17541259380427843,0.9844950085880858
"DHS115-Hermosa Beach, Los Angeles",DHS115,2022-12-22,30.0,26.193,31.0,1,33.8522,-118.399,0.8607916666666666,2.5010000000000003,14.633333333333333,,,,,,,,,,,,12,356,3,-0.15845177496083632,0.9873667175937016
"DHS115-Hermosa Beach, Los Angeles",DHS115,2022-12-23,1100.0,34.536,30.0,1,33.8522,-118.399,0.8709166666666667,2.617,14.887500000000001,,,,,,,,,,,,12,357,4,-0.14144406768794202,0.9899462489023779
"DHS115-Hermosa Beach, Los Angeles",DHS115,2022-12-28,280.0,50.876,1100.0,5,33.8522,-118.399,0.78925,1.608,14.479166666666666,,,,,,,,,,,,12,362,2,-0.05587875690537313,0.9984375616565666
"DHS115-Hermosa Beach, Los Angeles",DHS115,2022-12-29,41.0,50.194,280.0,1,33.8522,-118.399,0.7787916666666667,1.326,14.704166666666666,,,,,,,,,,,,12,363,3,-0.03869579017652689,0.9992510374388481
"DHS115-Hermosa Beach, Los Angeles",DHS115,2022-12-31,24000.0,93.91,41.0,2,33.8522,-118.399,0.789875,1.207,14.995833333333332,,,,,,,,,,,,12,365,5,-0.004300592702981974,0.9999907524084426
"DHS115-Hermosa Beach, Los Angeles",DHS115,2023-01-04,1400.0,144.674,24000.0,4,33.8522,-118.399,0.835625,1.974,14.791666666666666,,,,,,,,,,,,1,4,2,0.06875540848113941,0.9976335468520451
"DHS115-Hermosa Beach, Los Angeles",DHS115,2023-01-05,12000.0,184.458,1400.0,1,33.8522,-118.399,0.8384583333333334,2.013,14.870833333333332,,,,,,,,,,,,1,5,3,0.08590610426133272,0.9963032375991965
"DHS115-Hermosa Beach, Los Angeles",DHS115,2023-01-06,470.0,197.547,12000.0,1,33.8522,-118.399,0.838625,2.017,14.845833333333333,,,,,,,,,,,,1,6,4,0.10303137904317879,0.9946781061893646
"DHS115-Hermosa Beach, Los Angeles",DHS115,2023-01-07,30.0,213.674,470.0,1,33.8522,-118.399,0.8362083333333333,1.989,14.808333333333332,,,,,,,,,,,,1,7,5,0.1201261651823505,0.9927586335250793
"DHS115-Hermosa Beach, Los Angeles",DHS115,2023-01-10,4600.0,261.642,30.0,3,33.8522,-118.399,0.8142916666666666,1.693,14.770833333333334,,,,,,,,,,,,1,10,1,0.17117705961019986,0.985240282501282
"DHS115-Hermosa Beach, Los Angeles",DHS115,2023-01-11,1300.0,291.154,4600.0,1,33.8522,-118.399,0.8038333333333334,1.458,14.804166666666667,,,,,,,,,,,,1,11,2,0.18809941761179758,0.9821499931752291
"DHS115-Hermosa Beach, Los Angeles",DHS115,2023-01-12,160.0,280.461,1300.0,1,33.8522,-118.399,0.794,1.196,14.833333333333334,,,,,,,,,,,,1,12,3,0.20496611396949532,0.9787690698649216
"DHS115-Hermosa Beach, Los Angeles",DHS115,2023-01-13,20.0,240.111,160.0,1,33.8522,-118.399,0.7857083333333333,0.9590000000000001,14.783333333333333,,,,,,,,,,,,1,13,4,0.22177215755648186,0.975098513039961
"DHS115-Hermosa Beach, Los Angeles",DHS115,2023-01-18,20.0,269.883,20.0,5,33.8522,-118.399,0.8055833333333333,2.019,14.704166666666666,,,,,,,,,,,,1,18,2,0.3047192331091634,0.9524422234305676
"DHS115-Hermosa Beach, Los Angeles",DHS115,2023-01-19,10.0,222.325,20.0,1,33.8522,-118.399,0.8218333333333333,2.354,14.825000000000001,,,,,,,,,,,,1,19,3,0.321057654185271,0.9470596510722283
"DHS115-Hermosa Beach, Los Angeles",DHS115,2023-01-20,10.0,234.291,10.0,1,33.8522,-118.399,0.83575,2.593,14.770833333333334,,,,,,,,,,,,1,20,4,0.3373010691361842,0.9413968285264122
"DHS115-Hermosa Beach, Los Angeles",DHS115,2023-01-21,10.0,218.743,10.0,1,33.8522,-118.399,0.842375,2.713,14.6625,,,,,,,,,,,,1,21,5,0.3534446712740877,0.9354554315134164
"DHS115-Hermosa Beach, Los Angeles",DHS115,2023-01-24,10.0,163.06,10.0,3,33.8522,-118.399,0.8028333333333334,2.2760000000000002,14.320833333333333,,,,,,,,,,,,1,24,1,0.4012289854475009,0.9159777842484877
"DHS115-Hermosa Beach, Los Angeles",DHS115,2023-01-25,10.0,138.367,10.0,1,33.8522,-118.399,0.7809166666666667,1.867,14.266666666666666,,,,,,,,,,,,1,25,2,0.4169258813287287,0.908940487313808
"DHS115-Hermosa Beach, Los Angeles",DHS115,2023-01-26,10.0,119.576,10.0,1,33.8522,-118.399,0.764625,1.478,14.125,,,,,,,,,,,,1,26,3,0.4324994021339788,0.901634220265486
"DHS115-Hermosa Beach, Los Angeles",DHS115,2023-01-31,3200.0,106.883,10.0,5,33.8522,-118.399,0.7942916666666666,1.596,13.879166666666668,,,,,,,,,,,,1,31,1,0.5083564379375122,0.8611467540480452
"DHS115-Hermosa Beach, Los Angeles",DHS115,2023-02-01,41.0,101.026,3200.0,1,33.8522,-118.399,0.8027083333333334,1.735,13.954166666666666,,,,,,,,,,,,2,32,2,0.5230943033491326,0.8522748088519838
"DHS115-Hermosa Beach, Los Angeles",DHS115,2023-02-02,20.0,92.332,41.0,1,33.8522,-118.399,0.8074583333333334,1.8439999999999999,14.049999999999999,,,,,,,,,,,,2,33,3,0.5376773767406141,0.8431506618282
"DHS115-Hermosa Beach, Los Angeles",DHS115,2023-02-03,10.0,82.138,20.0,1,33.8522,-118.399,0.809,1.907,14.112499999999999,,,,,,,,,,,,2,34,4,0.5521013427459208,0.8337770129585915
"DHS115-Hermosa Beach, Los Angeles",DHS115,2023-02-06,10.0,41.344,10.0,3,33.8522,-118.399,0.8003333333333332,1.9180000000000001,14.170833333333334,,,,,,,,,,,,2,37,0,0.5943761565849831,0.804187157621448
"DHS115-Hermosa Beach, Los Angeles",DHS115,2023-02-07,10.0,38.756,10.0,1,33.8522,-118.399,0.7935416666666667,1.809,14.070833333333333,,,,,,,,,,,,2,38,1,0.6081214998935418,0.7938439653781019
"DHS115-Hermosa Beach, Los Angeles",DHS115,2023-02-08,10.0,35.947,10.0,1,33.8522,-118.399,0.7849583333333333,1.639,14.070833333333333,,,,,,,,,,,,2,39,2,0.6216868902665479,0.7832658619336791
"DHS115-Hermosa Beach, Los Angeles",DHS115,2023-02-09,10.0,33.606,10.0,1,33.8522,-118.399,0.7757916666666667,1.379,14.041666666666666,,,,,,,,,,,,2,40,3,0.6350683134867438,0.7724559775191742
"DHS115-Hermosa Beach, Los Angeles",DHS115,2023-02-10,10.0,24.337,10.0,1,33.8522,-118.399,0.766625,1.1569999999999998,13.700000000000001,,,,,,,,,,,,2,41,4,0.6482618097757122,0.7614175109532997
"DHS115-Hermosa Beach, Los Angeles",DHS115,2023-02-13,10.0,16.551,10.0,3,33.8522,-118.399,0.755,1.053,13.875,,,,,,,,,,,,2,44,0,0.6866759803451553,0.726963615332308
"DHS115-Hermosa Beach, Los Angeles",DHS115,2023-02-14,10.0,16.094,10.0,1,33.8522,-118.399,0.7596250000000001,1.327,13.920833333333334,,,,,,,,,,,,2,45,1,0.6990793005655562,0.7150441465537444
"DHS115-Hermosa Beach, Los Angeles",DHS115,2023-02-15,10.0,15.696,10.0,1,33.8522,-118.399,0.7687083333333332,1.658,13.758333333333333,,,,,,,,,,,,2,46,2,0.7112757519738152,0.7029130847082615
"DHS115-Hermosa Beach, Los Angeles",DHS115,2023-02-16,10.0,15.346,10.0,1,33.8522,-118.399,0.7809583333333333,2.003,13.6,,,,,,,,,,,,2,47,3,0.7232617254437388,0.6905740195722293
"DHS115-Hermosa Beach, Los Angeles",DHS115,2023-02-17,10.0,14.823,10.0,1,33.8522,-118.399,0.7931666666666667,2.293,13.262500000000001,,,,,,,,,,,,2,48,4,0.7350336741329412,0.6780306024735382
"DHS115-Hermosa Beach, Los Angeles",DHS115,2023-02-21,10.0,15.486,10.0,4,33.8522,-118.399,0.7869583333333333,2.275,13.6875,,,,,,,,,,,,2,52,1,0.7799125224167177,0.6258885343075018
"DHS115-Hermosa Beach, Los Angeles",DHS115,2023-02-22,20.0,15.696,10.0,1,33.8522,-118.399,0.7709166666666666,1.975,13.682608695652174,,,,,,,,,,,,2,53,2,0.7905633969115482,0.612380204990065
"DHS115-Hermosa Beach, Los Angeles",DHS115,2023-02-23,10.0,15.346,20.0,1,33.8522,-118.399,0.7554166666666666,1.65,13.443478260869565,,,,,,,,,,,,2,54,3,0.8009803309782905,0.5986906625177214
"DHS115-Hermosa Beach, Los Angeles",DHS115,2023-02-24,10.0,15.346,10.0,1,33.8522,-118.399,0.744125,1.419,13.458333333333334,,,,,,,,,,,,2,55,4,0.8111602420785621,0.5848239578463322
"DHS115-Hermosa Beach, Los Angeles",DHS115,2023-02-25,1500.0,20.432,10.0,1,33.8522,-118.399,0.7399583333333334,1.214,13.137500000000001,,,,,,,,,,,,2,56,5,0.8211001178128892,0.5707841943569036
"DHS115-Hermosa Beach, Los Angeles",DHS115,2023-02-28,2600.0,26.035,1500.0,3,33.8522,-118.399,0.7594583333333333,1.2409999999999999,13.612499999999999,,,,,,,,,,,,2,59,1,0.8494504794814806,0.527668345562516
"DHS115-Hermosa Beach, Los Angeles",DHS115,2023-03-01,2200.0,32.159,2600.0,1,33.8522,-118.399,0.7679999999999999,1.383,13.779166666666667,,,,,,,,,,,,3,60,2,0.8584015232918917,0.512978386299228
"DHS115-Hermosa Beach, Los Angeles",DHS115,2023-03-02,31.0,32.106,2200.0,1,33.8522,-118.399,0.774,1.53,13.375,,,,,,,,,,,,3,61,3,0.8670985522812081,0.4981366284784055
"DHS115-Hermosa Beach, Los Angeles",DHS115,2023-03-03,10.0,24.112,31.0,1,33.8522,-118.399,0.7767499999999999,1.649,13.708333333333334,,,,,,,,,,,,3,62,4,0.8755389928586302,0.4831474640149687
"DHS115-Hermosa Beach, Los Angeles",DHS115,2023-03-06,10.0,24.339,10.0,3,33.8522,-118.399,0.772625,1.778,13.808333333333332,,,,,,,,,,,,3,65,0,0.8992961915530253,0.4373400963303323
"DHS115-Hermosa Beach, Los Angeles",DHS115,2023-03-07,10.0,23.329,10.0,1,33.8522,-118.399,0.7687083333333334,1.681,13.845833333333333,,,,,,,,,,,,3,66,1,0.9066860720977985,0.4218060770826634
"DHS115-Hermosa Beach, Los Angeles",DHS115,2023-03-08,10.0,23.329,10.0,1,33.8522,-118.399,0.7634583333333333,1.561,13.6875,,,,,,,,,,,,3,67,2,0.9138076496466615,0.4061472386305789
"DHS115-Hermosa Beach, Los Angeles",DHS115,2023-03-10,63.0,25.466,10.0,2,33.8522,-118.399,0.7502916666666667,1.328,13.466666666666667,,,,,,,,,,,,3,69,4,0.9272375462179537,0.374473674486883
"DHS115-Hermosa Beach, Los Angeles",DHS115,2023-03-14,10.0,28.099,63.0,4,33.8522,-118.399,0.7375833333333334,1.2670000000000001,14.0875,,,,,,,,,,,,3,73,1,0.9507903724625832,0.3098349038318025
"DHS115-Hermosa Beach, Los Angeles",DHS115,2023-03-15,4900.0,38.93,10.0,1,33.8522,-118.399,0.742625,1.41,13.504166666666668,,,,,,,,,,,,3,74,2,0.9559793438440766,0.2934339689665273
"DHS115-Hermosa Beach, Los Angeles",DHS115,2023-03-16,930.0,45.624,4900.0,1,33.8522,-118.399,0.7502083333333333,1.637,13.779166666666667,,,,,,,,,,,,3,75,3,0.9608854255574977,0.27694620226893646
"DHS115-Hermosa Beach, Los Angeles",DHS115,2023-03-17,10.0,45.624,930.0,1,33.8522,-118.399,0.7585833333333333,1.883,14.291666666666666,,,,,,,,,,,,3,76,4,0.9655071658143364,0.2603764827344581
"DHS115-Hermosa Beach, Los Angeles",DHS115,2023-03-20,292.0,65.14,10.0,3,33.8522,-118.399,0.7701250000000001,2.126,14.558333333333332,,,,,,,,,,,,3,79,0,0.9776530844816641,0.2102247521189836
"DHS115-Hermosa Beach, Los Angeles",DHS115,2023-03-22,170.0,68.513,292.0,2,33.8522,-118.399,0.75875,1.711,13.820833333333333,,,,,,,,,,,,3,81,2,0.984305844499033,0.17647097349152166
"DHS115-Hermosa Beach, Los Angeles",DHS115,2023-03-23,1000.0,87.305,170.0,1,33.8522,-118.399,0.7499583333333333,1.751,14.408333333333333,,,,,,,,,,,,3,82,3,0.9871957872910085,0.15951325197263655
"DHS115-Hermosa Beach, Los Angeles",DHS115,2023-03-24,460.0,94.869,1000.0,1,33.8522,-118.399,0.7414166666666667,1.7349999999999999,14.525,,,,,,,,,,,,3,83,4,0.9897936029670716,0.14250832791617088
"DHS115-Hermosa Beach, Los Angeles",DHS115,2023-03-29,4600.0,144.703,460.0,5,33.8522,-118.399,0.744875,1.082,14.566666666666668,,,,,,,,,,,,3,88,2,0.998376906467142,0.056952196034039754
"DHS115-Hermosa Beach, Los Angeles",DHS115,2023-03-30,2000.0,142.487,4600.0,1,33.8522,-118.399,0.7504583333333333,1.1700000000000002,14.341666666666667,,,,,,,,,,,,3,89,3,0.9992088560679753,0.03977011384605572
"DHS115-Hermosa Beach, Los Angeles",DHS115,2023-03-31,10.0,103.749,2000.0,1,33.8522,-118.399,0.75425,1.282,14.4625,,,,,,,,,,,,3,90,4,0.9997451236925734,0.022576263041545485
"DHS115-Hermosa Beach, Los Angeles",DHS115,2023-04-01,10.0,97.069,10.0,1,33.8522,-118.399,0.7557916666666666,1.407,14.595833333333333,,,,,,,,,,,,4,91,5,0.9999855506507186,0.005375731557583884
"DHS115-Hermosa Beach, Los Angeles",DHS115,2023-04-03,10.0,97.069,10.0,2,33.8522,-118.399,0.7544166666666666,1.473,15.308333333333332,,,,,,,,,,,,4,93,0,0.9995786855478958,-0.029025013321975237
"DHS115-Hermosa Beach, Los Angeles",DHS115,2023-04-04,10.0,85.555,10.0,1,33.8522,-118.399,0.7529166666666667,1.437,13.970833333333333,,,,,,,,,,,,4,94,1,0.9989315138848577,-0.046215046983708354
"DHS115-Hermosa Beach, Los Angeles",DHS115,2023-04-05,10.0,85.555,10.0,1,33.8522,-118.399,0.7510416666666666,1.3239999999999998,13.104166666666666,,,,,,,,,,,,4,95,2,0.9979887423155984,-0.06339140486951038
"DHS115-Hermosa Beach, Los Angeles",DHS115,2023-04-07,10.0,85.555,10.0,2,33.8522,-118.399,0.7456666666666667,1.631,13.470833333333333,,,,,,,,,,,,4,97,4,0.9952176027737294,-0.09768276782171598
"DHS115-Hermosa Beach, Los Angeles",DHS115,2023-04-11,10.0,87.109,10.0,4,33.8522,-118.399,0.7360000000000001,1.5499999999999998,13.041666666666666,,,,,,,,,,,,4,101,1,0.986146248341595,-0.16587819893463143
"DHS115-Hermosa Beach, Los Angeles",DHS115,2023-04-12,10.0,77.239,10.0,1,33.8522,-118.399,0.738625,1.48,12.270833333333334,,,,,,,,,,,,4,102,2,0.9831469737221499,-0.1828169249850199
"DHS115-Hermosa Beach, Los Angeles",DHS115,2023-04-13,20.0,71.937,10.0,1,33.8522,-118.399,0.7430833333333333,1.4729999999999999,12.583333333333334,,,,,,,,,,,,4,103,3,0.9798567700958665,-0.1997015525660636
"DHS115-Hermosa Beach, Los Angeles",DHS115,2023-04-14,10.0,71.937,20.0,1,33.8522,-118.399,0.7480416666666666,1.552,12.966666666666667,,,,,,,,,,,,4,104,4,0.9762766110869321,-0.21652708524481437
"DHS115-Hermosa Beach, Los Angeles",DHS115,2023-04-17,10.0,48.276,10.0,3,33.8522,-118.399,0.7573333333333333,1.675,13.9625,,,,,,,,,,,,4,107,0,0.9638074231367307,-0.26659942067929354
"DHS115-Hermosa Beach, Los Angeles",DHS115,2023-04-18,10.0,44.233,10.0,1,33.8522,-118.399,0.75775,1.604,14.1875,,,,,,,,,,,,4,108,1,0.9590788900341131,-0.28313898122818354
"DHS115-Hermosa Beach, Los Angeles",DHS115,2023-04-19,10.0,36.672,10.0,1,33.8522,-118.399,0.7571249999999999,1.833,14.904166666666667,,,,,,,,,,,,4,109,2,0.9540665500578387,-0.2995947563972602
"DHS115-Hermosa Beach, Los Angeles",DHS115,2023-04-20,10.0,34.248,10.0,1,33.8522,-118.399,0.7554583333333333,1.9820000000000002,15.245833333333332,,,,,,,,,,,,4,110,3,0.9487718864399473,-0.31596187665790293
"DHS115-Hermosa Beach, Los Angeles",DHS115,2023-04-21,10.0,32.203,10.0,1,33.8522,-118.399,0.7531666666666667,2.0460000000000003,15.1875,,,,,,,,,,,,4,111,4,0.9431964659565866,-0.33223549871590435
"DHS115-Hermosa Beach, Los Angeles",DHS115,2023-04-24,10.0,19.611,10.0,3,33.8522,-118.399,0.747125,1.578,15.804166666666667,,,,,,,,,,,,4,114,0,0.9248025743285089,-0.38044736628785164
"DHS115-Hermosa Beach, Los Angeles",DHS115,2023-04-25,10.0,18.928,10.0,1,33.8522,-118.399,0.7478750000000001,1.3499999999999999,16.733333333333334,,,,,,,,,,,,4,115,1,0.9181214482844365,-0.39629913726891813
"DHS115-Hermosa Beach, Los Angeles",DHS115,2023-04-26,10.0,18.333,10.0,1,33.8522,-118.399,0.7505416666666666,1.153,16.616666666666667,,,,,,,,,,,,4,116,2,0.9111686353326631,-0.41203363695942635
"DHS115-Hermosa Beach, Los Angeles",DHS115,2023-04-27,10.0,17.812,10.0,1,33.8522,-118.399,0.7539166666666667,1.0270000000000001,15.475,,,,,,,,,,,,4,117,3,0.9039461929224011,-0.42764620926777464
"DHS115-Hermosa Beach, Los Angeles",DHS115,2023-04-28,10.0,17.35,10.0,1,33.8522,-118.399,0.7575833333333333,1.0050000000000001,15.283333333333333,,,,,,,,,,,,4,118,4,0.8964562582905575,-0.44313223418263453
"DHS115-Hermosa Beach, Los Angeles",DHS115,2023-05-01,10.0,10.353,10.0,3,33.8522,-118.399,0.7611249999999999,1.123,14.820833333333333,,,,,,,,,,,,5,121,0,0.8724040568049612,-0.48878539428899265
"DHS115-Hermosa Beach, Los Angeles",DHS115,2023-05-02,10.0,10.353,10.0,1,33.8522,-118.399,0.760625,1.2129999999999999,15.975,,,,,,,,,,,,5,122,1,0.8638670987837349,-0.503719798736334
"DHS115-Hermosa Beach, Los Angeles",DHS115,2023-05-03,10.0,10.353,10.0,1,33.8522,-118.399,0.7604166666666666,1.413,15.950000000000001,,,,,,,,,,,,5,123,2,0.8550745085896932,-0.518505144391157
"DHS115-Hermosa Beach, Los Angeles",DHS115,2023-05-05,10.0,10.372,10.0,2,33.8522,-118.399,0.7611666666666667,1.899,16.509090909090908,,,,,,,,,,,,5,125,4,0.8367329140344921,-0.5476112038402312
"DHS115-Hermosa Beach, Los Angeles",DHS115,2023-05-08,10.0,10.372,10.0,3,33.8522,-118.399,0.7629166666666666,2.073,16.9375,,,,,,,,,,,,5,128,0,0.8073707443023492,-0.5900444739548627
"DHS115-Hermosa Beach, Los Angeles",DHS115,2023-05-09,10.0,10.353,10.0,1,33.8522,-118.399,0.76425,1.981,17.091666666666665,,,,,,,,,,,,5,129,1,0.7971015927871943,-0.6038452208771035
"DHS115-Hermosa Beach, Los Angeles",DHS115,2023-05-10,10.0,10.336,10.0,1,33.8522,-118.399,0.7662083333333333,1.819,17.920833333333334,,,,,,,,,,,,5,130,2,0.7865965660866021,-0.6174672802835514
"DHS115-Hermosa Beach, Los Angeles",DHS115,2023-05-11,10.0,10.336,10.0,1,33.8522,-118.399,0.7685416666666667,1.63,17.9875,,,,,,,,,,,,5,131,3,0.7758587728069828,-0.6309066211876704
"DHS115-Hermosa Beach, Los Angeles",DHS115,2023-05-15,30.0,10.595,10.0,4,33.8522,-118.399,0.7746666666666666,1.4080000000000001,17.42083333333333,,,,,,,,,,,,5,135,0,0.7306444969184916,-0.6827580970759147
"DHS115-Hermosa Beach, Los Angeles",DHS115,2023-05-16,10.0,10.565,30.0,1,33.8522,-118.399,0.776125,1.539,17.066666666666666,,,,,,,,,,,,5,136,1,0.7187918772884232,-0.6952253139408723
"DHS115-Hermosa Beach, Los Angeles",DHS115,2023-05-17,10.0,10.565,10.0,1,33.8522,-118.399,0.7780833333333333,1.8430000000000002,16.733333333333334,,,,,,,,,,,,5,137,2,0.7067265555776159,-0.7074868024503348
"DHS115-Hermosa Beach, Los Angeles",DHS115,2023-05-18,10.0,10.537,10.0,1,33.8522,-118.399,0.7805833333333333,2.0380000000000003,16.254166666666666,,,,,,,,,,,,5,138,3,0.6944521021088763,-0.719538934232584
"DHS115-Hermosa Beach, Los Angeles",DHS115,2023-05-19,10.0,10.537,10.0,1,33.8522,-118.399,0.7833333333333333,2.166,16.6125,,,,,,,,,,,,5,139,4,0.6819721490904629,-0.7313781428679254
"DHS115-Hermosa Beach, Los Angeles",DHS115,2023-05-22,10.0,10.595,10.0,3,33.8522,-118.399,0.7872500000000001,1.893,17.1875,,,,,,,,,,,,5,142,0,0.6433365204044917,-0.765583517007675
"DHS115-Hermosa Beach, Los Angeles",DHS115,2023-05-23,10.0,10.565,10.0,1,33.8522,-118.399,0.7876666666666666,1.703,17.004166666666666,,,,,,,,,,,,5,143,1,0.6300720909843687,-0.7765366444428655
"DHS115-Hermosa Beach, Los Angeles",DHS115,2023-05-25,10.0,10.595,10.0,2,33.8522,-118.399,0.7909166666666666,1.2570000000000001,17.254166666666666,,,,,,,,,,,,5,145,3,0.6029878670694714,-0.7977503570459932
"DHS115-Hermosa Beach, Los Angeles",DHS115,2023-06-01,10.0,10.711,10.0,7,33.8522,-118.399,0.7950833333333334,1.6239999999999999,18.016666666666666,,,,,,,,,,,,6,152,3,0.5027907197793043,-0.8644081744776648
"DHS115-Hermosa Beach, Los Angeles",DHS115,2023-06-02,10.0,10.711,10.0,1,33.8522,-118.399,0.7962083333333333,1.9449999999999998,17.808333333333334,,,,,,,,,,,,6,153,4,0.4878471454423119,-0.8729290708206411
"DHS115-Hermosa Beach, Los Angeles",DHS115,2023-06-05,10.0,10.76,10.0,3,33.8522,-118.399,0.8105416666666666,2.402,16.1875,,,,,,,,,,,,6,156,0,0.44216815196707204,-0.8969321743510065
"DHS115-Hermosa Beach, Los Angeles",DHS115,2023-06-06,10.0,10.711,10.0,1,33.8522,-118.399,0.8167083333333333,2.3609999999999998,15.683333333333332,,,,,,,,,,,,6,157,1,0.42667408318992467,-0.9044054548343001
"DHS115-Hermosa Beach, Los Angeles",DHS115,2023-06-07,10.0,10.711,10.0,1,33.8522,-118.399,0.8215833333333333,2.224,15.775,,,,,,,,,,,,6,158,2,0.4110537546870351,-0.9116111071930239
"DHS115-Hermosa Beach, Los Angeles",DHS115,2023-06-09,10.0,10.76,10.0,2,33.8522,-118.399,0.824,1.697,16.266666666666666,,,,,,,,,,,,6,160,4,0.37945284372454435,-0.925211078289358
"DHS115-Hermosa Beach, Los Angeles",DHS115,2023-06-12,10.0,10.76,10.0,3,33.8522,-118.399,0.8176666666666667,1.211,16.204166666666666,,,,,,,,,,,,6,163,0,0.3312212278016865,-0.9435531242349544
"DHS115-Hermosa Beach, Los Angeles",DHS115,2023-06-13,10.0,10.711,10.0,1,33.8522,-118.399,0.8175833333333333,1.422,16.754166666666666,,,,,,,,,,,,6,164,1,0.31494162072895193,-0.9491110448902284
"DHS115-Hermosa Beach, Los Angeles",DHS115,2023-06-14,10.0,10.0,10.0,1,33.8522,-118.399,0.819375,1.731,16.245833333333334,,,,,,,,,,,,6,165,2,0.2985688173637202,-0.9543881083175908
"DHS115-Hermosa Beach, Los Angeles",DHS115,2023-06-15,10.0,10.0,10.0,1,33.8522,-118.399,0.8226249999999999,1.942,15.770833333333334,,,,,,,,,,,,6,166,3,0.2821076626819194,-0.9593827529490743
"DHS115-Hermosa Beach, Los Angeles",DHS115,2023-06-16,10.0,10.0,10.0,1,33.8522,-118.399,0.8268333333333334,2.098,15.575000000000001,,,,,,,,,,,,6,167,4,0.26556302780405594,-0.9640935007889755
"DHS115-Hermosa Beach, Los Angeles",DHS115,2023-06-19,10.0,10.0,10.0,3,33.8522,-118.399,0.8397083333333333,2.048,15.299999999999999,,,,,,,,,,,,6,170,0,0.21547731504673012,-0.976508846196619
"DHS115-Hermosa Beach, Los Angeles",DHS115,2023-06-20,10.0,10.0,10.0,1,33.8522,-118.399,0.8429583333333333,1.932,16.48333333333333,,,,,,,,,,,,6,171,1,0.19864794288017112,-0.9800709131432666
"DHS115-Hermosa Beach, Los Angeles",DHS115,2023-06-22,10.0,10.0,10.0,2,33.8522,-118.399,0.8482500000000001,1.5819999999999999,16.675,,,,,,,,,,,,6,173,3,0.16481784665719793,-0.9863240225317866
"DHS115-Hermosa Beach, Los Angeles",DHS115,2023-06-27,10.0,10.0,10.0,5,33.8522,-118.399,0.850375,0.8500000000000001,17.920833333333334,,,,,,,,,,,,6,178,1,0.07947729992362097,-0.9968366760893436
"DHS115-Hermosa Beach, Los Angeles",DHS115,2023-06-28,10.0,10.0,10.0,1,33.8522,-118.399,0.8468333333333332,1.051,18.266666666666666,,,,,,,,,,,,6,179,2,0.062318379354325076,-0.998056320853012
"DHS115-Hermosa Beach, Los Angeles",DHS115,2023-06-29,10.0,10.0,10.0,1,33.8522,-118.399,0.8426666666666667,1.413,17.604166666666668,,,,,,,,,,,,6,180,3,0.04514101777397193,-0.9989806246941579
"DHS115-Hermosa Beach, Los Angeles",DHS115,2023-07-04,10.0,10.0,10.0,5,33.8522,-118.399,0.8709166666666667,2.58,15.5625,,,,,,,,,,,,7,185,1,-0.04084439154329611,-0.9991655196610109
"DHS115-Hermosa Beach, Los Angeles",DHS115,2023-07-05,10.0,10.0,10.0,0,33.8522,-118.399,0.8825,2.512,15.8125,,,,,,,,,,,,7,186,2,-0.05802556932878035,-0.9983150972033183
"DHS115-Hermosa Beach, Los Angeles",DHS115,2023-07-07,10.0,10.0,10.0,2,33.8522,-118.399,0.8899166666666667,1.989,18.016666666666666,,,,,,,,,,,,7,188,4,-0.09233133369539123,-0.9957283388645872
"DHS115-Hermosa Beach, Los Angeles",DHS115,2023-07-10,10.0,10.0,10.0,3,33.8522,-118.399,0.8692916666666667,1.194,19.087500000000002,,,,,,,,,,,,7,191,0,-0.1435724234118113,-0.9896398128792412
"DHS115-Hermosa Beach, Los Angeles",DHS115,2023-07-11,10.0,10.0,10.0,1,33.8522,-118.399,0.8642500000000001,1.233,19.575,,,,,,,,,,,,7,192,1,-0.16057454459499376,-0.9870237158387383
"DHS115-Hermosa Beach, Los Angeles",DHS115,2023-07-13,10.0,10.0,10.0,2,33.8522,-118.399,0.8647916666666666,1.744,19.525000000000002,,,,,,,,,,,,7,194,3,-0.19443122004766195,-0.9809161537413774
"DHS115-Hermosa Beach, Los Angeles",DHS115,2023-07-14,10.0,10.0,10.0,1,33.8522,-118.399,0.8686666666666666,1.899,19.916666666666668,,,,,,,,,,,,7,195,4,-0.2112757555821793,-0.9774264960104055
"DHS115-Hermosa Beach, Los Angeles",DHS115,2023-07-17,10.0,10.0,10.0,3,33.8522,-118.399,0.88475,2.039,21.325,,,,,,,,,,,,7,198,0,-0.2614143985111562,-0.965226663665613
"DHS115-Hermosa Beach, Los Angeles",DHS115,2023-07-18,10.0,10.0,10.0,1,33.8522,-118.399,0.890625,1.987,20.841666666666665,,,,,,,,,,,,7,199,1,-0.2779791393987801,-0.9605871111248129
"DHS115-Hermosa Beach, Los Angeles",DHS115,2023-07-19,10.0,10.0,10.0,1,33.8522,-118.399,0.8962499999999999,1.916,19.48333333333333,,,,,,,,,,,,7,200,2,-0.2944616217868012,-0.9556633054034704
"DHS115-Hermosa Beach, Los Angeles",DHS115,2023-07-20,10.0,10.0,10.0,1,33.8522,-118.399,0.9009166666666667,1.774,17.983333333333334,,,,,,,,,,,,7,201,3,-0.3108569682435036,-0.9504567035349151
"DHS115-Hermosa Beach, Los Angeles",DHS115,2023-07-21,10.0,10.0,10.0,1,33.8522,-118.399,0.9043333333333333,1.6,16.900000000000002,,,,,,,,,,,,7,202,4,-0.3271603271220951,-0.9449688462364056
"DHS115-Hermosa Beach, Los Angeles",DHS115,2023-07-24,10.0,10.0,10.0,3,33.8522,-118.399,0.9045,0.9099999999999999,20.020833333333332,,,,,,,,,,,,7,205,0,-0.3754703786876202,-0.9268343944460494
"DHS115-Hermosa Beach, Los Angeles",DHS115,2023-07-25,10.0,10.0,10.0,1,33.8522,-118.399,0.9007916666666667,0.854,19.691666666666666,,,,,,,,,,,,7,206,1,-0.3913578365610259,-0.9202385798054075
"DHS115-Hermosa Beach, Los Angeles",DHS115,2023-07-26,20.0,10.372,10.0,1,33.8522,-118.399,0.8944583333333332,0.928,19.558333333333334,,,,,,,,,,,,7,207,2,-0.4071294853542516,-0.9133704517637858
"DHS115-Hermosa Beach, Los Angeles",DHS115,2023-07-27,10.0,10.353,20.0,1,33.8522,-118.399,0.886,1.179,19.974999999999998,,,,,,,,,,,,7,208,3,-0.4227806579826773,-0.9062320427107697
"DHS115-Hermosa Beach, Los Angeles",DHS115,2023-07-28,10.0,10.353,10.0,1,33.8522,-118.399,0.8776666666666667,1.472,20.983333333333334,,,,,,,,,,,,7,209,4,-0.4383067230125192,-0.898825465016444
"DHS115-Hermosa Beach, Los Angeles",DHS115,2023-07-31,10.0,10.372,10.0,3,33.8522,-118.399,0.8852083333333334,2.417,21.712500000000002,,,,,,,,,,,,7,212,0,-0.48408852163897587,-0.8750190302029955
"DHS115-Hermosa Beach, Los Angeles",DHS115,2023-08-01,10.0,10.353,10.0,1,33.8522,-118.399,0.9017916666666667,2.578,21.770833333333332,,,,,,,,,,,,8,213,1,-0.4990686026885319,-0.8665624788845385
"DHS115-Hermosa Beach, Los Angeles",DHS115,2023-08-02,10.0,10.336,10.0,1,33.8522,-118.399,0.9204583333333334,2.573,21.837500000000002,,,,,,,,,,,,8,214,2,-0.5139010013093103,-0.8578494977869301
"DHS115-Hermosa Beach, Los Angeles",DHS115,2023-08-03,10.0,10.32,10.0,1,33.8522,-118.399,0.9351666666666666,2.46,21.8875,,,,,,,,,,,,8,215,3,-0.5285813283559292,-0.8488826652214553
"DHS115-Hermosa Beach, Los Angeles",DHS115,2023-08-04,10.0,10.353,10.0,1,33.8522,-118.399,0.94125,2.181,21.8625,,,,,,,,,,,,8,216,4,-0.5431052396834317,-0.8396646346181327
"DHS115-Hermosa Beach, Los Angeles",DHS115,2023-08-07,20.0,10.718,10.0,3,33.8522,-118.399,0.911625,1.156,21.633333333333336,,,,,,,,,,,,8,219,0,-0.5856957398073508,-0.8105309990194823
"DHS115-Hermosa Beach, Los Angeles",DHS115,2023-08-09,10.0,10.682,20.0,2,33.8522,-118.399,0.8912083333333333,1.282,21.179166666666667,,,,,,,,,,,,8,221,2,-0.6132298262997502,-0.7899045386224707
"DHS115-Hermosa Beach, Los Angeles",DHS115,2023-08-10,10.0,10.718,10.0,1,33.8522,-118.399,0.8887916666666666,1.466,21.558333333333334,,,,,,,,,,,,8,222,3,-0.6267266965083301,-0.7792391467859886
"DHS115-Hermosa Beach, Los Angeles",DHS115,2023-08-11,20.0,11.041,10.0,1,33.8522,-118.399,0.8904166666666667,1.6179999999999999,22.791666666666668,,,,,,,,,,,,8,223,4,-0.6400381082043503,-0.7683431655492202
"DHS115-Hermosa Beach, Los Angeles",DHS115,2023-08-14,10.0,11.096,20.0,3,33.8522,-118.399,0.9060416666666667,1.8800000000000001,19.370833333333334,,,,,,,,,,,,8,226,0,-0.6788204829862357,-0.734304263829602
"DHS115-Hermosa Beach, Los Angeles",DHS115,2023-08-15,10.0,11.041,10.0,1,33.8522,-118.399,0.9130833333333332,1.91,18.908333333333335,,,,,,,,,,,,8,227,1,-0.6913512362094071,-0.722518835873311
"DHS115-Hermosa Beach, Los Angeles",DHS115,2023-08-16,10.0,11.041,10.0,1,33.8522,-118.399,0.9204583333333334,1.876,17.599999999999998,,,,,,,,,,,,8,228,2,-0.7036774074790128,-0.7105196029692745
"DHS115-Hermosa Beach, Los Angeles",DHS115,2023-08-17,10.0,10.991,10.0,1,33.8522,-118.399,0.9275416666666666,1.799,17.970833333333335,,,,,,,,,,,,8,229,3,-0.7157953492826642,-0.6983101158835584
"DHS115-Hermosa Beach, Los Angeles",DHS115,2023-08-18,10.0,11.041,10.0,1,33.8522,-118.399,0.9327916666666667,1.661,17.483333333333334,,,,,,,,,,,,8,230,4,-0.7277014757264236,-0.6858939875998223
"DHS115-Hermosa Beach, Los Angeles",DHS115,2023-08-22,280.0,13.107,10.0,4,33.8522,-118.399,0.9292916666666667,0.897,15.975,,,,,,,,,,,,8,234,1,-0.7731383255706027,-0.6342374393978054
"DHS115-Hermosa Beach, Los Angeles",DHS115,2023-08-23,120.0,14.841,280.0,1,33.8522,-118.399,0.9210833333333334,0.919,15.762500000000001,,,,,,,,,,,,8,235,2,-0.7839338166829201,-0.620844401650647
"DHS115-Hermosa Beach, Los Angeles",DHS115,2023-08-25,450.0,17.851,120.0,2,33.8522,-118.399,0.8970833333333333,1.282,16.258333333333333,,,,,,,,,,0.68,12.1,8,237,4,-0.8048257371083452,-0.593511190196115
"DHS115-Hermosa Beach, Los Angeles",DHS115,2023-08-28,20.0,19.159,450.0,3,33.8522,-118.399,0.8850416666666666,2.118,17.991666666666667,,,,,,,,,,0.8,8.5,8,240,0,-0.8343701235229537,-0.5512045872199277
"DHS115-Hermosa Beach, Los Angeles",DHS115,2023-08-29,10.0,18.514,20.0,1,33.8522,-118.399,0.8994166666666666,2.34,18.066666666666666,,,,,,,,,,0.86,8.2,8,241,1,-0.8437282590292712,-0.5367705514607103
"DHS115-Hermosa Beach, Los Angeles",DHS115,2023-08-31,10.0,18.514,10.0,2,33.8522,-118.399,0.9417916666666667,2.366,20.445833333333333,,,,,,,,,,0.72,9.95,8,243,3,-0.8616928164028521,-0.5074302810827518
"DHS115-Hermosa Beach, Los Angeles",DHS115,2023-09-01,190.0,22.564,10.0,1,33.8522,-118.399,0.9562499999999999,2.141,20.308333333333334,,,,,,,,,,0.7,13.2,9,244,4,-0.8702939222685674,-0.49253272872205434
"DHS115-Hermosa Beach, Los Angeles",DHS115,2023-09-05,10.0,23.67,190.0,4,33.8522,-118.399,0.91525,1.327,20.125,,,,,,,,,,0.82,11.6,9,248,1,-0.9020987014301837,-0.4315297589714715
"DHS115-Hermosa Beach, Los Angeles",DHS115,2023-09-11,10.0,25.786,10.0,6,33.8522,-118.399,0.898375,1.616,19.320833333333333,,,,,,,,,,0.9,8.95,9,254,0,-0.9417589340994617,-0.33628873017668287
"DHS115-Hermosa Beach, Los Angeles",DHS115,2023-09-12,10.0,24.208,10.0,1,33.8522,-118.399,0.9052916666666667,1.6920000000000002,20.133333333333333,,,,,,,,,,0.84,8.45,9,255,1,-0.9474042892438845,-0.32003923622313857
"DHS115-Hermosa Beach, Los Angeles",DHS115,2023-09-13,20.0,25.353,10.0,1,33.8522,-118.399,0.9133749999999999,1.678,21.354166666666668,,,,,,,,,,0.9,11.9,9,256,2,-0.9527692922168511,-0.30369503751065885
"DHS115-Hermosa Beach, Los Angeles",DHS115,2023-09-14,41.0,26.126,20.0,1,33.8522,-118.399,0.9215416666666667,1.643,20.5,,,,,,,,,,0.74,11.9,9,257,3,-0.9578523554276669,-0.28726097055059635
"DHS115-Hermosa Beach, Los Angeles",DHS115,2023-09-15,10.0,26.126,41.0,1,33.8522,-118.399,0.9289583333333334,1.533,20.462500000000002,,,,,,,,,,0.7,11.5,9,258,4,-0.9626519747161487,-0.2707418984477642
"DHS115-Hermosa Beach, Los Angeles",DHS115,2023-09-18,10.0,29.968,10.0,3,33.8522,-118.399,0.9359583333333333,1.29,20.679166666666667,,,,,,,,,,0.56,8.7,9,261,0,-0.9753363880767837,-0.2207236509605022
"DHS115-Hermosa Beach, Los Angeles",DHS115,2023-09-20,10.0,27.853,10.0,2,33.8522,-118.399,0.9234583333333334,1.245,20.845833333333335,,,,,,,,,,0.7,10.5,9,263,2,-0.9823516608469237,-0.18704334906991657
"DHS115-Hermosa Beach, Los Angeles",DHS115,2023-09-21,10.0,22.305,10.0,1,33.8522,-118.399,0.9112916666666666,1.194,21.004166666666666,,,,,,,,,,0.62,10.55,9,264,3,-0.9854237542919524,-0.17011767832049052
"DHS115-Hermosa Beach, Los Angeles",DHS115,2023-09-22,10.0,18.9,10.0,1,33.8522,-118.399,0.896,1.19,20.504166666666666,,,,,,,,,,0.58,11.6,9,265,4,-0.9882042449941422,-0.15314166701312007
"DHS115-Hermosa Beach, Los Angeles",DHS115,2023-09-25,10.0,14.664,10.0,3,33.8522,-118.399,0.8653333333333334,1.742,17.066666666666666,,,,,,,,,,0.62,8.5,9,268,0,-0.994788305609327,-0.10196189005174576
"DHS115-Hermosa Beach, Los Angeles",DHS115,2023-09-26,20.0,14.951,10.0,1,33.8522,-118.399,0.8732083333333334,1.946,16.712500000000002,,,,,,,,,,1.06,10.35,9,269,1,-0.9963950238187231,-0.08483487790576538
"DHS115-Hermosa Beach, Los Angeles",DHS115,2023-10-02,10.0,12.401,20.0,6,33.8522,-118.399,0.9329999999999999,1.848,19.766666666666666,,,,,,,,,,0.7,9.25,10,275,0,-0.999832969770105,0.018276557681691223
"DHS115-Hermosa Beach, Los Angeles",DHS115,2023-10-04,10.0,12.212,10.0,2,33.8522,-118.399,0.8958333333333334,1.4740000000000002,19.10833333333333,,,,,,,,,,0.6,10.2,10,277,2,-0.9986126020839734,0.052658056924614005
"DHS115-Hermosa Beach, Los Angeles",DHS115,2023-10-06,31.0,13.24,10.0,2,33.8522,-118.399,0.8708333333333335,1.135,19.091666666666665,,,,,,,,,,0.92,11.7,10,279,4,-0.9962102997023297,0.0869772313136861
"DHS115-Hermosa Beach, Los Angeles",DHS115,2023-10-10,10.0,12.994,31.0,4,33.8522,-118.399,0.876375,1.356,16.44782608695652,,,,,,,,,,0.92,8.85,10,283,1,-0.9878726596350429,0.15526624985999563
"DHS115-Hermosa Beach, Los Angeles",DHS115,2023-10-11,880.0,17.514,10.0,1,33.8522,-118.399,0.8834583333333333,1.373,18.041666666666668,,,,,,,,,,1.36,8.25,10,284,2,-0.9850556718215013,0.172236243027682
"DHS115-Hermosa Beach, Los Angeles",DHS115,2023-10-12,41.0,18.47,880.0,1,33.8522,-118.399,0.89175,1.3479999999999999,18.383333333333333,,,,,,,,,,1.36,10.05,10,285,3,-0.981947190186646,0.18915526872004093
"DHS115-Hermosa Beach, Los Angeles",DHS115,2023-10-13,10.0,18.372,41.0,1,33.8522,-118.399,0.9005,1.3820000000000001,18.375,,,,,,,,,,0.92,11.7,10,286,4,-0.9785481345802031,0.20601832032517084
"DHS115-Hermosa Beach, Los Angeles",DHS115,2023-10-14,10.0,17.687,10.0,1,33.8522,-118.399,0.9083333333333333,1.529,17.816666666666666,,,,,,,,,,0.74,14.0,10,287,5,-0.9748595108374125,0.22282040779479959
"DHS115-Hermosa Beach, Los Angeles",DHS115,2023-10-16,10.0,16.723,10.0,2,33.8522,-118.399,0.9174583333333333,1.6529999999999998,17.891666666666666,,,,,,,,,,1.04,10.95,10,289,0,-0.9666180104000972,0.2562218218071163
"DHS115-Hermosa Beach, Los Angeles",DHS115,2023-10-17,31.0,17.381,10.0,1,33.8522,-118.399,0.9165833333333334,1.701,18.283333333333335,,,,,,,,,,0.96,10.2,10,290,1,-0.9620675724981452,0.27281126433401914
"DHS115-Hermosa Beach, Los Angeles",DHS115,2023-10-19,10.0,17.381,31.0,2,33.8522,-118.399,0.899375,1.576,18.295833333333334,,,,,,,,,,1.1,14.9,10,292,3,-0.9521140536681102,0.3057430764672831
"DHS115-Hermosa Beach, Los Angeles",DHS115,2023-10-20,10.0,16.825,10.0,1,33.8522,-118.399,0.8832083333333333,1.455,17.945833333333333,,,,,,,,,,1.34,14.25,10,293,4,-0.9467139181463862,0.3220757010206104
"DHS115-Hermosa Beach, Los Angeles",DHS115,2023-10-23,10.0,18.033,10.0,3,33.8522,-118.399,0.8389166666666666,1.413,19.712500000000002,,,,,,,,,,1.52,8.3,10,296,0,-0.9288394302558068,0.3704825404820963
"DHS115-Hermosa Beach, Los Angeles",DHS115,2023-10-24,10.0,17.381,10.0,1,33.8522,-118.399,0.8394583333333333,1.5419999999999998,18.974999999999998,,,,,,,,,,1.12,8.55,10,297,1,-0.9223291176290545,0.3864052261209853
"DHS115-Hermosa Beach, Los Angeles",DHS115,2023-10-25,10.0,17.381,10.0,1,33.8522,-118.399,0.8508749999999999,1.603,18.908333333333335,,,,,,,,,,0.74,10.0,10,298,2,-0.9155458729775467,0.40221356823680365
"DHS115-Hermosa Beach, Los Angeles",DHS115,2023-10-26,10.0,16.825,10.0,1,33.8522,-118.399,0.8700416666666667,1.711,19.154166666666665,,,,,,,,,,0.7,10.1,10,299,3,-0.9084917035725082,0.41790288888678667
"DHS115-Hermosa Beach, Los Angeles",DHS115,2023-10-27,10.0,16.152,10.0,1,33.8522,-118.399,0.8910833333333333,1.904,19.079166666666666,,,,,,,,,,0.88,9.3,10,300,4,-0.9011686968561569,0.4334685453485363
"DHS115-Hermosa Beach, Los Angeles",DHS115,2023-10-30,10.0,15.728,10.0,3,33.8522,-118.399,0.9130416666666666,2.165,17.220833333333335,,,,,,,,,,0.68,,10,303,0,-0.8776087166898392,0.4793776594606945
"DHS115-Hermosa Beach, Los Angeles",DHS115,2023-10-31,10.0,15.357,10.0,1,33.8522,-118.399,0.9020833333333332,2.07,16.962500000000002,,,,,,,,,,0.5,12.85,10,304,1,-0.8692328164574792,0.4944029842076182
"DHS115-Hermosa Beach, Los Angeles",DHS115,2023-11-02,10.0,15.357,10.0,2,33.8522,-118.399,0.8697083333333334,1.614,17.016666666666666,,,,,,,,,,0.62,13.35,11,306,3,-0.8517119107469189,0.5240103253675756
"DHS115-Hermosa Beach, Los Angeles",DHS115,2023-11-03,10.0,15.031,10.0,1,33.8522,-118.399,0.8557916666666667,1.341,17.75,,,,,,,,,,0.52,11.45,11,307,4,-0.8425720899866032,0.5385835804920232
"DHS115-Hermosa Beach, Los Angeles",DHS115,2023-11-06,10.0,14.47,10.0,3,33.8522,-118.399,0.8399166666666668,1.046,15.845833333333333,,,,,,,,,,1.0,9.25,11,310,0,-0.8136678304455991,0.5813300798152042
"DHS115-Hermosa Beach, Los Angeles",DHS115,2023-11-08,110.0,16.014,10.0,2,33.8522,-118.399,0.84675,1.17,16.620833333333334,,,,,,,,,,1.72,9.95,11,312,2,-0.7931896839451843,0.6089746507720486
"DHS115-Hermosa Beach, Los Angeles",DHS115,2023-11-09,10.0,16.014,110.0,1,33.8522,-118.399,0.853625,1.2269999999999999,16.270833333333332,,,,,,,,,,0.94,9.9,11,313,3,-0.7825970017677834,0.6225286602431057
"DHS115-Hermosa Beach, Los Angeles",DHS115,2023-11-10,20.0,13.253,10.0,1,33.8522,-118.399,0.8619583333333334,1.434,16.154166666666665,,,,,,,,,,0.7,9.1,11,314,4,-0.7717727365467837,0.6358984534680745
"DHS115-Hermosa Beach, Los Angeles",DHS115,2023-11-13,20.0,12.953,20.0,3,33.8522,-118.399,0.8893333333333334,2.015,16.175,,,,,,,,,,0.68,12.95,11,317,0,-0.7379428103031386,0.6748632518680403
"DHS115-Hermosa Beach, Los Angeles",DHS115,2023-11-16,10.0,13.14,20.0,3,33.8522,-118.399,0.885625,2.012,17.170833333333334,,,,,,,,,,1.2,10.0,11,320,3,-0.7021479494046978,0.712031078778713
"DHS115-Hermosa Beach, Los Angeles",DHS115,2023-11-17,10.0,12.34,10.0,1,33.8522,-118.399,0.8705416666666667,1.871,17.566666666666666,,,,,,,,,,0.96,9.85,11,321,4,-0.6897960046655887,0.7240037789593305
"DHS115-Hermosa Beach, Los Angeles",DHS115,2023-11-20,10.0,12.493,10.0,3,33.8522,-118.399,0.8155416666666667,1.371,17.408333333333335,,,,,,,,,,1.32,10.85,11,324,0,-0.6515303615068021,0.75862255966641
"DHS115-Hermosa Beach, Los Angeles",DHS115,2023-11-21,10.0,12.34,10.0,1,33.8522,-118.399,0.8097083333333334,1.333,17.308333333333334,,,,,,,,,,0.56,12.4,11,325,1,-0.6383844591746642,0.769717664006921
"DHS115-Hermosa Beach, Los Angeles",DHS115,2023-11-22,10.0,12.204,10.0,1,33.8522,-118.399,0.8148333333333334,1.4249999999999998,17.120833333333334,,,,,,,,,,0.44,12.8,11,326,2,-0.6250496486104377,0.7805849965070866
"DHS115-Hermosa Beach, Los Angeles",DHS115,2023-11-23,10.0,12.204,10.0,1,33.8522,-118.399,0.8291666666666666,1.5190000000000001,16.954166666666666,,,,,,,,,,,,11,327,3,-0.6115298757991053,0.7912213413483807
"DHS115-Hermosa Beach, Los Angeles",DHS115,2023-11-24,31.0,13.14,10.0,1,33.8522,-118.399,0.8481666666666667,1.87,17.145833333333332,,,,,,,,,,,,11,328,4,-0.5978291414589552,0.801623551065242
"DHS115-Hermosa Beach, Los Angeles",DHS115,2023-11-27,10.0,13.353,31.0,3,33.8522,-118.399,0.8837083333333333,2.319,16.8,,,,,,,,,,,,11,331,0,-0.5556819724760489,0.8313949395234058
"DHS115-Hermosa Beach, Los Angeles",DHS115,2023-11-28,10.0,13.14,10.0,1,33.8522,-118.399,0.8808750000000001,2.239,16.787499999999998,,,,,,,,,,,,11,332,1,-0.5412984521036173,0.8408305333122887
"DHS115-Hermosa Beach, Los Angeles",DHS115,2023-11-29,10.0,13.14,10.0,1,33.8522,-118.399,0.8722500000000001,2.1550000000000002,16.833333333333332,,,,,,,,,,,,11,333,2,-0.5267547528105542,0.8500173118187018
"DHS115-Hermosa Beach, Los Angeles",DHS115,2023-11-30,10.0,12.953,10.0,1,33.8522,-118.399,0.8600416666666667,1.9580000000000002,16.829166666666666,,,,,,,,,,,,11,334,3,-0.5120551783114646,0.8589525565270845
"DHS115-Hermosa Beach, Los Angeles",DHS115,2023-12-01,30.0,13.724,10.0,1,33.8522,-118.399,0.8467916666666667,1.695,16.766666666666666,,,,,,,,,,,,12,335,4,-0.4972040784469378,0.8676336233547726
"DHS115-Hermosa Beach, Los Angeles",DHS115,2023-12-04,10.0,13.967,30.0,3,33.8522,-118.399,0.8180833333333334,0.968,16.654166666666665,,,,,,,,,,,,12,338,0,-0.451785789832884,0.8921264484954345
"DHS115-Hermosa Beach, Los Angeles",DHS115,2023-12-05,10.0,13.724,10.0,1,33.8522,-118.399,0.8148749999999999,0.9550000000000001,16.570833333333333,,,,,,,,,,,,12,339,1,-0.4363729641045924,0.8997658785476209
"DHS115-Hermosa Beach, Los Angeles",DHS115,2023-12-06,10.0,13.724,10.0,1,33.8522,-118.399,0.8152916666666666,0.9889999999999999,16.629166666666666,,,,,,,,,,,,12,340,2,-0.42083100859565564,0.9071390534005044
"DHS115-Hermosa Beach, Los Angeles",DHS115,2023-12-07,10.0,13.508,10.0,1,33.8522,-118.399,0.8189166666666666,1.012,16.758333333333333,,,,,,,,,,,,12,341,3,-0.4051645224207563,0.9142437912130223
"DHS115-Hermosa Beach, Los Angeles",DHS115,2023-12-08,52.0,13.011,10.0,1,33.8522,-118.399,0.82525,1.2799999999999998,16.650000000000002,,,,,,,,,,,,12,342,4,-0.3893781415452015,0.9210779895789526
"DHS115-Hermosa Beach, Los Angeles",DHS115,2023-12-11,10.0,12.72,52.0,3,33.8522,-118.399,0.8565416666666666,2.087,16.616666666666667,,,,,,,,,,,,12,345,0,-0.34134651424503615,0.9399375283564133
"DHS115-Hermosa Beach, Los Angeles",DHS115,2023-12-12,200.0,14.599,10.0,1,33.8522,-118.399,0.8669583333333333,2.269,16.641666666666666,,,,,,,,,,,,12,346,1,-0.3251276029999093,0.9456701548465688
"DHS115-Hermosa Beach, Los Angeles",DHS115,2023-12-13,260.0,16.597,200.0,1,33.8522,-118.399,0.8730833333333333,2.288,16.629166666666666,,,,,,,,,,,,12,347,2,-0.30881248126625377,0.9511229423235357
"DHS115-Hermosa Beach, Los Angeles",DHS115,2023-12-14,10.0,16.201,260.0,1,33.8522,-118.399,0.8715833333333333,2.362,16.6375,,,,,,,,,,,,12,348,3,-0.29240597695107734,0.9562942772197719
"DHS115-Hermosa Beach, Los Angeles",DHS115,2023-12-15,10.0,15.85,10.0,1,33.8522,-118.399,0.8608750000000001,2.285,16.6125,,,,,,,,,,,,12,349,4,-0.27591294500296043,0.9611826292540837
"DHS115-Hermosa Beach, Los Angeles",DHS115,2023-12-18,10.0,16.201,10.0,3,33.8522,-118.399,0.7996249999999999,1.5510000000000002,16.64166666666667,,,,,,,,,,,,12,352,0,-0.22596360824801906,0.974135744004672
"DHS115-Hermosa Beach, Los Angeles",DHS115,2023-12-19,10.0,15.85,10.0,1,33.8522,-118.399,0.7872499999999999,1.31,16.783333333333335,,,,,,,,,,,,12,353,1,-0.20917350564635637,0.9778785428342386
"DHS115-Hermosa Beach, Los Angeles",DHS115,2023-12-20,20.0,16.357,10.0,1,33.8522,-118.399,0.7861250000000001,1.308,16.858333333333334,,,,,,,,,,,,12,354,2,-0.19232150523909483,0.9813319716704275
"DHS115-Hermosa Beach, Los Angeles",DHS115,2023-12-21,24000.0,22.458,20.0,1,33.8522,-118.399,0.7953749999999999,1.3239999999999998,16.595833333333335,,,,,,,,,,,,12,355,3,-0.17541259380427843,0.9844950085880858
"DHS115-Hermosa Beach, Los Angeles",DHS115,2023-12-22,10000.0,31.894,24000.0,1,33.8522,-118.399,0.8114583333333334,1.683,16.883333333333333,,,,,,,,,,,,12,356,4,-0.15845177496083632,0.9873667175937016
"DHS115-Hermosa Beach, Los Angeles",DHS115,2023-12-26,31.0,33.706,10000.0,4,33.8522,-118.399,0.8547916666666667,2.273,17.0625,,,,,,,,,,,,12,360,1,-0.09019000427034513,0.9959245770286599
"DHS115-Hermosa Beach, Los Angeles",DHS115,2023-12-27,20.0,34.837,31.0,1,33.8522,-118.399,0.852,2.182,17.0125,,,,,,,,,,,,12,361,2,-0.07304518821104743,0.9973286321364752
"DHS115-Hermosa Beach, Los Angeles",DHS115,2024-01-02,10.0,40.352,20.0,6,33.8522,-118.399,0.79575,0.948,16.454166666666666,,,,,,,,,,,,1,2,1,0.03439806061360801,0.9994082116062598
"DHS115-Hermosa Beach, Los Angeles",DHS115,2024-01-03,17000.0,61.001,10.0,1,33.8522,-118.399,0.7917083333333333,0.8759999999999999,16.495833333333334,,,,,,,,,,,,1,3,2,0.051584366869408364,0.9986686402879997
"DHS115-Hermosa Beach, Los Angeles",DHS115,2024-01-04,20.0,57.524,17000.0,1,33.8522,-118.399,0.7914583333333334,0.8360000000000001,16.191666666666666,,,,,,,,,,,,1,4,3,0.06875540848113941,0.9976335468520451
"DHS115-Hermosa Beach, Los Angeles",DHS115,2024-01-05,10.0,57.524,20.0,1,33.8522,-118.399,0.7944583333333334,1.005,16.004166666666666,,,,,,,,,,,,1,5,4,0.08590610426133272,0.9963032375991965
"DHS115-Hermosa Beach, Los Angeles",DHS115,2024-01-06,10.0,63.396,10.0,1,33.8522,-118.399,0.8007083333333332,1.324,15.920833333333334,,,,,,,,,,,,1,6,5,0.10303137904317879,0.9946781061893646
"DHS115-Hermosa Beach, Los Angeles",DHS115,2024-01-08,10.0,57.847,10.0,2,33.8522,-118.399,0.8213333333333334,1.974,15.333333333333334,,,,,,,,,,,,1,8,0,0.13718540405660057,0.9905453876091833
"DHS115-Hermosa Beach, Los Angeles",DHS115,2024-01-09,10.0,52.743,10.0,1,33.8522,-118.399,0.8336666666666667,2.243,15.095833333333333,,,,,,,,,,,,1,9,1,0.1542040475626894,0.988039023376751
"DHS115-Hermosa Beach, Los Angeles",DHS115,2024-01-10,52.0,57.524,10.0,1,33.8522,-118.399,0.8442083333333333,2.443,14.816666666666668,,,,,,,,,,,,1,10,2,0.17117705961019986,0.985240282501282
"DHS115-Hermosa Beach, Los Angeles",DHS115,2024-01-11,10.0,52.705,52.0,1,33.8522,-118.399,0.8489583333333334,2.525,14.75,,,,,,,,,,,,1,11,3,0.18809941761179758,0.9821499931752291
"DHS115-Hermosa Beach, Los Angeles",DHS115,2024-01-12,10.0,45.374,10.0,1,33.8522,-118.399,0.84475,2.561,14.541666666666666,,,,,,,,,,,,1,12,4,0.20496611396949532,0.9787690698649216
"DHS115-Hermosa Beach, Los Angeles",DHS115,2024-01-14,10.0,41.391,10.0,2,33.8522,-118.399,0.8107083333333334,2.211,14.3125,,,,,,,,,,,,1,14,6,0.23851257519407648,0.9711394088771653
"DHS115-Hermosa Beach, Los Angeles",DHS115,2024-01-17,10.0,44.789,10.0,3,33.8522,-118.399,0.7636666666666666,1.319,14.858333333333334,,,,,,,,,,,,1,17,2,0.2882906407095177,0.9575429528116719
"DHS115-Hermosa Beach, Los Angeles",DHS115,2024-01-18,10.0,41.391,10.0,1,33.8522,-118.399,0.76675,1.185,14.887500000000001,,,,,,,,,,,,1,18,3,0.3047192331091634,0.9524422234305676
"DHS115-Hermosa Beach, Los Angeles",DHS115,2024-01-19,10.0,43.097,10.0,1,33.8522,-118.399,0.7785833333333333,1.444,14.975,,,,,,,,,,,,1,19,4,0.321057654185271,0.9470596510722283
"DHS115-Hermosa Beach, Los Angeles",DHS115,2024-01-20,20.0,41.391,10.0,1,33.8522,-118.399,0.7941250000000001,1.699,14.9,,,,,,,,,,,,1,20,5,0.3373010691361842,0.9413968285264122
"DHS115-Hermosa Beach, Los Angeles",DHS115,2024-01-23,110.0,22.624,20.0,3,33.8522,-118.399,0.823875,2.1,15.275,,,,,,,,,,,,1,23,1,0.38541335945432564,0.9227440286201427
"DHS115-Hermosa Beach, Los Angeles",DHS115,2024-01-24,31.0,23.002,110.0,1,33.8522,-118.399,0.82375,2.124,15.5875,,,,,,,,,,,,1,24,2,0.4012289854475009,0.9159777842484877
"DHS115-Hermosa Beach, Los Angeles",DHS115,2024-01-25,10.0,21.673,31.0,1,33.8522,-118.399,0.820375,2.041,15.5875,,,,,,,,,,,,1,25,3,0.4169258813287287,0.908940487313808
"DHS115-Hermosa Beach, Los Angeles",DHS115,2024-01-29,10.0,20.896,10.0,4,33.8522,-118.399,0.7876666666666666,1.468,15.429166666666667,,,,,,,,,,,,1,29,0,0.4784338202547012,0.8781236129591848
"DHS115-Hermosa Beach, Los Angeles",DHS115,2024-02-01,7700.0,29.647,10.0,3,33.8522,-118.399,0.7682083333333334,0.9040000000000001,15.541666666666666,,,,,,,,,,,,2,32,3,0.5230943033491326,0.8522748088519838
"DHS115-Hermosa Beach, Los Angeles",DHS115,2024-02-02,630.0,24.927,7700.0,1,33.8522,-118.399,0.7674583333333334,0.7899999999999999,15.4,,,,,,,,,,,,2,33,4,0.5376773767406141,0.8431506618282
"DHS115-Hermosa Beach, Los Angeles",DHS115,2024-02-07,290.0,34.964,630.0,5,33.8522,-118.399,0.804875,2.2640000000000002,15.020833333333334,,,,,,,,,,,,2,38,2,0.6081214998935418,0.7938439653781019
"DHS115-Hermosa Beach, Los Angeles",DHS115,2024-02-09,820.0,45.68,290.0,2,33.8522,-118.399,0.8149583333333333,2.563,14.8375,,,,,,,,,,,,2,40,4,0.6350683134867438,0.7724559775191742
"DHS115-Hermosa Beach, Los Angeles",DHS115,2024-02-12,10.0,50.915,820.0,3,33.8522,-118.399,0.7777916666666665,1.9949999999999999,15.145833333333334,,,,,,,,,,,,2,43,0,0.6740694616546162,0.7386679638813748
"DHS115-Hermosa Beach, Los Angeles",DHS115,2024-02-13,10.0,50.915,10.0,1,33.8522,-118.399,0.759875,1.663,15.195833333333333,,,,,,,,,,,,2,44,1,0.6866759803451553,0.726963615332308
"DHS115-Hermosa Beach, Los Angeles",DHS115,2024-02-14,10.0,45.68,10.0,1,33.8522,-118.399,0.7473333333333333,1.46,15.470833333333333,,,,,,,,,,,,2,45,2,0.6990793005655562,0.7150441465537444
"DHS115-Hermosa Beach, Los Angeles",DHS115,2024-02-15,10.0,41.542,10.0,1,33.8522,-118.399,0.7434166666666666,1.283,15.6,,,,,,,,,,,,2,46,3,0.7112757519738152,0.7029130847082615
"DHS115-Hermosa Beach, Los Angeles",DHS115,2024-02-16,10.0,41.542,10.0,1,33.8522,-118.399,0.748625,1.3130000000000002,15.6,,,,,,,,,,,,2,47,4,0.7232617254437388,0.6905740195722293
"DHS115-Hermosa Beach, Los Angeles",DHS115,2024-02-22,20.0,50.915,10.0,6,33.8522,-118.399,0.789625,1.9020000000000001,15.670833333333334,,,,,,,,,,,,2,53,3,0.7905633969115482,0.612380204990065
"DHS115-Hermosa Beach, Los Angeles",DHS115,2024-02-23,85.0,49.986,20.0,1,33.8522,-118.399,0.785625,1.879,15.791666666666666,,,,,,,,,,,,2,54,4,0.8009803309782905,0.5986906625177214
"DHS115-Hermosa Beach, Los Angeles",DHS115,2024-02-24,10.0,46.105,85.0,1,33.8522,-118.399,0.7804583333333334,1.7639999999999998,15.616666666666667,,,,,,,,,,,,2,55,5,0.8111602420785621,0.5848239578463322
"DHS115-Hermosa Beach, Los Angeles",DHS115,2024-02-26,10.0,46.105,10.0,2,33.8522,-118.399,0.7676666666666666,1.507,15.258333333333333,,,,,,,,,,,,2,57,0,0.8307970168121247,0.5565755266413303
"DHS115-Hermosa Beach, Los Angeles",DHS115,2024-02-28,10.0,46.105,10.0,2,33.8522,-118.399,0.754125,1.177,15.4375,,,,,,,,,,,,2,59,2,0.8494504794814806,0.527668345562516
"DHS115-Hermosa Beach, Los Angeles",DHS115,2024-02-29,10.0,41.639,10.0,1,33.8522,-118.399,0.749,1.062,15.725,,,,,,,,,,,,2,60,3,0.8584015232918917,0.512978386299228
"DHS115-Hermosa Beach, Los Angeles",DHS115,2024-03-01,52.0,42.221,10.0,1,33.8522,-118.399,0.746,0.996,15.9,,,,,,,,,,,,3,61,4,0.8670985522812081,0.4981366284784055
"DHS115-Hermosa Beach, Los Angeles",DHS115,2024-03-05,10.0,22.638,52.0,4,33.8522,-118.399,0.759,1.58,16.229166666666668,,,,,,,,,,,,3,65,1,0.8992961915530253,0.4373400963303323
"DHS115-Hermosa Beach, Los Angeles",DHS115,2024-03-06,10.0,21.511,10.0,1,33.8522,-118.399,0.7665416666666666,1.8880000000000001,16.462500000000002,,,,,,,,,,,,3,66,2,0.9066860720977985,0.4218060770826634
"DHS115-Hermosa Beach, Los Angeles",DHS115,2024-03-08,120.0,23.8,10.0,2,33.8522,-118.399,0.7780833333333333,2.2960000000000003,16.5,,,,,,,,,,,,3,68,4,0.9206588168102428,0.3903682146763026
"DHS115-Hermosa Beach, Los Angeles",DHS115,2024-03-11,10.0,15.456,120.0,3,33.8522,-118.399,0.7639583333333334,1.871,16.379166666666666,,,,,,,,,,,,3,71,0,0.9395699859530622,0.342356891994542
"DHS115-Hermosa Beach, Los Angeles",DHS115,2024-03-12,30.0,16.071,10.0,1,33.8522,-118.399,0.7520416666666666,1.81,16.0,,,,,,,,,,,,3,72,1,0.945320046913132,0.3261441535642696
"DHS115-Hermosa Beach, Los Angeles",DHS115,2024-03-13,31.0,17.177,30.0,1,33.8522,-118.399,0.7407916666666666,1.7550000000000001,15.683333333333335,,,,,,,,,,,,3,73,2,0.9507903724625832,0.3098349038318025
"DHS115-Hermosa Beach, Los Angeles",DHS115,2024-03-14,10.0,16.668,31.0,1,33.8522,-118.399,0.7335416666666666,1.676,16.037499999999998,,,,,,,,,,,,3,74,3,0.9559793438440766,0.2934339689665273
"DHS115-Hermosa Beach, Los Angeles",DHS115,2024-03-15,470.0,21.543,10.0,1,33.8522,-118.399,0.7319166666666667,1.507,15.154166666666667,,,,,,,,,,,,3,75,4,0.9608854255574977,0.27694620226893646
"DHS115-Hermosa Beach, Los Angeles",DHS115,2024-03-18,10.0,22.602,470.0,3,33.8522,-118.399,0.7528333333333334,1.381,16.179166666666667,,,,,,,,,,,,3,78,0,0.9738922359149924,0.22701082094141847
"DHS115-Hermosa Beach, Los Angeles",DHS115,2024-03-21,52.0,23.737,10.0,3,33.8522,-118.399,0.7635833333333334,1.597,16.5125,,,,,,,,,,,,3,81,3,0.984305844499033,0.17647097349152166
"DHS115-Hermosa Beach, Los Angeles",DHS115,2024-03-26,10.0,22.052,52.0,5,33.8522,-118.399,0.7480416666666666,1.3800000000000001,15.85,,,,,,,,,,,,3,86,1,0.9958270335100595,0.09126072172931188
"DHS115-Hermosa Beach, Los Angeles",DHS115,2024-03-29,10.0,23.334,10.0,3,33.8522,-118.399,0.73725,1.408,15.379166666666668,,,,,,,,,,,,3,89,4,0.9992088560679753,0.03977011384605572
"DHS115-Hermosa Beach, Los Angeles",DHS115,2024-03-30,6900.0,34.096,10.0,1,33.8522,-118.399,0.73575,1.331,14.466666666666667,,,,,,,,,,,,3,90,5,0.9997451236925734,0.022576263041545485
"DHS115-Hermosa Beach, Los Angeles",DHS115,2024-04-01,213.0,41.162,6900.0,2,33.8522,-118.399,0.7386666666666667,1.249,14.450000000000001,,,,,,,,,,,,4,92,0,0.9999300657962057,-0.011826390691832589
"DHS115-Hermosa Beach, Los Angeles",DHS115,2024-04-03,10.0,37.457,213.0,2,33.8522,-118.399,0.747125,1.517,15.4625,,,,,,,,,,,,4,94,2,0.9989315138848577,-0.046215046983708354
"DHS115-Hermosa Beach, Los Angeles",DHS115,2024-04-05,5200.0,64.343,10.0,2,33.8522,-118.399,0.7544583333333333,1.85,16.537499999999998,,,,,,,,,,,,4,96,4,0.9967506498213929,-0.08054900421874167
"DHS115-Hermosa Beach, Los Angeles",DHS115,2024-04-08,10.0,53.878,5200.0,3,33.8522,-118.399,0.7548333333333334,1.861,15.320833333333333,,,,,,,,,,,,4,99,0,0.9912685467787256,-0.13185851571739118
"DHS115-Hermosa Beach, Los Angeles",DHS115,2024-04-09,10.0,48.156,10.0,1,33.8522,-118.399,0.7517083333333333,2.089,15.362499999999999,,,,,,,,,,,,4,100,1,0.9888537064205885,-0.1488903868564548
"DHS115-Hermosa Beach, Los Angeles",DHS115,2024-04-10,20.0,50.434,10.0,1,33.8522,-118.399,0.747125,2.169,15.591666666666667,,,,,,,,,,,,4,101,2,0.986146248341595,-0.16587819893463143
"DHS115-Hermosa Beach, Los Angeles",DHS115,2024-04-12,10.0,48.277,20.0,2,33.8522,-118.399,0.7394583333333333,1.899,15.429166666666667,,,,,,,,,,,,4,103,4,0.9798567700958665,-0.1997015525660636
"DHS115-Hermosa Beach, Los Angeles",DHS115,2024-04-15,10.0,40.524,10.0,3,33.8522,-118.399,0.7451249999999999,1.232,15.708695652173914,,,,,,,,,,,,4,106,0,0.9682507501166718,-0.2499809690726521
"DHS115-Hermosa Beach, Los Angeles",DHS115,2024-04-16,10.0,36.669,10.0,1,33.8522,-118.399,0.7502916666666667,1.1800000000000002,16.043478260869566,,,,,,,,,,,,4,107,1,0.9638074231367307,-0.26659942067929354
"DHS115-Hermosa Beach, Los Angeles",DHS115,2024-04-18,10.0,36.669,10.0,2,33.8522,-118.399,0.7570416666666667,1.2109999999999999,15.9375,,,,,,,,,,,,4,109,3,0.9540665500578387,-0.2995947563972602
"DHS115-Hermosa Beach, Los Angeles",DHS115,2024-04-19,10.0,33.627,10.0,1,33.8522,-118.399,0.7570833333333332,1.202,16.266666666666666,,,,,,,,,,,,4,110,4,0.9487718864399473,-0.31596187665790293
"DHS115-Hermosa Beach, Los Angeles",DHS115,2024-04-22,20.0,31.551,10.0,3,33.8522,-118.399,0.753375,1.4540000000000002,15.770833333333334,,,,,,,,,,,,4,113,0,0.9312100364121947,-0.3644830148102912
"DHS115-Hermosa Beach, Los Angeles",DHS115,2024-04-23,10.0,29.365,20.0,1,33.8522,-118.399,0.7528333333333334,1.6179999999999999,16.0625,,,,,,,,,,,,4,114,1,0.9248025743285089,-0.38044736628785164
"DHS115-Hermosa Beach, Los Angeles",DHS115,2024-04-24,10.0,27.562,10.0,1,33.8522,-118.399,0.7522916666666667,1.723,16.041666666666668,,,,,,,,,,,,4,115,2,0.9181214482844365,-0.39629913726891813
"DHS115-Hermosa Beach, Los Angeles",DHS115,2024-04-25,10.0,27.562,10.0,1,33.8522,-118.399,0.7516666666666666,1.797,16.941666666666666,,,,,,,,,,,,4,116,3,0.9111686353326631,-0.41203363695942635
"DHS115-Hermosa Beach, Los Angeles",DHS115,2024-04-26,10.0,26.053,10.0,1,33.8522,-118.399,0.7509583333333333,1.781,16.454166666666666,,,,,,,,,,,,4,117,4,0.9039461929224011,-0.42764620926777464
"DHS115-Hermosa Beach, Los Angeles",DHS115,2024-04-29,10.0,26.053,10.0,3,33.8522,-118.399,0.7533333333333333,1.5199999999999998,17.004166666666666,,,,,,,,,,,,4,120,0,0.8806828564301475,-0.47370635037968
"DHS115-Hermosa Beach, Los Angeles",DHS115,2024-04-30,10.0,18.119,10.0,1,33.8522,-118.399,0.7562916666666667,1.43,16.92083333333333,,,,,,,,,,,,4,121,1,0.8724040568049612,-0.48878539428899265
"DHS115-Hermosa Beach, Los Angeles",DHS115,2024-05-01,10.0,15.288,10.0,1,33.8522,-118.399,0.7592500000000001,1.38,17.375,,,,,,,,,,,,5,122,2,0.8638670987837349,-0.503719798736334
"DHS115-Hermosa Beach, Los Angeles",DHS115,2024-05-02,10.0,14.95,10.0,1,33.8522,-118.399,0.761375,1.369,17.583333333333332,,,,,,,,,,,,5,123,3,0.8550745085896932,-0.518505144391157
"DHS115-Hermosa Beach, Los Angeles",DHS115,2024-05-03,10.0,14.95,10.0,1,33.8522,-118.399,0.76225,1.376,17.5,,,,,,,,,,,,5,124,4,0.8460288880917339,-0.533137056031809
"DHS115-Hermosa Beach, Los Angeles",DHS115,2024-05-06,20.0,11.157,10.0,3,33.8522,-118.399,0.7642916666666667,1.933,16.491666666666667,,,,,,,,,,,,5,127,0,0.8174009818249189,-0.5760691233798758
"DHS115-Hermosa Beach, Los Angeles",DHS115,2024-05-07,10.0,11.096,20.0,1,33.8522,-118.399,0.7668333333333334,2.193,17.220833333333335,,,,,,,,,,,,5,128,1,0.8073707443023492,-0.5900444739548627
"DHS115-Hermosa Beach, Los Angeles",DHS115,2024-05-08,340.0,13.235,10.0,1,33.8522,-118.399,0.7696666666666667,2.376,17.454166666666666,,,,,,,,,,,,5,129,2,0.7971015927871943,-0.6038452208771035
"DHS115-Hermosa Beach, Los Angeles",DHS115,2024-05-09,10.0,13.06,340.0,1,33.8522,-118.399,0.7717083333333333,2.38,17.64782608695652,,,,,,,,,,,,5,130,3,0.7865965660866021,-0.6174672802835514
"DHS115-Hermosa Beach, Los Angeles",DHS115,2024-05-10,10.0,13.06,10.0,1,33.8522,-118.399,0.77225,2.237,17.608333333333334,,,,,,,,,,,,5,131,4,0.7758587728069828,-0.6309066211876704
"DHS115-Hermosa Beach, Los Angeles",DHS115,2024-05-14,10.0,12.784,10.0,0,33.8522,-118.399,0.7742916666666666,1.205,17.295833333333334,,,,,,,,,,,,5,135,1,0.7306444969184916,-0.6827580970759147
"DHS115-Hermosa Beach, Los Angeles",DHS115,2024-05-15,10.0,12.636,10.0,1,33.8522,-118.399,0.77725,1.0259999999999998,17.720833333333335,,,,,,,,,,,,5,136,2,0.7187918772884232,-0.6952253139408723
"DHS115-Hermosa Beach, Los Angeles",DHS115,2024-05-16,10.0,12.502,10.0,1,33.8522,-118.399,0.7800416666666666,0.984,17.583333333333332,,,,,,,,,,,,5,137,3,0.7067265555776159,-0.7074868024503348
"DHS115-Hermosa Beach, Los Angeles",DHS115,2024-05-17,10.0,12.502,10.0,1,33.8522,-118.399,0.781625,1.004,18.216666666666665,,,,,,,,,,,,5,138,4,0.6944521021088763,-0.719538934232584
"DHS115-Hermosa Beach, Los Angeles",DHS115,2024-05-20,10.0,12.636,10.0,3,33.8522,-118.399,0.7807083333333332,1.425,17.895833333333332,,,,,,,,,,,,5,141,0,0.6564105761979381,-0.7544038410927472
"DHS115-Hermosa Beach, Los Angeles",DHS115,2024-05-21,10.0,12.502,10.0,1,33.8522,-118.399,0.781,1.674,17.5,,,,,,,,,,,,5,142,1,0.6433365204044917,-0.765583517007675
"DHS115-Hermosa Beach, Los Angeles",DHS115,2024-05-22,20.0,12.502,10.0,1,33.8522,-118.399,0.782375,1.83,17.320833333333333,,,,,,,,,,,,5,143,2,0.6300720909843687,-0.7765366444428655
"DHS115-Hermosa Beach, Los Angeles",DHS115,2024-05-23,10.0,12.381,20.0,1,33.8522,-118.399,0.7845416666666667,1.991,17.883333333333333,,,,,,,,,,,,5,144,3,0.6166212130956382,-0.7872599821916922
"DHS115-Hermosa Beach, Los Angeles",DHS115,2024-05-24,10.0,12.381,10.0,1,33.8522,-118.399,0.7872083333333334,2.055,17.779166666666665,,,,,,,,,,,,5,145,4,0.6029878670694714,-0.7977503570459932
"DHS115-Hermosa Beach, Los Angeles",DHS115,2024-05-28,10.0,12.636,10.0,4,33.8522,-118.399,0.8013333333333333,1.7530000000000001,15.791666666666666,,,,,,,,,,,,5,149,1,0.5467112728685939,-0.8373211953118121
"DHS115-Hermosa Beach, Los Angeles",DHS115,2024-05-29,10.0,12.636,10.0,1,33.8522,-118.399,0.803875,1.549,15.158333333333333,,,,,,,,,,,,5,150,2,0.5322271388474397,-0.8466016020976267
"DHS115-Hermosa Beach, Los Angeles",DHS115,2024-05-30,10.0,12.502,10.0,1,33.8522,-118.399,0.8043333333333332,1.3199999999999998,15.716666666666667,,,,,,,,,,,,5,151,3,0.5175855102531889,-0.8556314858488706
"DHS115-Hermosa Beach, Los Angeles",DHS115,2024-05-31,20.0,13.06,10.0,1,33.8522,-118.399,0.8029166666666666,1.1789999999999998,16.608333333333334,,,,,,,,,,,,5,152,4,0.5027907197793043,-0.8644081744776648
"DHS115-Hermosa Beach, Los Angeles",DHS115,2024-06-01,10.0,12.902,20.0,1,33.8522,-118.399,0.7999583333333332,1.2329999999999999,17.241666666666667,,,,,,,,,,,,6,153,5,0.4878471454423119,-0.8729290708206411
"DHS115-Hermosa Beach, Los Angeles",DHS115,2024-06-03,10.0,13.06,10.0,2,33.8522,-118.399,0.7979166666666666,1.834,17.541666666666668,,,,,,,,,,,,6,155,0,0.4575313760742512,-0.8891934772070711
"DHS115-Hermosa Beach, Los Angeles",DHS115,2024-06-04,10.0,12.902,10.0,1,33.8522,-118.399,0.8011666666666666,2.1229999999999998,17.945833333333333,,,,,,,,,,,,6,156,1,0.44216815196707204,-0.8969321743510065
"DHS115-Hermosa Beach, Los Angeles",DHS115,2024-06-05,10.0,12.502,10.0,1,33.8522,-118.399,0.8069999999999999,2.346,17.708333333333332,,,,,,,,,,,,6,157,2,0.42667408318992467,-0.9044054548343001
"DHS115-Hermosa Beach, Los Angeles",DHS115,2024-06-06,10.0,12.381,10.0,1,33.8522,-118.399,0.8140833333333334,2.434,17.775000000000002,,,,,,,,,,,,6,158,3,0.4110537546870351,-0.9116111071930239
"DHS115-Hermosa Beach, Los Angeles",DHS115,2024-06-07,10.0,12.381,10.0,1,33.8522,-118.399,0.8202083333333333,2.38,17.3625,,,,,,,,,,,,6,159,4,0.3953117887649151,-0.9185469991587165
"DHS115-Hermosa Beach, Los Angeles",DHS115,2024-06-10,10.0,10.682,10.0,3,33.8522,-118.399,0.8267916666666667,1.763,17.654166666666665,,,,,,,,,,,,6,162,0,0.3474028211842774,-0.9377159910299093
"DHS115-Hermosa Beach, Los Angeles",DHS115,2024-06-11,10.0,10.65,10.0,1,33.8522,-118.399,0.8275416666666667,1.494,18.545833333333334,,,,,,,,,,,,6,163,1,0.3312212278016865,-0.9435531242349544
"DHS115-Hermosa Beach, Los Angeles",DHS115,2024-06-12,10.0,10.621,10.0,1,33.8522,-118.399,0.8285,1.203,18.679166666666667,,,,,,,,,,,,6,164,2,0.31494162072895193,-0.9491110448902284
"DHS115-Hermosa Beach, Los Angeles",DHS115,2024-06-13,10.0,10.621,10.0,1,33.8522,-118.399,0.8296666666666667,0.9400000000000001,18.537499999999998,,,,,,,,,,,,6,165,3,0.2985688173637202,-0.9543881083175908
"DHS115-Hermosa Beach, Los Angeles",DHS115,2024-06-14,10.0,10.621,10.0,1,33.8522,-118.399,0.8305833333333333,0.868,18.695833333333333,,,,,,,,,,,,6,166,4,0.2821076626819194,-0.9593827529490743
"DHS115-Hermosa Beach, Los Angeles",DHS115,2024-06-17,10.0,10.682,10.0,3,33.8522,-118.399,0.8273333333333334,1.238,18.095833333333335,,,,,,,,,,,,6,169,0,0.23224292400907015,-0.9726578145718654
"DHS115-Hermosa Beach, Los Angeles",DHS115,2024-06-18,10.0,10.65,10.0,1,33.8522,-118.399,0.8260833333333334,1.527,18.895833333333332,,,,,,,,,,,,6,170,1,0.21547731504673012,-0.976508846196619
"DHS115-Hermosa Beach, Los Angeles",DHS115,2024-06-19,10.0,10.65,10.0,1,33.8522,-118.399,0.8263333333333334,1.77,19.254166666666666,,,,,,,,,,,,6,171,2,0.19864794288017112,-0.9800709131432666
"DHS115-Hermosa Beach, Los Angeles",DHS115,2024-06-20,10.0,10.621,10.0,1,33.8522,-118.399,0.8285833333333333,1.984,19.224999999999998,,,,,,,,,,,,6,172,3,0.18175978759137534,-0.9833429613388902
"DHS115-Hermosa Beach, Los Angeles",DHS115,2024-06-21,10.0,10.621,10.0,1,33.8522,-118.399,0.8335416666666666,2.148,19.162499999999998,,,,,,,,,,,,6,173,4,0.16481784665719793,-0.9863240225317866
"DHS115-Hermosa Beach, Los Angeles",DHS115,2024-06-24,10.0,10.336,10.0,3,33.8522,-118.399,0.8572083333333333,2.2359999999999998,15.954166666666666,,,,,,,,,,,,6,176,0,0.11371951458594969,-0.9935128947338007
"DHS115-Hermosa Beach, Los Angeles",DHS115,2024-06-25,20.0,10.65,10.0,1,33.8522,-118.399,0.8638750000000001,2.092,16.2375,,,,,,,,,,,,6,177,1,0.0966127018812031,-0.9953220513156602
"DHS115-Hermosa Beach, Los Angeles",DHS115,2024-06-26,10.0,10.621,20.0,1,33.8522,-118.399,0.86725,1.827,18.020833333333332,,,,,,,,,,,,6,178,2,0.07947729992362097,-0.9968366760893436
"DHS115-Hermosa Beach, Los Angeles",DHS115,2024-06-27,10.0,10.621,10.0,1,33.8522,-118.399,0.8663333333333334,1.5,19.695833333333333,,,,,,,,,,,,6,179,3,0.062318379354325076,-0.998056320853012
"DHS115-Hermosa Beach, Los Angeles",DHS115,2024-06-28,10.0,10.621,10.0,1,33.8522,-118.399,0.86125,1.307,20.141666666666666,,,,,,,,,,,,6,180,4,0.04514101777397193,-0.9989806246941579
"DHS115-Hermosa Beach, Los Angeles",DHS115,2024-07-01,10.0,10.32,10.0,3,33.8522,-118.399,0.8434583333333333,1.626,18.529166666666665,,,,,,,,,,,,7,183,0,-0.00645086419810515,-0.9999791929590823
"DHS115-Hermosa Beach, Los Angeles",DHS115,2024-07-02,10.0,10.32,10.0,1,33.8522,-118.399,0.8440833333333333,1.939,19.558333333333334,,,,,,,,,,,,7,184,1,-0.023651127245231586,-0.9997202729664083
"DHS115-Hermosa Beach, Los Angeles",DHS115,2024-07-03,10.0,10.32,10.0,1,33.8522,-118.399,0.8491666666666666,2.169,19.933333333333334,,,,,,,,,,,,7,185,2,-0.04084439154329611,-0.9991655196610109
"DHS115-Hermosa Beach, Los Angeles",DHS115,2024-07-04,10.0,10.306,10.0,1,33.8522,-118.399,0.8572916666666667,2.292,20.954166666666666,,,,,,,,,,,,7,186,3,-0.05802556932878035,-0.9983150972033183
"DHS115-Hermosa Beach, Los Angeles",DHS115,2024-07-05,10.0,10.306,10.0,1,33.8522,-118.399,0.866375,2.323,21.495833333333334,,,,,,,,,,,,7,187,4,-0.07518957641475855,-0.9971692572470178
"DHS115-Hermosa Beach, Los Angeles",DHS115,2024-07-08,10.0,10.336,10.0,3,33.8522,-118.399,0.8844166666666666,1.9689999999999999,21.587500000000002,,,,,,,,,,,,7,190,0,-0.12652781683868314,-0.9919630595773397
"DHS115-Hermosa Beach, Los Angeles",DHS115,2024-07-09,10.0,10.32,10.0,1,33.8522,-118.399,0.8867083333333333,1.7369999999999999,21.370833333333334,,,,,,,,,,,,7,191,1,-0.1435724234118113,-0.9896398128792412
"DHS115-Hermosa Beach, Los Angeles",DHS115,2024-07-10,10.0,10.32,10.0,1,33.8522,-118.399,0.8875833333333333,1.474,21.2625,,,,,,,,,,,,7,192,2,-0.16057454459499376,-0.9870237158387383
"DHS115-Hermosa Beach, Los Angeles",DHS115,2024-07-11,10.0,10.306,10.0,1,33.8522,-118.399,0.8874583333333333,1.137,21.133333333333333,,,,,,,,,,,,7,193,3,-0.17752914918703497,-0.984115542601034
"DHS115-Hermosa Beach, Los Angeles",DHS115,2024-07-12,10.0,10.32,10.0,1,33.8522,-118.399,0.8864583333333332,0.919,20.729166666666668,,,,,,,,,,,,7,194,4,-0.19443122004766195,-0.9809161537413774
"DHS115-Hermosa Beach, Los Angeles",DHS115,2024-07-15,10.0,10.336,10.0,3,33.8522,-118.399,0.876375,0.978,17.858333333333334,,,,,,,,,,,,7,197,0,-0.24477230089725957,-0.9695805901076308
"DHS115-Hermosa Beach, Los Angeles",DHS115,2024-07-16,10.0,10.32,10.0,1,33.8522,-118.399,0.8717083333333333,1.2349999999999999,17.162499999999998,,,,,,,,,,,,7,198,1,-0.2614143985111562,-0.965226663665613
"DHS115-Hermosa Beach, Los Angeles",DHS115,2024-07-17,10.0,10.32,10.0,1,33.8522,-118.399,0.8682083333333334,1.526,19.116666666666667,,,,,,,,,,,,7,199,2,-0.2779791393987801,-0.9605871111248129
"DHS115-Hermosa Beach, Los Angeles",DHS115,2024-07-18,10.0,10.306,10.0,1,33.8522,-118.399,0.8672916666666667,1.786,18.7625,,,,,,,,,,,,7,200,3,-0.2944616217868012,-0.9556633054034704
"DHS115-Hermosa Beach, Los Angeles",DHS115,2024-07-19,10.0,10.32,10.0,1,33.8522,-118.399,0.8705833333333333,2.043,19.3875,,,,,,,,,,,,7,201,4,-0.3108569682435036,-0.9504567035349151
"DHS115-Hermosa Beach, Los Angeles",DHS115,2024-07-22,10.0,10.336,10.0,3,33.8522,-118.399,0.9053333333333332,2.4240000000000004,19.775000000000002,,,,,,,,,,,,7,204,0,-0.3594718130884232,-0.9331559438780432
"DHS115-Hermosa Beach, Los Angeles",DHS115,2024-07-23,10.0,10.32,10.0,1,33.8522,-118.399,0.9179583333333333,2.295,19.041666666666668,,,,,,,,,,,,7,205,1,-0.3754703786876202,-0.9268343944460494
"DHS115-Hermosa Beach, Los Angeles",DHS115,2024-07-24,10.0,10.32,10.0,1,33.8522,-118.399,0.9252083333333333,2.081,18.658333333333335,,,,,,,,,,,,7,206,2,-0.3913578365610259,-0.9202385798054075
"DHS115-Hermosa Beach, Los Angeles",DHS115,2024-07-25,20.0,10.32,10.0,1,33.8522,-118.399,0.9245416666666667,1.712,16.891666666666666,,,,,,,,,,,,7,207,3,-0.4071294853542516,-0.9133704517637858
"DHS115-Hermosa Beach, Los Angeles",DHS115,2024-07-26,10.0,10.306,20.0,1,33.8522,-118.399,0.9165416666666667,1.351,16.408333333333335,,,,,,,,,,,,7,208,4,-0.4227806579826773,-0.9062320427107697
"DHS115-Hermosa Beach, Los Angeles",DHS115,2024-07-29,20.0,10.682,10.0,3,33.8522,-118.399,0.8805000000000001,1.4340000000000002,18.037499999999998,,,,,,,,,,,,7,211,0,-0.46896519100763184,-0.8832166493127127
"DHS115-Hermosa Beach, Los Angeles",DHS115,2024-07-30,10.0,10.65,20.0,1,33.8522,-118.399,0.8765416666666667,1.691,18.070833333333333,,,,,,,,,,,,7,212,1,-0.48408852163897587,-0.8750190302029955
"DHS115-Hermosa Beach, Los Angeles",DHS115,2024-07-31,10.0,10.65,10.0,1,33.8522,-118.399,0.8787083333333333,1.901,19.216666666666665,,,,,,,,,,,,7,213,2,-0.4990686026885319,-0.8665624788845385
"DHS115-Hermosa Beach, Los Angeles",DHS115,2024-08-01,10.0,10.621,10.0,1,33.8522,-118.399,0.885625,2.0420000000000003,18.849999999999998,,,,,,,,,,,,8,214,3,-0.5139010013093103,-0.8578494977869301
"DHS115-Hermosa Beach, Los Angeles",DHS115,2024-08-02,10.0,10.621,10.0,1,33.8522,-118.399,0.8949583333333333,2.132,17.962500000000002,,,,,,,,,,,,8,215,4,-0.5285813283559292,-0.8488826652214553
"DHS115-Hermosa Beach, Los Angeles",DHS115,2024-08-05,10.0,10.682,10.0,3,33.8522,-118.399,0.9203333333333333,1.989,15.095833333333333,,,,,,,,,,,,8,218,0,-0.5716666713027052,-0.8204859638785327
"DHS115-Hermosa Beach, Los Angeles",DHS115,2024-08-06,10.0,10.65,10.0,1,33.8522,-118.399,0.9254166666666667,1.82,14.483333333333334,,,,,,,,,,,,8,219,1,-0.5856957398073508,-0.8105309990194823
"DHS115-Hermosa Beach, Los Angeles",DHS115,2024-08-07,10.0,10.65,10.0,1,33.8522,-118.399,0.9281666666666667,1.591,17.408333333333335,,,,,,,,,,,,8,220,2,-0.5995514915196489,-0.8003361849976323
"DHS115-Hermosa Beach, Los Angeles",DHS115,2024-08-08,10.0,10.621,10.0,1,33.8522,-118.399,0.9286666666666666,1.3159999999999998,19.875,,,,,,,,,,,,8,221,3,-0.6132298262997502,-0.7899045386224707
"DHS115-Hermosa Beach, Los Angeles",DHS115,2024-08-09,10.0,10.65,10.0,1,33.8522,-118.399,0.926625,1.0110000000000001,21.070833333333333,,,,,,,,,,,,8,222,4,-0.6267266965083301,-0.7792391467859886
"DHS115-Hermosa Beach, Los Angeles",DHS115,2024-08-12,10.0,10.682,10.0,3,33.8522,-118.399,0.9100833333333332,0.8330000000000001,20.925,,,,,,,,,,,,8,225,0,-0.666088855860977,-0.7458723993404063
"DHS115-Hermosa Beach, Los Angeles",DHS115,2024-08-13,10.0,10.65,10.0,1,33.8522,-118.399,0.9020833333333332,1.0210000000000001,19.375,,,,,,,,,,,,8,226,1,-0.6788204829862357,-0.734304263829602
"DHS115-Hermosa Beach, Los Angeles",DHS115,2024-08-14,10.0,10.65,10.0,1,33.8522,-118.399,0.8942083333333333,1.216,22.15416666666667,,,,,,,,,,,,8,227,2,-0.6913512362094071,-0.722518835873311
"DHS115-Hermosa Beach, Los Angeles",DHS115,2024-08-15,10.0,10.621,10.0,1,33.8522,-118.399,0.8880416666666666,1.459,21.958333333333332,,,,,,,,,,,,8,228,3,-0.7036774074790128,-0.7105196029692745
"DHS115-Hermosa Beach, Los Angeles",DHS115,2024-08-16,10.0,10.621,10.0,1,33.8522,-118.399,0.8859583333333333,1.7690000000000001,22.0125,,,,,,,,,,,,8,229,4,-0.7157953492826642,-0.6983101158835584
"DHS115-Hermosa Beach, Los Angeles",DHS115,2024-08-19,10.0,10.682,10.0,3,33.8522,-118.399,0.920125,2.3770000000000002,22.758333333333336,,,,,,,,,,,,8,232,0,-0.7508642533989489,-0.6604565640279754
"DHS115-Hermosa Beach, Los Angeles",DHS115,2024-08-20,10.0,10.65,10.0,1,33.8522,-118.399,0.9391250000000001,2.3019999999999996,22.483333333333334,,,,,,,,,,,,8,233,1,-0.7621140503891487,-0.6474427960827475
"DHS115-Hermosa Beach, Los Angeles",DHS115,2024-08-21,10.0,10.65,10.0,1,33.8522,-118.399,0.9534583333333333,2.147,21.279166666666665,,,,,,,,,,,,8,234,2,-0.7731383255706027,-0.6342374393978054
"DHS115-Hermosa Beach, Los Angeles",DHS115,2024-08-22,10.0,10.621,10.0,1,33.8522,-118.399,0.9580833333333333,1.7870000000000001,22.891666666666666,,,,,,,,,,,,8,235,3,-0.7839338166829201,-0.620844401650647
"DHS115-Hermosa Beach, Los Angeles",DHS115,2024-08-23,10.0,10.621,10.0,1,33.8522,-118.399,0.9514166666666667,1.486,22.712500000000002,,,,,,,,,,,,8,236,4,-0.7944973291665992,-0.6072676460566135
"DHS115-Hermosa Beach, Los Angeles",DHS115,2024-08-27,10.0,10.336,10.0,0,33.8522,-118.399,0.8865833333333333,1.452,22.291666666666668,,,,,,,,,,,,8,240,1,-0.8343701235229537,-0.5512045872199277
"DHS115-Hermosa Beach, Los Angeles",DHS115,2024-08-28,10.0,10.0,10.0,1,33.8522,-118.399,0.8838333333333334,1.603,22.816666666666666,,,,,,,,,,,,8,241,2,-0.8437282590292712,-0.5367705514607103
"DHS115-Hermosa Beach, Los Angeles",DHS115,2024-08-29,10.0,10.0,10.0,1,33.8522,-118.399,0.8881666666666667,1.735,22.625,,,,,,,,,,,,8,242,3,-0.8528367217694595,-0.522177676659508
"DHS115-Hermosa Beach, Los Angeles",DHS115,2024-08-30,10.0,10.0,10.0,1,33.8522,-118.399,0.8965416666666667,1.846,22.1875,,,,,,,,,,,,8,243,4,-0.8616928164028521,-0.5074302810827518
"DHS115-Hermosa Beach, Los Angeles",DHS115,2024-09-03,10.0,10.0,10.0,4,33.8522,-118.399,0.9311250000000001,1.692,22.483333333333334,,,,,,,,,,,,9,247,1,-0.8945422369764496,-0.4469834295196742
"DHS115-Hermosa Beach, Los Angeles",DHS115,2024-09-04,10.0,10.0,10.0,1,33.8522,-118.399,0.9361666666666667,1.521,22.241666666666664,,,,,,,,,,,,9,248,2,-0.9020987014301837,-0.4315297589714715
"DHS115-Hermosa Beach, Los Angeles",DHS115,2024-09-05,10.0,10.0,10.0,1,33.8522,-118.399,0.9385833333333333,1.288,21.633333333333336,,,,,,,,,,,,9,249,3,-0.9093882203647925,-0.4159483918249421
"DHS115-Hermosa Beach, Los Angeles",DHS115,2024-09-06,10.0,10.0,10.0,1,33.8522,-118.399,0.9379583333333333,1.1389999999999998,22.191666666666666,,,,,,,,,,,,9,250,4,-0.9164086366943458,-0.4002439388573056
"DHS115-Hermosa Beach, Los Angeles",DHS115,2024-09-07,10.0,10.0,10.0,1,33.8522,-118.399,0.9342083333333333,1.108,22.941666666666666,,,,,,,,,,,,9,251,5,-0.9231578729647039,-0.38442104726885545
"DHS115-Hermosa Beach, Los Angeles",DHS115,2024-09-09,10.0,10.0,10.0,2,33.8522,-118.399,0.9199166666666666,0.993,21.091666666666665,,,,,,,,,,,,9,253,0,-0.9358348973349941,-0.35243871088460327
"DHS115-Hermosa Beach, Los Angeles",DHS115,2024-09-10,10.0,10.0,10.0,1,33.8522,-118.399,0.9102083333333333,0.9600000000000001,20.7,,,,,,,,,,,,9,254,1,-0.9417589340994617,-0.33628873017668287
"DHS115-Hermosa Beach, Los Angeles",DHS115,2024-09-11,10.0,10.0,10.0,1,33.8522,-118.399,0.8994166666666666,1.043,20.991666666666667,,,,,,,,,,,,9,255,2,-0.9474042892438845,-0.32003923622313857
"DHS115-Hermosa Beach, Los Angeles",DHS115,2024-09-12,10.0,10.0,10.0,1,33.8522,-118.399,0.8886249999999999,1.246,21.983333333333334,,,,,,,,,,,,9,256,3,-0.9527692922168511,-0.30369503751065885
"DHS115-Hermosa Beach, Los Angeles",DHS115,2024-09-13,10.0,10.0,10.0,1,33.8522,-118.399,0.8802916666666666,1.439,22.708333333333332,,,,,,,,,,,,9,257,4,-0.9578523554276669,-0.28726097055059635
"DHS115-Hermosa Beach, Los Angeles",DHS115,2024-09-16,20.0,10.336,10.0,3,33.8522,-118.399,0.8999166666666666,2.0909999999999997,22.7,,,,,,,,,,,,9,260,0,-0.97139528468375,-0.23746831555846842
"DHS115-Hermosa Beach, Los Angeles",DHS115,2024-09-17,20.0,10.65,20.0,1,33.8522,-118.399,0.92125,2.101,21.883333333333336,,,,,,,,,,,,9,261,1,-0.9753363880767837,-0.2207236509605022
"DHS115-Hermosa Beach, Los Angeles",DHS115,2024-09-18,30.0,11.196,20.0,1,33.8522,-118.399,0.9424166666666668,1.976,20.445833333333333,,,,,,,,,,,,9,262,2,-0.9789888737409319,-0.20391367068311472
"DHS115-Hermosa Beach, Los Angeles",DHS115,2024-09-19,31.0,11.703,30.0,1,33.8522,-118.399,0.9558333333333334,1.764,20.191666666666666,,,,,,,,,,,,9,263,3,-0.9823516608469237,-0.18704334906991657
"DHS115-Hermosa Beach, Los Angeles",DHS115,2024-09-20,20.0,12.164,31.0,1,33.8522,-118.399,0.956375,1.883,20.104166666666668,,,,,,,,,,,,9,264,4,-0.9854237542919524,-0.17011767832049052
"DHS115-Hermosa Beach, Los Angeles",DHS115,2024-09-23,20.0,12.69,20.0,3,33.8522,-118.399,0.8982916666666667,1.563,16.345833333333335,,,,,,,,,,,,9,267,0,-0.9928872135356962,-0.11905873003404988
"DHS115-Hermosa Beach, Los Angeles",DHS115,2024-09-24,10.0,12.553,20.0,1,33.8522,-118.399,0.8794583333333333,1.404,16.325,,,,,,,,,,,,9,268,1,-0.994788305609327,-0.10196189005174576
"DHS115-Hermosa Beach, Los Angeles",DHS115,2024-09-25,10.0,12.43,10.0,1,33.8522,-118.399,0.8694583333333333,1.39,16.370833333333334,,,,,,,,,,,,9,269,2,-0.9963950238187231,-0.08483487790576538
"DHS115-Hermosa Beach, Los Angeles",DHS115,2024-09-27,10.0,12.69,10.0,2,33.8522,-118.399,0.8742083333333334,1.5210000000000001,16.554166666666667,,,,,,,,,,,,9,271,4,-0.9987235240803972,-0.050510617185222886
"DHS115-Hermosa Beach, Los Angeles",DHS115,2024-09-30,10.0,12.842,10.0,3,33.8522,-118.399,0.9012916666666667,1.528,16.358333333333334,,,,,,,,,,,,9,274,0,-0.9999994220246925,0.001075151282798226
"DHS115-Hermosa Beach, Los Angeles",DHS115,2024-10-01,10.0,12.69,10.0,1,33.8522,-118.399,0.909125,1.438,16.4375,,,,,,,,,,,,10,275,1,-0.999832969770105,0.018276557681691223
"DHS115-Hermosa Beach, Los Angeles",DHS115,2024-10-02,20.0,12.955,10.0,1,33.8522,-118.399,0.9157083333333333,1.338,15.620833333333332,,,,,,,,,,,,10,276,2,-0.9993706508539969,0.03547255575312556
"DHS115-Hermosa Beach, Los Angeles",DHS115,2024-10-03,10.0,12.955,20.0,1,33.8522,-118.399,0.9205416666666667,1.45,15.495833333333332,,,,,,,,,,,,10,277,3,-0.9986126020839734,0.052658056924614005
"DHS115-Hermosa Beach, Los Angeles",DHS115,2024-10-04,10.0,12.955,10.0,1,33.8522,-118.399,0.9225,1.452,16.729166666666668,,,,,,,,,,,,10,278,4,-0.9975590477788613,0.06982797572987089
"DHS115-Hermosa Beach, Los Angeles",DHS115,2024-10-07,10.0,13.116,10.0,3,33.8522,-118.399,0.9104583333333333,1.3860000000000001,15.854166666666666,,,,,,,,,,,,10,281,0,-0.9926289059345095,0.12119346147073601
"DHS115-Hermosa Beach, Los Angeles",DHS115,2024-10-08,20.0,13.556,10.0,1,33.8522,-118.399,0.9009999999999999,1.2759999999999998,15.829166666666666,,,,,,,,,,,,10,282,1,-0.9903973200352558,0.13825031091098192
"DHS115-Hermosa Beach, Los Angeles",DHS115,2024-10-09,10.0,13.556,20.0,1,33.8522,-118.399,0.8894166666666666,1.159,15.858333333333334,,,,,,,,,,,,10,283,2,-0.9878726596350429,0.15526624985999563
"DHS115-Hermosa Beach, Los Angeles",DHS115,2024-10-10,10.0,13.556,10.0,1,33.8522,-118.399,0.876125,1.1469999999999998,16.004166666666666,,,,,,,,,,,,10,284,3,-0.9850556718215013,0.172236243027682
"DHS115-Hermosa Beach, Los Angeles",DHS115,2024-10-11,10.0,13.37,10.0,1,33.8522,-118.399,0.8632916666666667,1.276,16.162499999999998,,,,,,,,,,,,10,285,4,-0.981947190186646,0.18915526872004093
"DHS115-Hermosa Beach, Los Angeles",DHS115,2024-10-15,10.0,13.764,10.0,4,33.8522,-118.399,0.8795416666666666,1.7169999999999999,18.220833333333335,,,,,,,,,,,,10,289,1,-0.9666180104000972,0.2562218218071163
"DHS115-Hermosa Beach, Los Angeles",DHS115,2024-10-16,10.0,13.295,10.0,1,33.8522,-118.399,0.9025,1.9080000000000001,18.091666666666665,,,,,,,,,,,,10,290,2,-0.9620675724981452,0.27281126433401914
"DHS115-Hermosa Beach, Los Angeles",DHS115,2024-10-17,10.0,13.116,10.0,1,33.8522,-118.399,0.9229166666666666,2.168,17.724999999999998,,,,,,,,,,,,10,291,3,-0.957232443323312,0.2893199776186952
"DHS115-Hermosa Beach, Los Angeles",DHS115,2024-10-18,10.0,12.69,10.0,1,33.8522,-118.399,0.9337916666666667,2.2449999999999997,18.045833333333334,,,,,,,,,,,,10,292,4,-0.9521140536681102,0.3057430764672831
"DHS115-Hermosa Beach, Los Angeles",DHS115,2024-10-19,10.0,12.043,10.0,1,33.8522,-118.399,0.9311250000000001,2.263,17.6875,,,,,,,,,,,,10,293,5,-0.9467139181463862,0.3220757010206104
"DHS115-Hermosa Beach, Los Angeles",DHS115,2024-10-21,41.0,11.907,10.0,2,33.8522,-118.399,0.8927083333333333,1.95,17.754166666666666,,,,,,,,,,,,10,295,0,-0.9350748843515574,0.3544502230989869
"DHS115-Hermosa Beach, Los Angeles",DHS115,2024-10-22,10.0,11.808,41.0,1,33.8522,-118.399,0.8695833333333334,1.6740000000000002,17.229166666666668,,,,,,,,,,,,10,296,1,-0.9288394302558068,0.3704825404820963
"DHS115-Hermosa Beach, Los Angeles",DHS115,2024-10-23,10.0,11.425,10.0,1,33.8522,-118.399,0.8522916666666668,1.423,17.254166666666666,,,,,,,,,,,,10,297,2,-0.9223291176290545,0.3864052261209853
"DHS115-Hermosa Beach, Los Angeles",DHS115,2024-10-24,10.0,11.425,10.0,1,33.8522,-118.399,0.8436666666666667,1.2770000000000001,17.933333333333334,,,,,,,,,,,,10,298,3,-0.9155458729775467,0.40221356823680365
"DHS115-Hermosa Beach, Los Angeles",DHS115,2024-10-25,10.0,11.356,10.0,1,33.8522,-118.399,0.843375,1.204,18.229166666666668,,,,,,,,,,,,10,299,4,-0.9084917035725082,0.41790288888678667
"DHS115-Hermosa Beach, Los Angeles",DHS115,2024-10-28,10.0,11.425,10.0,3,33.8522,-118.399,0.8652083333333334,1.289,18.470833333333335,,,,,,,,,,,,10,302,0,-0.8857249183835637,0.4642104791518923
"DHS115-Hermosa Beach, Los Angeles",DHS115,2024-10-29,51.0,12.229,10.0,1,33.8522,-118.399,0.8734583333333333,1.317,18.570833333333333,,,,,,,,,,,,10,303,1,-0.8776087166898392,0.4793776594606945
"DHS115-Hermosa Beach, Los Angeles",DHS115,2024-10-30,41.0,13.039,51.0,1,33.8522,-118.399,0.8813333333333334,1.504,18.075,,,,,,,,,,,,10,304,2,-0.8692328164574792,0.4944029842076182
"DHS115-Hermosa Beach, Los Angeles",DHS115,2024-10-31,10.0,12.889,41.0,1,33.8522,-118.399,0.8882500000000001,1.6460000000000001,17.533333333333335,,,,,,,,,,,,10,305,3,-0.8605996962501181,0.5092820071573356
"DHS115-Hermosa Beach, Los Angeles",DHS115,2024-11-01,10.0,12.889,10.0,1,33.8522,-118.399,0.8934166666666666,1.7719999999999998,17.158333333333335,,,,,,,,,,,,11,306,4,-0.8517119107469189,0.5240103253675756
"DHS115-Hermosa Beach, Los Angeles",DHS115,2024-11-04,10.0,12.776,10.0,3,33.8522,-118.399,0.8927083333333333,1.756,16.866666666666667,,,,,,,,,,,,11,309,0,-0.8235472349556007,0.5672476988027229
"DHS115-Hermosa Beach, Los Angeles",DHS115,2024-11-05,10.0,12.634,10.0,1,33.8522,-118.399,0.8853333333333334,1.678,16.9875,,,,,,,,,,,,11,310,1,-0.8136678304455991,0.5813300798152042
"DHS115-Hermosa Beach, Los Angeles",DHS115,2024-11-06,10.0,12.634,10.0,1,33.8522,-118.399,0.8744999999999999,1.541,16.720833333333335,,,,,,,,,,,,11,311,2,-0.8035476485339116,0.5952404359043674
"DHS115-Hermosa Beach, Los Angeles",DHS115,2024-11-07,10.0,12.507,10.0,1,33.8522,-118.399,0.8605,1.402,16.233333333333334,,,,,,,,,,,,11,312,3,-0.7931896839451843,0.6089746507720486
"DHS115-Hermosa Beach, Los Angeles",DHS115,2024-11-08,10.0,12.135,10.0,1,33.8522,-118.399,0.8450000000000001,1.297,15.858333333333334,,,,,,,,,,,,11,313,4,-0.7825970017677834,0.6225286602431057
"DHS115-Hermosa Beach, Los Angeles",DHS115,2024-11-12,63.0,13.493,10.0,4,33.8522,-118.399,0.8357083333333333,1.5350000000000001,16.370833333333334,,,,,,,,,,,,11,317,1,-0.7379428103031386,0.6748632518680403
"DHS115-Hermosa Beach, Los Angeles",DHS115,2024-11-13,10.0,13.311,63.0,1,33.8522,-118.399,0.8554583333333333,1.91,16.1875,,,,,,,,,,,,11,318,2,-0.7262249146041543,0.6874571793269664
"DHS115-Hermosa Beach, Los Angeles",DHS115,2024-11-14,20.0,13.737,10.0,1,33.8522,-118.399,0.8779583333333334,2.275,15.770833333333334,,,,,,,,,,,,11,319,3,-0.7142921172691032,0.699847677146407
"DHS115-Hermosa Beach, Los Angeles",DHS115,2024-11-15,1000.0,16.935,20.0,1,33.8522,-118.399,0.8958750000000001,2.475,16.070833333333333,,,,,,,,,,,,11,320,4,-0.7021479494046978,0.712031078778713
"DHS115-Hermosa Beach, Los Angeles",DHS115,2024-11-16,120.0,18.96,1000.0,1,33.8522,-118.399,0.9036666666666666,2.488,15.775,,,,,,,,,,,,11,321,5,-0.6897960046655887,0.7240037789593305
"DHS115-Hermosa Beach, Los Angeles",DHS115,2024-11-18,10.0,18.96,120.0,2,33.8522,-118.399,0.884,2.309,15.262500000000001,,,,,,,,,,,,11,323,0,-0.6644834655228552,0.7473029667054297
"DHS115-Hermosa Beach, Los Angeles",DHS115,2024-11-19,10.0,18.96,10.0,1,33.8522,-118.399,0.8634583333333333,2.047,15.220833333333333,,,,,,,,,,,,11,324,1,-0.6515303615068021,0.75862255966641
"DHS115-Hermosa Beach, Los Angeles",DHS115,2024-11-20,10.0,17.783,10.0,1,33.8522,-118.399,0.8434583333333333,1.744,15.108333333333334,,,,,,,,,,,,11,325,2,-0.6383844591746642,0.769717664006921
"DHS115-Hermosa Beach, Los Angeles",DHS115,2024-11-21,10.0,17.343,10.0,1,33.8522,-118.399,0.8282916666666668,1.428,15.179166666666667,,,,,,,,,,,,11,326,3,-0.6250496486104377,0.7805849965070866
"DHS115-Hermosa Beach, Los Angeles",DHS115,2024-11-22,20.0,18.352,10.0,1,33.8522,-118.399,0.82025,1.172,14.904166666666667,,,,,,,,,,,,11,327,4,-0.6115298757991053,0.7912213413483807
"DHS115-Hermosa Beach, Los Angeles",DHS115,2024-11-25,10.0,18.89,20.0,3,33.8522,-118.399,0.8286666666666668,1.113,14.758333333333333,,,,,,,,,,,,11,330,0,-0.5699010576127624,0.821713322596059
"DHS115-Hermosa Beach, Los Angeles",DHS115,2024-11-26,20.0,18.939,10.0,1,33.8522,-118.399,0.836375,1.233,14.541666666666666,,,,,,,,,,,,11,331,1,-0.5556819724760489,0.8313949395234058
"DHS115-Hermosa Beach, Los Angeles",DHS115,2024-11-27,41.0,20.194,20.0,1,33.8522,-118.399,0.844875,1.459,14.466666666666667,,,,,,,,,,,,11,332,2,-0.5412984521036173,0.8408305333122887
"DHS115-Hermosa Beach, Los Angeles",DHS115,2024-11-28,63.0,21.218,41.0,1,33.8522,-118.399,0.8533333333333334,1.679,14.358333333333334,,,,,,,,,,,,11,333,3,-0.5267547528105542,0.8500173118187018
"DHS115-Hermosa Beach, Los Angeles",DHS115,2024-11-29,20.0,20.372,63.0,1,33.8522,-118.399,0.8610833333333333,1.8419999999999999,14.220833333333333,,,,,,,,,,,,11,334,4,-0.5120551783114646,0.8589525565270845
"DHS115-Hermosa Beach, Los Angeles",DHS115,2024-12-02,10.0,20.383,20.0,3,33.8522,-118.399,0.8733333333333334,2.015,15.3375,,,,,,,,,,,,12,337,0,-0.46706492487743034,0.8842230238742036
"DHS115-Hermosa Beach, Los Angeles",DHS115,2024-12-03,10.0,19.734,10.0,1,33.8522,-118.399,0.8697499999999999,2.02,15.308333333333332,,,,,,,,,,,,12,338,1,-0.451785789832884,0.8921264484954345
"DHS115-Hermosa Beach, Los Angeles",DHS115,2024-12-04,10.0,19.734,10.0,1,33.8522,-118.399,0.8611666666666666,1.947,15.379166666666668,,,,,,,,,,,,12,339,2,-0.4363729641045924,0.8997658785476209
"DHS115-Hermosa Beach, Los Angeles",DHS115,2024-12-05,96.0,21.139,10.0,1,33.8522,-118.399,0.84775,1.797,14.887500000000001,,,,,,,,,,,,12,340,3,-0.42083100859565564,0.9071390534005044
"DHS115-Hermosa Beach, Los Angeles",DHS115,2024-12-06,20.0,22.571,96.0,1,33.8522,-118.399,0.8309583333333334,1.594,14.754166666666668,,,,,,,,,,,,12,341,4,-0.4051645224207563,0.9142437912130223
"DHS115-Hermosa Beach, Los Angeles",DHS115,2024-12-09,20.0,24.25,20.0,3,33.8522,-118.399,0.7964166666666667,1.2550000000000001,14.275,,,,,,,,,,,,12,344,0,-0.3574644155648614,0.9339267592294762
"DHS115-Hermosa Beach, Los Angeles",DHS115,2024-12-10,10.0,23.293,20.0,1,33.8522,-118.399,0.8015833333333333,1.332,13.929166666666667,,,,,,,,,,,,12,345,1,-0.34134651424503615,0.9399375283564133
"DHS115-Hermosa Beach, Los Angeles",DHS115,2024-12-11,97.0,24.784,10.0,1,33.8522,-118.399,0.816,1.73,13.495833333333332,,,,,,,,,,,,12,346,2,-0.3251276029999093,0.9456701548465688
"DHS115-Hermosa Beach, Los Angeles",DHS115,2024-12-12,85.0,25.109,97.0,1,33.8522,-118.399,0.8359583333333332,2.1350000000000002,12.9375,,,,,,,,,,,,12,347,3,-0.30881248126625377,0.9511229423235357
"DHS115-Hermosa Beach, Los Angeles",DHS115,2024-12-13,190.0,27.318,85.0,1,33.8522,-118.399,0.8554166666666667,2.41,13.483333333333334,,,,,,,,,,,,12,348,4,-0.29240597695107734,0.9562942772197719
"DHS115-Hermosa Beach, Los Angeles",DHS115,2024-12-16,10.0,23.525,190.0,3,33.8522,-118.399,0.8682083333333334,2.4850000000000003,13.8125,,,,,,,,,,,,12,351,0,-0.2426868445825954,0.9701046827361175
"DHS115-Hermosa Beach, Los Angeles",DHS115,2024-12-17,97.0,23.299,10.0,1,33.8522,-118.399,0.8552916666666667,2.32,13.65,,,,,,,,,,,,12,352,1,-0.22596360824801906,0.974135744004672
"DHS115-Hermosa Beach, Los Angeles",DHS115,2024-12-18,10.0,23.299,97.0,1,33.8522,-118.399,0.8384166666666667,2.095,13.804166666666667,,,,,,,,,,,,12,353,2,-0.20917350564635637,0.9778785428342386
"DHS115-Hermosa Beach, Los Angeles",DHS115,2024-12-19,10.0,23.299,10.0,1,33.8522,-118.399,0.8219166666666666,1.789,13.908333333333333,,,,,,,,,,,,12,354,3,-0.19232150523909483,0.9813319716704275
"DHS115-Hermosa Beach, Los Angeles",DHS115,2024-12-20,10.0,22.457,10.0,1,33.8522,-118.399,0.80875,1.434,14.25,,,,,,,,,,,,12,355,4,-0.17541259380427843,0.9844950085880858
"DHS115-Hermosa Beach, Los Angeles",DHS115,2024-12-23,10.0,23.469,10.0,3,33.8522,-118.399,0.7988749999999999,0.9239999999999999,13.116666666666667,,,,,,,,,,,,12,358,0,-0.12439450483979998,0.9922328391893008
"DHS115-Hermosa Beach, Los Angeles",DHS115,2024-12-24,10.0,22.576,10.0,1,33.8522,-118.399,0.8037916666666667,0.9420000000000002,13.004166666666668,,,,,,,,,,,,12,359,1,-0.10730813165636247,0.9942258118156161
"DHS115-Hermosa Beach, Los Angeles",DHS115,2024-12-26,10.0,22.707,10.0,2,33.8522,-118.399,0.819375,1.478,13.241666666666667,,,,,,,,,,,,12,361,3,-0.07304518821104743,0.9973286321364752
"DHS115-Hermosa Beach, Los Angeles",DHS115,2024-12-27,31.0,23.03,10.0,1,33.8522,-118.399,0.8282916666666668,1.7109999999999999,13.295833333333334,,,,,,,,,,,,12,362,4,-0.05587875690537313,0.9984375616565666
"DHS115-Hermosa Beach, Los Angeles",DHS115,2024-12-28,31.0,21.662,31.0,1,33.8522,-118.399,0.83675,1.914,13.420833333333334,,,,,,,,,,,,12,363,5,-0.03869579017652689,0.9992510374388481
"DHS115-Hermosa Beach, Los Angeles",DHS115,2024-12-30,20.0,21.662,31.0,2,33.8522,-118.399,0.8493749999999999,2.189,13.387500000000001,,,,,,,,,,,,12,365,0,-0.004300592702981974,0.9999907524084426
"DHS115-Hermosa Beach, Los Angeles",DHS115,2024-12-31,20.0,21.584,20.0,1,33.8522,-118.399,0.8505833333333334,2.182,13.583333333333334,,,,,,,,,,,,12,366,1,0.012901459949419653,0.9999167727021953
"DHS115-Hermosa Beach, Los Angeles",DHS115,2025-01-01,30.0,22.689,20.0,1,33.8522,-118.399,0.8452500000000001,2.263,13.9,,,,,,,,,,,,1,1,2,0.017201575418260506,0.9998520419557735
"DHS115-Hermosa Beach, Los Angeles",DHS115,2025-01-02,20.0,22.565,30.0,1,33.8522,-118.399,0.8342916666666667,2.16,13.566666666666668,,,,,,,,,,,,1,2,3,0.03439806061360801,0.9994082116062598
"DHS115-Hermosa Beach, Los Angeles",DHS115,2025-01-03,98.0,25.975,20.0,1,33.8522,-118.399,0.8180416666666667,1.961,13.200000000000001,,,,,,,,,,,,1,3,4,0.051584366869408364,0.9986686402879997
"DHS115-Hermosa Beach, Los Angeles",DHS115,2025-01-06,10.0,23.615,98.0,3,33.8522,-118.399,0.775,1.2369999999999999,13.233333333333334,,,,,,,,,,,,1,6,0,0.10303137904317879,0.9946781061893646
"DHS115-Hermosa Beach, Los Angeles",DHS115,2025-01-07,10.0,22.71,10.0,1,33.8522,-118.399,0.7754166666666666,1.175,13.191666666666668,,,,,,,,,,,,1,7,1,0.1201261651823505,0.9927586335250793
"DHS115-Hermosa Beach, Los Angeles",DHS115,2025-01-09,10.0,22.006,10.0,2,33.8522,-118.399,0.8009583333333333,1.842,12.995833333333332,,,,,,,,,,,,1,9,3,0.1542040475626894,0.988039023376751
"DHS115-Hermosa Beach, Los Angeles",DHS115,2025-01-10,10.0,20.505,10.0,1,33.8522,-118.399,0.8182916666666666,2.129,13.237499999999999,,,,,,,,,,,,1,10,4,0.17117705961019986,0.985240282501282
"DHS115-Hermosa Beach, Los Angeles",DHS115,2025-01-11,10.0,19.847,10.0,1,33.8522,-118.399,0.8326250000000001,2.3209999999999997,13.5375,,,,,,,,,,,,1,11,5,0.18809941761179758,0.9821499931752291
"DHS115-Hermosa Beach, Los Angeles",DHS115,2025-01-14,10.0,16.096,10.0,3,33.8522,-118.399,0.8348749999999999,2.333,13.4625,,,,,,,,,,,,1,14,1,0.23851257519407648,0.9711394088771653
"DHS115-Hermosa Beach, Los Angeles",DHS115,2025-01-15,10.0,16.096,10.0,1,33.8522,-118.399,0.824125,2.216,13.041666666666666,,,,,,,,,,,,1,15,2,0.2551824131233728,0.9668929289391521
"DHS115-Hermosa Beach, Los Angeles",DHS115,2025-01-16,10.0,15.751,10.0,1,33.8522,-118.399,0.811125,1.975,12.870833333333332,,,,,,,,,,,,1,16,3,0.2717767384711357,0.9623603298276545
"DHS115-Hermosa Beach, Los Angeles",DHS115,2025-01-17,10.0,14.445,10.0,1,33.8522,-118.399,0.7984166666666667,1.685,13.174999999999999,,,,,,,,,,,,1,17,4,0.2882906407095177,0.9575429528116719
"DHS115-Hermosa Beach, Los Angeles",DHS115,2025-01-20,10.0,14.713,10.0,3,33.8522,-118.399,0.7763333333333334,0.9260000000000002,14.3125,,,,,,,,,,,,1,20,0,0.3373010691361842,0.9413968285264122
"DHS115-Hermosa Beach, Los Angeles",DHS115,2025-01-21,10.0,14.445,10.0,1,33.8522,-118.399,0.7770416666666667,0.8029999999999999,14.041666666666666,,,,,,,,,,,,1,21,1,0.3534446712740877,0.9354554315134164
"DHS115-Hermosa Beach, Los Angeles",DHS115,2025-01-22,10.0,14.445,10.0,1,33.8522,-118.399,0.7811666666666667,0.927,13.950000000000001,,,,,,,,,,,,1,22,2,0.3694836834473831,0.9292372181882051
"DHS115-Hermosa Beach, Los Angeles",DHS115,2025-01-23,10.0,14.206,10.0,1,33.8522,-118.399,0.7874166666666667,1.17,13.729166666666666,,,,,,,,,,,,1,23,3,0.38541335945432564,0.9227440286201427
"DHS115-Hermosa Beach, Los Angeles",DHS115,2025-01-24,10.0,14.206,10.0,1,33.8522,-118.399,0.7948749999999999,1.431,13.333333333333334,,,,,,,,,,,,1,24,4,0.4012289854475009,0.9159777842484877
"DHS115-Hermosa Beach, Los Angeles",DHS115,2025-01-28,1400.0,16.822,10.0,4,33.8522,-118.399,0.8205416666666667,2.306,13.629166666666668,,,,,,,,,,,,1,28,1,0.4632579225674917,0.88622350294858
"DHS115-Hermosa Beach, Los Angeles",DHS115,2025-01-29,41.0,17.437,1400.0,1,33.8522,-118.399,0.8204166666666667,2.312,13.995652173913042,,,,,,,,,,,,1,29,2,0.4784338202547012,0.8781236129591848
"DHS115-Hermosa Beach, Los Angeles",DHS115,2025-01-30,280.0,19.901,41.0,1,33.8522,-118.399,0.8143333333333334,2.317,14.270833333333334,,,,,,,,,,,,1,30,3,0.49346814167723735,0.8697638720650646
"DHS115-Hermosa Beach, Los Angeles",DHS115,2025-01-31,150.0,21.905,280.0,1,33.8522,-118.399,0.80225,2.18,14.112499999999999,,,,,,,,,,,,1,31,4,0.5083564379375122,0.8611467540480452
"DHS115-Hermosa Beach, Los Angeles",DHS115,2025-02-03,10.0,19.199,150.0,3,33.8522,-118.399,0.757,1.385,13.762500000000001,,,,,,,,,,,,2,34,0,0.5521013427459208,0.8337770129585915
"DHS115-Hermosa Beach, Los Angeles",DHS115,2025-02-04,20.0,19.238,10.0,1,33.8522,-118.399,0.7524583333333333,1.217,13.2875,,,,,,,,,,,,2,35,1,0.5663619330814524,0.8241566360566663
"DHS115-Hermosa Beach, Los Angeles",DHS115,2025-02-05,24000.0,28.39,20.0,1,33.8522,-118.399,0.7567083333333334,1.351,13.241666666666667,,,,,,,,,,,,2,36,2,0.580454927809098,0.8142923779467267
"DHS115-Hermosa Beach, Los Angeles",DHS115,2025-02-06,14000.0,40.783,24000.0,1,33.8522,-118.399,0.7678333333333334,1.554,13.445833333333333,,,,,,,,,,,,2,37,3,0.5943761565849831,0.804187157621448
"DHS115-Hermosa Beach, Los Angeles",DHS115,2025-02-07,14000.0,53.854,14000.0,1,33.8522,-118.399,0.7821666666666666,1.778,13.5875,,,,,,,,,,,,2,38,4,0.6081214998935418,0.7938439653781019
"DHS115-Hermosa Beach, Los Angeles",DHS115,2025-02-11,20.0,66.686,20.0,0,33.8522,-118.399,0.80425,2.184,14.129166666666668,,,,,,,,,,,,2,42,1,0.6612634749656386,0.7501537286959042
"DHS115-Hermosa Beach, Los Angeles",DHS115,2025-02-12,84.0,69.336,120.0,1,33.8522,-118.399,0.7981666666666666,2.033,13.920833333333334,,,,,,,,,,,,2,43,2,0.6740694616546162,0.7386679638813748
"DHS115-Hermosa Beach, Los Angeles",DHS115,2025-02-13,260.0,80.973,84.0,1,33.8522,-118.399,0.7900833333333334,1.956,13.8375,,,,,,,,,,,,2,44,3,0.6866759803451553,0.726963615332308
"DHS115-Hermosa Beach, Los Angeles",DHS115,2025-02-19,10.0,100.915,10.0,0,33.8522,-118.399,0.7547916666666666,0.8580000000000001,14.65,,,,,,,,,,,,2,50,2,0.7579216274973472,0.6523456189565257
"DHS115-Hermosa Beach, Los Angeles",DHS115,2025-02-20,10.0,100.915,10.0,1,33.8522,-118.399,0.75775,0.9229999999999999,14.9125,,,,,,,,,,,,2,51,3,0.7690308592589181,0.6392116531380588
"DHS115-Hermosa Beach, Los Angeles",DHS115,2025-02-21,10.0,89.899,10.0,1,33.8522,-118.399,0.7621666666666668,1.081,14.975,,,,,,,,,,,,2,52,4,0.7799125224167177,0.6258885343075018
"DHS115-Hermosa Beach, Los Angeles",DHS115,2025-02-22,10.0,89.899,10.0,1,33.8522,-118.399,0.7674583333333334,1.3090000000000002,14.995833333333332,,,,,,,,,,,,2,53,5,0.7905633969115482,0.612380204990065
"DHS115-Hermosa Beach, Los Angeles",DHS115,2025-02-24,10.0,100.915,10.0,2,33.8522,-118.399,0.7785416666666666,1.85,15.083333333333334,,,,,,,,,,,,2,55,0,0.8111602420785621,0.5848239578463322
"DHS115-Hermosa Beach, Los Angeles",DHS115,2025-02-25,20.0,93.07,10.0,1,33.8522,-118.399,0.7831666666666667,2.091,15.200000000000001,,,,,,,,,,,,2,56,1,0.8211001178128892,0.5707841943569036
"DHS115-Hermosa Beach, Los Angeles",DHS115,2025-02-26,150.0,95.209,20.0,1,33.8522,-118.399,0.7859166666666666,2.1710000000000003,14.866666666666667,,,,,,,,,,,,2,57,2,0.8307970168121247,0.5565755266413303
"DHS115-Hermosa Beach, Los Angeles",DHS115,2025-02-27,10.0,85.94,150.0,1,33.8522,-118.399,0.785,2.215,14.779166666666667,,,,,,,,,,,,2,58,3,0.8402480696078469,0.5422021592729844
"DHS115-Hermosa Beach, Los Angeles",DHS115,2025-02-28,10.0,68.65,10.0,1,33.8522,-118.399,0.7795416666666667,2.048,14.295833333333334,,,,,,,,,,,,2,59,4,0.8494504794814806,0.527668345562516
"DHS115-Hermosa Beach, Los Angeles",DHS115,2025-03-04,10.0,57.346,10.0,0,33.8522,-118.399,0.7371249999999999,1.551,14.391666666666666,,,,,,,,,,,,3,63,1,0.8837203473619977,0.4680153284438345
"DHS115-Hermosa Beach, Los Angeles",DHS115,2025-03-07,4600.0,55.568,10.0,3,33.8522,-118.399,0.7505833333333333,1.528,13.670833333333334,,,,,,,,,,,,3,66,4,0.9066860720977985,0.4218060770826634
"DHS115-Hermosa Beach, Los Angeles",DHS115,2025-03-10,10.0,27.329,4600.0,3,33.8522,-118.399,0.7732083333333333,1.8290000000000002,13.641666666666666,,,,,,,,,,,,3,69,0,0.9272375462179537,0.374473674486883
"DHS115-Hermosa Beach, Los Angeles",DHS115,2025-03-11,1200.0,33.349,10.0,1,33.8522,-118.399,0.7731666666666667,1.869,13.945833333333333,,,,,,,,,,,,3,70,1,0.9335418911179212,0.35846832151248087
"DHS115-Hermosa Beach, Los Angeles",DHS115,2025-03-13,1300.0,41.543,1200.0,2,33.8522,-118.399,0.7654583333333332,1.6560000000000001,14.208333333333334,,,,,,,,,,,,3,72,3,0.945320046913132,0.3261441535642696
"DHS115-Hermosa Beach, Los Angeles",DHS115,2025-03-14,130.0,41.718,1300.0,1,33.8522,-118.399,0.7602083333333334,1.483,14.0625,,,,,,,,,,,,3,73,4,0.9507903724625832,0.3098349038318025
"DHS115-Hermosa Beach, Los Angeles",DHS115,2025-03-18,10.0,33.483,10.0,0,33.8522,-118.399,0.7416666666666667,1.2830000000000001,14.970833333333333,,,,,,,,,,,,3,77,1,0.969843196967294,0.24372971360968387
"DHS115-Hermosa Beach, Los Angeles",DHS115,2025-03-19,10.0,30.718,20.0,1,33.8522,-118.399,0.7395833333333334,1.1949999999999998,14.279166666666667,,,,,,,,,,,,3,78,2,0.9738922359149924,0.22701082094141847
"DHS115-Hermosa Beach, Los Angeles",DHS115,2025-03-20,10.0,29.12,10.0,1,33.8522,-118.399,0.7394166666666666,1.0870000000000002,14.054166666666667,,,,,,,,,,,,3,79,3,0.9776530844816641,0.2102247521189836
"DHS115-Hermosa Beach, Los Angeles",DHS115,2025-03-21,10.0,30.718,10.0,1,33.8522,-118.399,0.7411666666666666,1.038,14.433333333333332,,,,,,,,,,,,3,80,4,0.981124629771712,0.19337647441020586
"DHS115-Hermosa Beach, Los Angeles",DHS115,2025-03-24,10.0,32.588,10.0,3,33.8522,-118.399,0.751375,1.471,15.145833333333334,,,,,,,,,,,,3,83,0,0.9897936029670716,0.14250832791617088
"DHS115-Hermosa Beach, Los Angeles",DHS115,2025-03-25,10.0,32.588,10.0,1,33.8522,-118.399,0.7544583333333333,1.6880000000000002,15.0625,,,,,,,,,,,,3,84,1,0.992098522791769,0.12546123335273648
"DHS115-Hermosa Beach, Los Angeles",DHS115,2025-03-26,10.0,32.588,10.0,1,33.8522,-118.399,0.7570416666666667,1.8190000000000002,15.043478260869565,,,,,,,,,,,,3,85,2,0.9941098647022418,0.10837701279187609
"DHS115-Hermosa Beach, Los Angeles",DHS115,2025-03-27,10.0,30.718,10.0,1,33.8522,-118.399,0.7584583333333333,1.883,14.695833333333333,,,,,,,,,,,,3,86,3,0.9958270335100595,0.09126072172931188
"DHS115-Hermosa Beach, Los Angeles",DHS115,2025-03-28,20.0,28.259,10.0,1,33.8522,-118.399,0.7579166666666667,1.807,14.775,,,,,,,,,,,,3,87,4,0.9972495210773451,0.07411742515094437
"DHS115-Hermosa Beach, Los Angeles",DHS115,2025-04-02,10.0,29.938,20.0,5,33.8522,-118.399,0.7343333333333333,1.911,13.825000000000001,,,,,,,,,,,,4,92,2,0.9999300657962057,-0.011826390691832589
"DHS115-Hermosa Beach, Los Angeles",DHS115,2025-04-03,10.0,29.938,10.0,1,33.8522,-118.399,0.7342083333333332,1.697,12.758333333333333,,,,,,,,,,,,4,93,3,0.9995786855478958,-0.029025013321975237
"DHS115-Hermosa Beach, Los Angeles",DHS115,2025-04-04,10.0,29.938,10.0,1,33.8522,-118.399,0.7378333333333335,1.52,12.416666666666666,,,,,,,,,,,,4,94,4,0.9989315138848577,-0.046215046983708354
"DHS115-Hermosa Beach, Los Angeles",DHS115,2025-04-05,10.0,28.259,10.0,1,33.8522,-118.399,0.7437916666666666,1.422,13.15,,,,,,,,,,,,4,95,5,0.9979887423155984,-0.06339140486951038
"DHS115-Hermosa Beach, Los Angeles",DHS115,2025-04-07,10.0,20.465,10.0,2,33.8522,-118.399,0.754625,1.465,13.299999999999999,,,,,,,,,,,,4,97,0,0.9952176027737294,-0.09768276782171598
"DHS115-Hermosa Beach, Los Angeles",DHS115,2025-04-08,31.0,20.894,10.0,1,33.8522,-118.399,0.7569166666666667,1.47,14.079166666666666,,,,,,,,,,,,4,98,1,0.9933900548258936,-0.11478762552212701
"DHS115-Hermosa Beach, Los Angeles",DHS115,2025-04-09,10.0,20.894,31.0,1,33.8522,-118.399,0.7564583333333333,1.406,14.084210526315792,,,,,,,,,,,,4,99,2,0.9912685467787256,-0.13185851571739118
"DHS115-Hermosa Beach, Los Angeles",DHS115,2025-04-10,10.0,20.174,10.0,1,33.8522,-118.399,0.7545000000000001,1.3219999999999998,15.091666666666667,,,,,,,,,,,,4,100,3,0.9888537064205885,-0.1488903868564548
"DHS115-Hermosa Beach, Los Angeles",DHS115,2025-04-11,10.0,16.061,10.0,1,33.8522,-118.399,0.7520416666666666,1.3860000000000001,15.237499999999999,,,,,,,,,,,,4,101,4,0.986146248341595,-0.16587819893463143
"DHS115-Hermosa Beach, Los Angeles",DHS115,2025-04-14,10.0,11.342,10.0,3,33.8522,-118.399,0.7468750000000001,1.657,15.616666666666667,,,,,,,,,,,,4,104,0,0.9762766110869321,-0.21652708524481437
"DHS115-Hermosa Beach, Los Angeles",DHS115,2025-04-15,20.0,11.652,10.0,1,33.8522,-118.399,0.7453333333333333,1.638,15.391666666666666,,,,,,,,,,,,4,105,1,0.9724075561219968,-0.23328854407545518
"DHS115-Hermosa Beach, Los Angeles",DHS115,2025-04-16,10.0,11.571,20.0,1,33.8522,-118.399,0.7441666666666666,1.569,13.783333333333333,,,,,,,,,,,,4,106,2,0.9682507501166718,-0.2499809690726521
"DHS115-Hermosa Beach, Los Angeles",DHS115,2025-04-17,10.0,11.571,10.0,1,33.8522,-118.399,0.7435416666666667,1.462,15.129166666666665,,,,,,,,,,,,4,107,3,0.9638074231367307,-0.26659942067929354
"DHS115-Hermosa Beach, Los Angeles",DHS115,2025-04-18,10.0,11.212,10.0,1,33.8522,-118.399,0.7439166666666667,1.328,15.258333333333333,,,,,,,,,,,,4,108,4,0.9590788900341131,-0.28313898122818354
"DHS115-Hermosa Beach, Los Angeles",DHS115,2025-04-21,10.0,11.342,10.0,3,33.8522,-118.399,0.7513333333333333,1.199,15.858333333333334,,,,,,,,,,,,4,111,0,0.9431964659565866,-0.33223549871590435
"DHS115-Hermosa Beach, Los Angeles",DHS115,2025-04-22,10.0,11.274,10.0,1,33.8522,-118.399,0.7533333333333333,1.302,15.641666666666666,,,,,,,,,,,,4,112,1,0.9373419384643772,-0.3484108069446808
"DHS115-Hermosa Beach, Los Angeles",DHS115,2025-04-23,10.0,11.274,10.0,1,33.8522,-118.399,0.7542083333333333,1.3920000000000001,15.674999999999999,,,,,,,,,,,,4,113,2,0.9312100364121947,-0.3644830148102912
"DHS115-Hermosa Beach, Los Angeles",DHS115,2025-04-24,10.0,11.212,10.0,1,33.8522,-118.399,0.7542916666666667,1.405,16.008333333333333,,,,,,,,,,,,4,114,3,0.9248025743285089,-0.38044736628785164
"DHS115-Hermosa Beach, Los Angeles",DHS115,2025-04-25,10.0,11.212,10.0,1,33.8522,-118.399,0.7545000000000001,1.506,16.912499999999998,,,,,,,,,,,,4,115,4,0.9181214482844365,-0.39629913726891813
"DHS115-Hermosa Beach, Los Angeles",DHS115,2025-04-29,10.0,10.955,10.0,0,33.8522,-118.399,0.7589166666666666,2.449,16.229166666666668,,,,,,,,,,,,4,119,1,0.8887010478292915,-0.45848712914008766
"DHS115-Hermosa Beach, Los Angeles",DHS115,2025-04-30,10.0,10.865,10.0,1,33.8522,-118.399,0.7588750000000001,2.331,16.05,,,,,,,,,,,,4,120,2,0.8806828564301475,-0.47370635037968
"DHS115-Hermosa Beach, Los Angeles",DHS115,2025-05-01,10.0,10.826,10.0,1,33.8522,-118.399,0.758375,2.089,16.220833333333335,,,,,,,,,,,,5,121,3,0.8724040568049612,-0.48878539428899265
"DHS115-Hermosa Beach, Los Angeles",DHS115,2025-05-02,10.0,10.826,10.0,1,33.8522,-118.399,0.7580416666666667,1.802,16.575,,,,,,,,,,,,5,122,4,0.8638670987837349,-0.503719798736334
"DHS115-Hermosa Beach, Los Angeles",DHS115,2025-05-05,10.0,10.865,10.0,3,33.8522,-118.399,0.7645,1.178,16.825,,,,,,,,,,,,5,125,0,0.8367329140344921,-0.5476112038402312
"DHS115-Hermosa Beach, Los Angeles",DHS115,2025-05-06,10.0,10.865,10.0,1,33.8522,-118.399,0.7674583333333334,1.148,16.925,,,,,,,,,,,,5,126,1,0.8271893372462497,-0.5619233046832195
"DHS115-Hermosa Beach, Los Angeles",DHS115,2025-05-07,10.0,10.865,10.0,1,33.8522,-118.399,0.7692916666666667,1.181,17.125,,,,,,,,,,,,5,127,2,0.8174009818249189,-0.5760691233798758
"DHS115-Hermosa Beach, Los Angeles",DHS115,2025-05-08,10.0,10.826,10.0,1,33.8522,-118.399,0.7695833333333333,1.175,17.583333333333332,,,,,,,,,,,,5,128,3,0.8073707443023492,-0.5900444739548627
"DHS115-Hermosa Beach, Los Angeles",DHS115,2025-05-09,10.0,10.306,10.0,1,33.8522,-118.399,0.769125,1.392,17.658333333333335,,,,,,,,,,,,5,129,4,0.7971015927871943,-0.6038452208771035
"DHS115-Hermosa Beach, Los Angeles",DHS115,2025-05-12,10.0,10.336,10.0,3,33.8522,-118.399,0.7699166666666667,1.832,18.220833333333335,,,,,,,,,,,,5,132,0,0.7648913904341226,-0.6441592666722685
"DHS115-Hermosa Beach, Los Angeles",DHS115,2025-05-13,10.0,10.32,10.0,1,33.8522,-118.399,0.7714583333333334,1.855,18.125,,,,,,,,,,,,5,133,1,0.753697664392914,-0.6572212950663319
"DHS115-Hermosa Beach, Los Angeles",DHS115,2025-05-14,10.0,10.32,10.0,1,33.8522,-118.399,0.773,1.855,18.05,,,,,,,,,,,,5,134,2,0.742280907086982,-0.6700888411055113
"DHS115-Hermosa Beach, Los Angeles",DHS115,2025-05-15,10.0,10.306,10.0,1,33.8522,-118.399,0.7742083333333333,1.7959999999999998,18.2375,,,,,,,,,,,,5,135,3,0.7306444969184916,-0.6827580970759147
"DHS115-Hermosa Beach, Los Angeles",DHS115,2025-05-16,10.0,10.0,10.0,1,33.8522,-118.399,0.7760416666666666,1.692,18.491666666666667,,,,,,,,,,,,5,136,4,0.7187918772884232,-0.6952253139408723
"DHS115-Hermosa Beach, Los Angeles",DHS115,2025-05-19,10.0,10.0,10.0,3,33.8522,-118.399,0.7847916666666667,1.2890000000000001,16.825,,,,,,,,,,,,5,139,0,0.6819721490904629,-0.7313781428679254
"DHS115-Hermosa Beach, Los Angeles",DHS115,2025-05-20,10.0,10.0,10.0,1,33.8522,-118.399,0.7865000000000001,1.164,17.004166666666666,,,,,,,,,,,,5,140,1,0.6692903895412567,-0.7430009249440493
"DHS115-Hermosa Beach, Los Angeles",DHS115,2025-05-21,10.0,10.0,10.0,1,33.8522,-118.399,0.78625,1.075,17.675,,,,,,,,,,,,5,141,2,0.6564105761979381,-0.7544038410927472
"DHS115-Hermosa Beach, Los Angeles",DHS115,2025-05-22,10.0,10.0,10.0,1,33.8522,-118.399,0.7837916666666667,1.193,19.058333333333334,,,,,,,,,,,,5,142,3,0.6433365204044917,-0.765583517007675
"DHS115-Hermosa Beach, Los Angeles",DHS115,2025-05-23,10.0,10.0,10.0,1,33.8522,-118.399,0.7809583333333333,1.3479999999999999,19.933333333333334,,,,,,,,,,,,5,143,4,0.6300720909843687,-0.7765366444428655
"DHS115-Hermosa Beach, Los Angeles",DHS115,2025-05-26,20.0,10.336,10.0,3,33.8522,-118.399,0.7879166666666667,2.45,19.683333333333334,,,,,,,,,,,,5,146,0,0.5891760872322963,-0.8080046647350754
"DHS115-Hermosa Beach, Los Angeles",DHS115,2025-05-27,10.0,10.32,20.0,1,33.8522,-118.399,0.7955833333333334,2.606,19.95,,,,,,,,,,,,5,147,1,0.5751899607119775,-0.8180198708443175
"DHS115-Hermosa Beach, Los Angeles",DHS115,2025-05-28,10.0,10.306,10.0,1,33.8522,-118.399,0.8027083333333334,2.583,19.683333333333334,,,,,,,,,,,,5,148,2,0.5610336262283677,-0.8277930117131022
"DHS115-Hermosa Beach, Los Angeles",DHS115,2025-05-29,10.0,10.306,10.0,1,33.8522,-118.399,0.8073333333333333,2.4170000000000003,19.375,,,,,,,,,,,,5,149,3,0.5467112728685939,-0.8373211953118121
"DHS115-Hermosa Beach, Los Angeles",DHS115,2025-05-30,10.0,10.306,10.0,1,33.8522,-118.399,0.8087916666666667,2.1710000000000003,18.912499999999998,,,,,,,,,,,,5,150,4,0.5322271388474397,-0.8466016020976267
"DHS115-Hermosa Beach, Los Angeles",DHS115,2025-06-02,10.0,10.336,10.0,3,33.8522,-118.399,0.8065833333333333,1.1809999999999998,16.695833333333333,,,,,,,,,,,,6,153,0,0.4878471454423119,-0.8729290708206411
"DHS115-Hermosa Beach, Los Angeles",DHS115,2025-06-03,30.0,10.849,10.0,1,33.8522,-118.399,0.807375,1.022,17.716666666666665,,,,,,,,,,,,6,154,1,0.47275920928627757,-0.881191653407483
"DHS115-Hermosa Beach, Los Angeles",DHS115,2025-06-04,10.0,10.849,30.0,1,33.8522,-118.399,0.808875,0.9929999999999999,15.950000000000001,,,,,,,,,,,,6,155,2,0.4575313760742512,-0.8891934772070711
"DHS115-Hermosa Beach, Los Angeles",DHS115,2025-06-05,10.0,10.81,10.0,1,33.8522,-118.399,0.8097500000000001,1.016,15.466666666666667,,,,,,,,,,,,6,156,3,0.44216815196707204,-0.8969321743510065
"DHS115-Hermosa Beach, Los Angeles",DHS115,2025-06-06,10.0,10.849,10.0,1,33.8522,-118.399,0.8099166666666666,1.246,16.320833333333333,,,,,,,,,,,,6,157,4,0.42667408318992467,-0.9044054548343001
"DHS115-Hermosa Beach, Los Angeles",DHS115,2025-06-09,10.0,10.891,10.0,3,33.8522,-118.399,0.8112916666666666,1.824,17.058333333333334,,,,,,,,,,,,6,160,0,0.37945284372454435,-0.925211078289358
"DHS115-Hermosa Beach, Los Angeles",DHS115,2025-06-10,10.0,10.849,10.0,1,33.8522,-118.399,0.8144166666666667,1.93,17.525000000000002,,,,,,,,,,,,6,161,1,0.36348161248290634,-0.9316013725767187
"DHS115-Hermosa Beach, Los Angeles",DHS115,2025-06-11,10.0,10.849,10.0,1,33.8522,-118.399,0.8185416666666666,1.99,18.0,,,,,,,,,,,,6,162,2,0.3474028211842774,-0.9377159910299093
"DHS115-Hermosa Beach, Los Angeles",DHS115,2025-06-12,10.0,10.81,10.0,1,33.8522,-118.399,0.8232916666666666,2.009,17.912499999999998,,,,,,,,,,,,6,163,3,0.3312212278016865,-0.9435531242349544
"DHS115-Hermosa Beach, Los Angeles",DHS115,2025-06-13,10.0,10.849,10.0,1,33.8522,-118.399,0.8281666666666667,1.992,18.008333333333333,,,,,,,,,,,,6,164,4,0.31494162072895193,-0.9491110448902284
"DHS115-Hermosa Beach, Los Angeles",DHS115,2025-06-16,10.0,10.891,10.0,3,33.8522,-118.399,0.842375,1.585,18.695833333333333,,,,,,,,,,,,6,167,0,0.26556302780405594,-0.9640935007889755
"DHS115-Hermosa Beach, Los Angeles",DHS115,2025-06-17,10.0,10.849,10.0,1,33.8522,-118.399,0.844375,1.3139999999999998,19.841666666666665,,,,,,,,,,,,6,168,1,0.24893980855376657,-0.9685189578512204
"DHS115-Hermosa Beach, Los Angeles",DHS115,2025-06-18,10.0,10.849,10.0,1,33.8522,-118.399,0.8427083333333334,1.187,20.245833333333334,,,,,,,,,,,,6,169,2,0.23224292400907015,-0.9726578145718654
"DHS115-Hermosa Beach, Los Angeles",DHS115,2025-06-19,10.0,10.81,10.0,1,33.8522,-118.399,0.8375833333333333,1.165,20.7625,,,,,,,,,,,,6,170,3,0.21547731504673012,-0.976508846196619
"DHS115-Hermosa Beach, Los Angeles",DHS115,2025-06-20,10.0,10.81,10.0,1,33.8522,-118.399,0.8305416666666666,1.1840000000000002,20.745833333333334,,,,,,,,,,,,6,171,4,0.19864794288017112,-0.9800709131432666
"DHS115-Hermosa Beach, Los Angeles",DHS115,2025-06-23,10.0,10.891,10.0,3,33.8522,-118.399,0.8275,2.323,20.837500000000002,,,,,,,,,,,,6,174,0,0.14782713347053048,-0.9890132145779883
"DHS115-Hermosa Beach, Los Angeles",DHS115,2025-06-24,20.0,11.196,10.0,1,33.8522,-118.399,0.8373333333333334,2.516,20.929166666666667,,,,,,,,,,,,6,175,1,0.13079267585675922,-0.9914097417023038
"DHS115-Hermosa Beach, Los Angeles",DHS115,2025-06-25,10.0,10.849,20.0,1,33.8522,-118.399,0.8495833333333334,2.604,21.575,,,,,,,,,,,,6,176,2,0.11371951458594969,-0.9935128947338007
"DHS115-Hermosa Beach, Los Angeles",DHS115,2025-06-26,10.0,10.849,10.0,1,33.8522,-118.399,0.8608333333333333,2.5410000000000004,21.608333333333334,,,,,,,,,,,,6,177,3,0.0966127018812031,-0.9953220513156602
"DHS115-Hermosa Beach, Los Angeles",DHS115,2025-06-27,10.0,10.81,10.0,1,33.8522,-118.399,0.8682500000000001,2.378,21.570833333333336,,,,,,,,,,,,6,178,4,0.07947729992362097,-0.9968366760893436
"DHS115-Hermosa Beach, Los Angeles",DHS115,2025-06-30,10.0,10.891,10.0,3,33.8522,-118.399,0.867375,1.411,15.200000000000001,,,,,,,,,,,,6,181,0,0.02795029824021032,-0.999609314096404
"DHS115-Hermosa Beach, Los Angeles",DHS115,2025-07-01,10.0,10.849,10.0,1,33.8522,-118.399,0.8649166666666667,1.059,14.637500000000001,,,,,,,,,,,,7,182,1,0.01075130776352193,-0.9999422030204416
"DHS115-Hermosa Beach, Los Angeles",DHS115,2025-07-02,10.0,10.849,10.0,1,33.8522,-118.399,0.8630416666666667,0.964,14.9,,,,,,,,,,,,7,183,2,-0.00645086419810515,-0.9999791929590823
"DHS115-Hermosa Beach, Los Angeles",DHS115,2025-07-03,10.0,10.81,10.0,1,33.8522,-118.399,0.8614583333333333,0.8339999999999999,16.466666666666665,,,,,,,,,,,,7,184,3,-0.023651127245231586,-0.9997202729664083
"DHS115-Hermosa Beach, Los Angeles",DHS115,2025-07-04,10.0,10.306,10.0,1,33.8522,-118.399,0.85975,0.992,18.354166666666668,,,,,,,,,,,,7,185,4,-0.04084439154329611,-0.9991655196610109
"DHS115-Hermosa Beach, Los Angeles",DHS115,2025-07-07,10.0,10.336,10.0,3,33.8522,-118.399,0.856125,1.651,19.466666666666665,,,,,,,,,,,,7,188,0,-0.09233133369539123,-0.9957283388645872
"DHS115-Hermosa Beach, Los Angeles",DHS115,2025-07-08,10.0,10.32,10.0,1,33.8522,-118.399,0.8583333333333334,1.8250000000000002,18.883333333333333,,,,,,,,,,,,7,189,1,-0.10944576864891556,-0.993992768446958
"DHS115-Hermosa Beach, Los Angeles",DHS115,2025-07-09,10.0,10.32,10.0,1,33.8522,-118.399,0.8632083333333332,1.979,16.8,,,,,,,,,,,,7,190,2,-0.12652781683868314,-0.9919630595773397
"DHS115-Hermosa Beach, Los Angeles",DHS115,2025-07-10,10.0,10.306,10.0,1,33.8522,-118.399,0.8701666666666666,2.09,16.4875,,,,,,,,,,,,7,191,3,-0.1435724234118113,-0.9896398128792412
"DHS115-Hermosa Beach, Los Angeles",DHS115,2025-07-11,20.0,10.621,10.0,1,33.8522,-118.399,0.8786666666666667,2.143,19.895833333333332,,,,,,,,,,,,7,192,4,-0.16057454459499376,-0.9870237158387383
"DHS115-Hermosa Beach, Los Angeles",DHS115,2025-07-14,10.0,10.682,20.0,3,33.8522,-118.399,0.9025,1.8250000000000002,18.5625,,,,,,,,,,,,7,195,0,-0.2112757555821793,-0.9774264960104055
"DHS115-Hermosa Beach, Los Angeles",DHS115,2025-07-15,10.0,10.65,10.0,1,33.8522,-118.399,0.9047499999999999,1.546,19.308333333333334,,,,,,,,,,,,7,196,1,-0.2280577712215198,-0.9736476020539838
"DHS115-Hermosa Beach, Los Angeles",DHS115,2025-07-16,10.0,10.65,10.0,1,33.8522,-118.399,0.9018333333333333,1.233,19.391666666666666,,,,,,,,,,,,7,197,2,-0.24477230089725957,-0.9695805901076308
"DHS115-Hermosa Beach, Los Angeles",DHS115,2025-07-17,10.0,10.621,10.0,1,33.8522,-118.399,0.8937083333333334,1.173,19.879166666666666,,,,,,,,,,,,7,198,3,-0.2614143985111562,-0.965226663665613
"DHS115-Hermosa Beach, Los Angeles",DHS115,2025-07-18,10.0,10.621,10.0,1,33.8522,-118.399,0.8820833333333332,1.1880000000000002,19.370833333333334,,,,,,,,,,,,7,199,4,-0.2779791393987801,-0.9605871111248129
"DHS115-Hermosa Beach, Los Angeles",DHS115,2025-07-22,10.0,10.682,10.0,0,33.8522,-118.399,0.8702083333333334,2.279,20.545833333333334,,,,,,,,,,,,7,203,1,-0.34336687399638804,-0.939201357453208
"DHS115-Hermosa Beach, Los Angeles",DHS115,2025-07-23,10.0,10.991,20.0,1,33.8522,-118.399,0.8830833333333333,2.416,20.621739130434783,,,,,,,,,,,,7,204,2,-0.3594718130884232,-0.9331559438780432
"DHS115-Hermosa Beach, Los Angeles",DHS115,2025-07-24,52.0,11.76,10.0,1,33.8522,-118.399,0.8979166666666667,2.458,21.05,,,,,,,,,,,,7,205,3,-0.3754703786876202,-0.9268343944460494
"DHS115-Hermosa Beach, Los Angeles",DHS115,2025-07-25,10.0,11.411,52.0,1,33.8522,-118.399,0.9105,2.359,19.970833333333335,,,,,,,,,,,,7,206,4,-0.3913578365610259,-0.9202385798054075
"DHS115-Hermosa Beach, Los Angeles",DHS115,2025-07-28,20.0,11.943,10.0,3,33.8522,-118.399,0.9201666666666667,1.5839999999999999,20.974999999999998,,,,,,,,,,,,7,209,0,-0.4383067230125192,-0.898825465016444
"DHS115-Hermosa Beach, Los Angeles",DHS115,2025-07-29,10.0,11.847,20.0,1,33.8522,-118.399,0.9164166666666667,1.216,20.275000000000002,,,,,,,,,,,,7,210,1,-0.45370308603134424,-0.8911529104063088
"DHS115-Hermosa Beach, Los Angeles",DHS115,2025-07-30,10.0,11.847,10.0,1,33.8522,-118.399,0.9113333333333333,0.982,19.304166666666667,,,,,,,,,,,,7,211,2,-0.46896519100763184,-0.8832166493127127
"DHS115-Hermosa Beach, Los Angeles",DHS115,2025-07-31,10.0,11.76,10.0,1,33.8522,-118.399,0.906,0.8099999999999999,18.579166666666666,,,,,,,,,,,,7,212,3,-0.48408852163897587,-0.8750190302029955
"DHS115-Hermosa Beach, Los Angeles",DHS115,2025-08-01,74.0,12.829,10.0,1,33.8522,-118.399,0.9005,0.813,18.116666666666667,,,,,,,,,,,,8,213,4,-0.4990686026885319,-0.8665624788845385
"DHS115-Hermosa Beach, Los Angeles",DHS115,2025-08-04,10.0,13.137,74.0,3,33.8522,-118.399,0.88725,1.346,17.775000000000002,,,,,,,,,,,,8,216,0,-0.5431052396834317,-0.8396646346181327
"DHS115-Hermosa Beach, Los Angeles",DHS115,2025-08-05,10.0,12.975,10.0,1,33.8522,-118.399,0.886375,1.566,18.929166666666667,,,,,,,,,,,,8,217,1,-0.5574684374327892,-0.8301981337405212
"DHS115-Hermosa Beach, Los Angeles",DHS115,2025-08-06,10.0,12.975,10.0,1,33.8522,-118.399,0.8889999999999999,1.7930000000000001,20.979166666666668,,,,,,,,,,,,8,218,2,-0.5716666713027052,-0.8204859638785327
"DHS115-Hermosa Beach, Los Angeles",DHS115,2025-08-07,10.0,12.829,10.0,1,33.8522,-118.399,0.8950833333333333,1.9829999999999999,20.779166666666665,,,,,,,,,,,,8,219,3,-0.5856957398073508,-0.8105309990194823
"DHS115-Hermosa Beach, Los Angeles",DHS115,2025-08-08,10.0,12.829,10.0,1,33.8522,-118.399,0.9049999999999999,2.103,20.495833333333334,,,,,,,,,,,,8,220,4,-0.5995514915196489,-0.8003361849976323
"DHS115-Hermosa Beach, Los Angeles",DHS115,2025-08-12,10.0,12.71,10.0,0,33.8522,-118.399,0.9462083333333333,1.6680000000000001,22.2375,,,,,,,,,,,,8,224,1,-0.65316012232693,-0.7572198192083127
"DHS115-Hermosa Beach, Los Angeles",DHS115,2025-08-13,10.0,12.573,10.0,1,33.8522,-118.399,0.9433750000000001,1.381,21.5625,,,,,,,,,,,,8,225,2,-0.666088855860977,-0.7458723993404063
"DHS115-Hermosa Beach, Los Angeles",DHS115,2025-08-14,10.0,12.448,10.0,1,33.8522,-118.399,0.9327083333333333,1.219,21.59166666666667,,,,,,,,,,,,8,226,3,-0.6788204829862357,-0.734304263829602
"DHS115-Hermosa Beach, Los Angeles",DHS115,2025-08-15,10.0,12.573,10.0,1,33.8522,-118.399,0.9163749999999999,1.251,21.6125,,,,,,,,,,,,8,227,4,-0.6913512362094071,-0.722518835873311
"DHS115-Hermosa Beach, Los Angeles",DHS115,2025-08-18,10.0,12.71,10.0,3,33.8522,-118.399,0.8793333333333333,1.7469999999999999,21.875,,,,,,,,,,,,8,230,0,-0.7277014757264236,-0.6858939875998223
"DHS115-Hermosa Beach, Los Angeles",DHS115,2025-08-19,10.0,12.573,10.0,1,33.8522,-118.399,0.882375,1.958,22.366666666666664,,,,,,,,,,,,8,231,1,-0.7393922635959241,-0.673274892250183
"DHS115-Hermosa Beach, Los Angeles",DHS115,2025-08-20,10.0,12.448,10.0,1,33.8522,-118.399,0.892875,2.105,22.358333333333334,,,,,,,,,,,,8,232,2,-0.7508642533989489,-0.6604565640279754
"DHS115-Hermosa Beach, Los Angeles",DHS115,2025-08-21,10.0,12.448,10.0,1,33.8522,-118.399,0.9073333333333333,2.204,22.1875,,,,,,,,,,,,8,233,3,-0.7621140503891487,-0.6474427960827475
"DHS115-Hermosa Beach, Los Angeles",DHS115,2025-08-22,10.0,12.078,10.0,1,33.8522,-118.399,0.9217916666666667,2.161,22.575,,,,,,,,,,,,8,234,4,-0.7731383255706027,-0.6342374393978054
"DHS115-Hermosa Beach, Los Angeles",DHS115,2025-08-25,10.0,11.369,10.0,3,33.8522,-118.399,0.9423333333333334,1.583,22.320833333333336,,,,,,,,,,,,8,237,0,-0.8048257371083452,-0.593511190196115
"DHS115-Hermosa Beach, Los Angeles",DHS115,2025-08-26,10.0,11.303,10.0,1,33.8522,-118.399,0.9405,1.273,22.108333333333334,,,,,,,,,,,,8,238,1,-0.8149159841660791,-0.5795791048257612
"DHS115-Hermosa Beach, Los Angeles",DHS115,2025-08-27,10.0,10.952,10.0,1,33.8522,-118.399,0.935625,1.0859999999999999,22.0125,,,,,,,,,,,,8,239,2,-0.8247650844733614,-0.5654755126737576
"DHS115-Hermosa Beach, Los Angeles",DHS115,2025-08-28,10.0,10.909,10.0,1,33.8522,-118.399,0.9286666666666666,0.9970000000000001,22.295833333333334,,,,,,,,,,,,8,240,3,-0.8343701235229537,-0.5512045872199277
"DHS115-Hermosa Beach, Los Angeles",DHS115,2025-08-29,10.0,10.952,10.0,1,33.8522,-118.399,0.9204583333333334,0.9319999999999999,22.1875,,,,,,,,,,,,8,241,4,-0.8437282590292712,-0.5367705514607103
"DHS115-Hermosa Beach, Los Angeles",DHS115,2025-09-01,10.0,10.0,10.0,3,33.8522,-118.399,0.8969166666666667,1.075,21.429166666666664,,,,,,,,,,,,9,244,0,-0.8702939222685674,-0.49253272872205434
"DHS115-Hermosa Beach, Los Angeles",DHS115,2025-09-02,10.0,10.0,10.0,0,33.8522,-118.399,0.8920416666666666,1.242,21.983333333333334,,,,,,,,,,,,9,245,1,-0.8786374941610001,-0.4774894280028391
"DHS115-Hermosa Beach, Los Angeles",DHS115,2025-09-03,10.0,10.0,10.0,1,33.8522,-118.399,0.89,1.472,21.491666666666664,,,,,,,,,,,,9,246,2,-0.886721063082993,-0.46230483047981086
"DHS115-Hermosa Beach, Los Angeles",DHS115,2025-09-04,10.0,10.0,10.0,1,33.8522,-118.399,0.8920416666666666,1.706,21.95,,,,,,,,,,,,9,247,3,-0.8945422369764496,-0.4469834295196742
"DHS115-Hermosa Beach, Los Angeles",DHS115,2025-09-05,10.0,10.0,10.0,1,33.8522,-118.399,0.899375,1.8719999999999999,21.979166666666668,,,,,,,,,,,,9,248,4,-0.9020987014301837,-0.4315297589714715
"DHS115-Hermosa Beach, Los Angeles",DHS115,2025-09-08,20.0,10.32,10.0,3,33.8522,-118.399,0.9438749999999999,1.877,21.570833333333336,,,,,,,,,,,,9,251,0,-0.9231578729647039,-0.38442104726885545
"DHS115-Hermosa Beach, Los Angeles",DHS115,2025-09-09,10.0,10.306,20.0,1,33.8522,-118.399,0.9550833333333334,1.627,19.654166666666665,,,,,,,,,,,,9,252,1,-0.9296339319682695,-0.3684843993077793
"DHS115-Hermosa Beach, Los Angeles",DHS115,2025-09-10,10.0,10.293,10.0,1,33.8522,-118.399,0.9569583333333332,1.638,19.370833333333334,,,,,,,,,,,,9,253,2,-0.9358348973349941,-0.35243871088460327
"DHS115-Hermosa Beach, Los Angeles",DHS115,2025-09-11,10.0,10.293,10.0,1,33.8522,-118.399,0.9475416666666666,1.676,18.2625,,,,,,,,,,,,9,254,3,-0.9417589340994617,-0.33628873017668287
"DHS115-Hermosa Beach, Los Angeles",DHS115,2025-09-12,10.0,10.306,10.0,1,33.8522,-118.399,0.9290416666666667,1.6139999999999999,18.858333333333334,,,,,,,,,,,,9,255,4,-0.9474042892438845,-0.32003923622313857
"DHS115-Hermosa Beach, Los Angeles",DHS115,2025-09-15,10.0,10.32,10.0,3,33.8522,-118.399,0.8731249999999999,1.522,21.079166666666666,,,,,,,,,,,,9,258,0,-0.9626519747161487,-0.2707418984477642
"DHS115-Hermosa Beach, Los Angeles",DHS115,2025-09-16,10.0,10.306,10.0,1,33.8522,-118.399,0.8708333333333335,1.644,20.508333333333333,,,,,,,,,,,,9,259,1,-0.9671667297977312,-0.2541427094613622
"DHS115-Hermosa Beach, Los Angeles",DHS115,2025-09-17,10.0,10.306,10.0,1,33.8522,-118.399,0.8776666666666667,1.768,19.525,,,,,,,,,,,,9,260,2,-0.97139528468375,-0.23746831555846842
"DHS115-Hermosa Beach, Los Angeles",DHS115,2025-09-18,10.0,10.293,10.0,1,33.8522,-118.399,0.8902916666666667,1.8579999999999999,19.925,,,,,,,,,,,,9,261,3,-0.9753363880767837,-0.2207236509605022
"DHS115-Hermosa Beach, Los Angeles",DHS115,2025-09-19,10.0,10.306,10.0,1,33.8522,-118.399,0.9044166666666666,1.835,19.608333333333334,,,,,,,,,,,,9,262,4,-0.9789888737409319,-0.20391367068311472
"DHS115-Hermosa Beach, Los Angeles",DHS115,2025-09-22,10.0,10.32,10.0,3,33.8522,-118.399,0.931,1.4329999999999998,16.266666666666666,,,,,,,,,,,,9,265,0,-0.9882042449941422,-0.15314166701312007
"DHS115-Hermosa Beach, Los Angeles",DHS115,2025-09-23,10.0,10.306,10.0,1,33.8522,-118.399,0.9324166666666667,1.3889999999999998,16.2375,,,,,,,,,,,,9,266,1,-0.9906923101615609,-0.13612033862266704
"DHS115-Hermosa Beach, Los Angeles",DHS115,2025-09-24,10.0,10.306,10.0,1,33.8522,-118.399,0.9305,1.435,16.941666666666666,,,,,,,,,,,,9,267,2,-0.9928872135356962,-0.11905873003404988
"DHS115-Hermosa Beach, Los Angeles",DHS115,2025-09-25,10.0,10.293,10.0,1,33.8522,-118.399,0.9254166666666667,1.393,17.404166666666665,,,,,,,,,,,,9,268,3,-0.994788305609327,-0.10196189005174576
"DHS115-Hermosa Beach, Los Angeles",DHS115,2025-09-26,10.0,10.293,10.0,1,33.8522,-118.399,0.918,1.299,17.454166666666666,,,,,,,,,,,,9,269,4,-0.9963950238187231,-0.08483487790576538
"DHS115-Hermosa Beach, Los Angeles",DHS115,2025-09-29,10.0,10.32,10.0,3,33.8522,-118.399,0.8893333333333334,0.963,19.291666666666668,,,,,,,,,,,,9,272,0,-0.9994446170919858,-0.033323525711631344
"DHS115-Hermosa Beach, Los Angeles",DHS115,2025-09-30,10.0,10.306,10.0,1,33.8522,-118.399,0.8808333333333334,1.0490000000000002,19.400000000000002,,,,,,,,,,,,9,273,1,-0.9998699583618592,-0.016126573270657762
"DHS115-Hermosa Beach, Los Angeles",DHS115,2025-10-01,10.0,10.306,10.0,1,33.8522,-118.399,0.874,1.161,19.05,,,,,,,,,,,,10,274,2,-0.9999994220246925,0.001075151282798226
"DHS115-Hermosa Beach, Los Angeles",DHS115,2025-10-02,10.0,10.306,10.0,1,33.8522,-118.399,0.8702083333333334,1.335,19.029166666666665,,,,,,,,,,,,10,275,3,-0.999832969770105,0.018276557681691223
"DHS115-Hermosa Beach, Los Angeles",DHS115,2025-10-03,10.0,10.306,10.0,1,33.8522,-118.399,0.8714583333333333,1.5050000000000001,19.104166666666668,,,,,,,,,,,,10,276,4,-0.9993706508539969,0.03547255575312556
"DHS115-Hermosa Beach, Los Angeles",DHS115,2025-10-06,10.0,10.336,10.0,3,33.8522,-118.399,0.9134583333333333,1.741,19.204166666666666,,,,,,,,,,,,10,279,0,-0.9962102997023297,0.0869772313136861
"DHS115-Hermosa Beach, Los Angeles",DHS115,2025-10-07,10.0,10.32,10.0,1,33.8522,-118.399,0.9315833333333333,1.973,19.033333333333335,,,,,,,,,,,,10,280,1,-0.9945667569706337,0.1041007489354256
"DHS115-Hermosa Beach, Los Angeles",DHS115,2025-10-08,10.0,10.0,10.0,1,33.8522,-118.399,0.9421666666666667,2.062,18.3125,,,,,,,,,,,,10,281,2,-0.9926289059345095,0.12119346147073601
"DHS115-Hermosa Beach, Los Angeles",DHS115,2025-10-09,10.0,10.0,10.0,1,33.8522,-118.399,0.9405,2.141,17.375,,,,,,,,,,,,10,282,3,-0.9903973200352558,0.13825031091098192
"DHS115-Hermosa Beach, Los Angeles",DHS115,2025-10-10,10.0,10.0,10.0,1,33.8522,-118.399,0.9260416666666668,2.08,16.383333333333333,,,,,,,,,,,,10,283,4,-0.9878726596350429,0.15526624985999563
"DHS115-Hermosa Beach, Los Angeles",DHS115,2025-10-13,10.0,10.0,10.0,3,33.8522,-118.399,0.8565,1.512,16.829166666666666,,,,,,,,,,,,10,286,0,-0.9785481345802031,0.20601832032517084
"DHS115-Hermosa Beach, Los Angeles",DHS115,2025-10-14,24196.0,14.25,24196.0,0,33.8522,-118.399,0.8466666666666667,1.467,16.775000000000002,,,,,,,,,,,,10,287,1,-0.9748595108374125,0.22282040779479959
"DHS115-Hermosa Beach, Los Angeles",DHS115,2025-10-15,660.0,23.615,24000.0,1,33.8522,-118.399,0.84775,1.481,17.2125,,,,,,,,,,,,10,288,2,-0.9708824104813836,0.2395565591209271
"DHS115-Hermosa Beach, Los Angeles",DHS115,2025-10-16,20.0,24.338,660.0,1,33.8522,-118.399,0.8570416666666666,1.4909999999999999,17.104166666666668,,,,,,,,,,,,10,289,3,-0.9666180104000972,0.2562218218071163
"DHS115-Hermosa Beach, Los Angeles",DHS115,2025-10-17,52.0,26.147,20.0,1,33.8522,-118.399,0.869875,1.45,16.925,,,,,,,,,,,,10,290,4,-0.9620675724981452,0.27281126433401914
"DHS115-Hermosa Beach, Los Angeles",DHS115,2025-10-20,10.0,27.314,52.0,3,33.8522,-118.399,0.899625,1.607,17.0125,,,,,,,,,,,,10,293,0,-0.9467139181463862,0.3220757010206104
"DHS115-Hermosa Beach, Los Angeles",DHS115,2025-10-21,20.0,26.947,10.0,1,33.8522,-118.399,0.9039166666666666,1.7040000000000002,16.720833333333335,,,,,,,,,,,,10,294,1,-0.9410336347451197,0.3383130181923075
"DHS115-Hermosa Beach, Los Angeles",DHS115,2025-10-22,41.0,28.651,20.0,1,33.8522,-118.399,0.9056666666666667,1.6980000000000002,17.283333333333335,,,,,,,,,,,,10,295,2,-0.9350748843515574,0.3544502230989869
"DHS115-Hermosa Beach, Los Angeles",DHS115,2025-10-23,20.0,28.225,41.0,1,33.8522,-118.399,0.9047083333333333,1.7060000000000002,17.691666666666666,,,,,,,,,,,,10,296,3,-0.9288394302558068,0.3704825404820963
"DHS115-Hermosa Beach, Los Angeles",DHS115,2025-10-24,10.0,29.528,20.0,1,33.8522,-118.399,0.9007083333333333,1.6600000000000001,17.8625,,,,,,,,,,,,10,297,4,-0.9223291176290545,0.3864052261209853
"DHS115-Hermosa Beach, Los Angeles",DHS115,2025-10-27,31.0,32.654,10.0,3,33.8522,-118.399,0.8748333333333332,1.242,18.341666666666665,,,,,,,,,,,,10,300,0,-0.9011686968561569,0.4334685453485363
"DHS115-Hermosa Beach, Los Angeles",DHS115,2025-10-28,10.0,31.017,31.0,1,33.8522,-118.399,0.8641666666666666,1.117,18.204166666666666,,,,,,,,,,,,10,301,1,-0.8935790198239952,0.4489059314938798
"DHS115-Hermosa Beach, Los Angeles",DHS115,2025-10-29,10.0,31.017,10.0,1,33.8522,-118.399,0.8539166666666667,1.0779999999999998,18.304166666666667,,,,,,,,,,,,10,302,2,-0.8857249183835637,0.4642104791518923
"DHS115-Hermosa Beach, Los Angeles",DHS115,2025-10-30,10.0,29.588,10.0,1,33.8522,-118.399,0.8450000000000001,1.119,18.208333333333332,,,,,,,,,,,,10,303,3,-0.8776087166898392,0.4793776594606945
"DHS115-Hermosa Beach, Los Angeles",DHS115,2025-10-31,31.0,32.581,10.0,1,33.8522,-118.399,0.8398333333333333,1.1660000000000001,18.9875,,,,,,,,,,,,10,304,4,-0.8692328164574792,0.4944029842076182
"DHS115-Hermosa Beach, Los Angeles",DHS115,2025-11-03,30.0,36.138,31.0,3,33.8522,-118.399,0.867625,1.831,19.23333333333333,,,,,,,,,,,,11,307,0,-0.8425720899866032,0.5385835804920232
"DHS115-Hermosa Beach, Los Angeles",DHS115,2025-11-05,10.0,36.138,30.0,2,33.8522,-118.399,0.9075416666666666,2.439,19.224999999999998,,,,,,,,,,,,11,309,2,-0.8235472349556007,0.5672476988027229
"DHS115-Hermosa Beach, Los Angeles",DHS115,2025-11-06,41.0,36.337,10.0,1,33.8522,-118.399,0.916875,2.439,18.904166666666665,,,,,,,,,,,,11,310,3,-0.8136678304455991,0.5813300798152042
"DHS115-Hermosa Beach, Los Angeles",DHS115,2025-11-07,75.0,39.664,41.0,1,33.8522,-118.399,0.9125,2.488,18.316666666666666,,,,,,,,,,,,11,311,4,-0.8035476485339116,0.5952404359043674
"DHS115-Hermosa Beach, Los Angeles",DHS115,2025-11-10,10.0,45.226,75.0,3,33.8522,-118.399,0.8450000000000001,1.805,18.379166666666666,,,,,,,,,,,,11,314,0,-0.7717727365467837,0.6358984534680745
"DHS115-Hermosa Beach, Los Angeles",DHS115,2025-11-11,10.0,42.227,10.0,1,33.8522,-118.399,0.8269166666666666,1.516,18.3125,,,,,,,,,,,,11,315,1,-0.7607200913564104,0.6490800741100398
"DHS115-Hermosa Beach, Los Angeles",DHS115,2025-11-12,10.0,39.664,10.0,1,33.8522,-118.399,0.8196249999999999,1.318,18.3875,,,,,,,,,,,,11,316,2,-0.7494423368521953,0.6620696215153815
"DHS115-Hermosa Beach, Los Angeles",DHS115,2025-11-13,10.0,29.634,10.0,1,33.8522,-118.399,0.8222916666666666,1.28,18.425,,,,,,,,,,,,11,317,3,-0.7379428103031386,0.6748632518680403
"DHS115-Hermosa Beach, Los Angeles",DHS115,2025-11-14,10.0,17.646,10.0,1,33.8522,-118.399,0.83175,1.3,18.712500000000002,,,,,,,,,,,,11,318,4,-0.7262249146041543,0.6874571793269664
"DHS115-Hermosa Beach, Los Angeles",DHS115,2025-11-18,5200.0,22.076,10.0,4,33.8522,-118.399,0.8702916666666667,1.787,18.229166666666668,,,,,,,,,,,,11,322,1,-0.6772399381909491,0.7357622347736525
"DHS115-Hermosa Beach, Los Angeles",DHS115,2025-11-19,97.0,24.732,5200.0,1,33.8522,-118.399,0.8750833333333333,1.873,17.425,,,,,,,,,,,,11,323,2,-0.6644834655228552,0.7473029667054297
"DHS115-Hermosa Beach, Los Angeles",DHS115,2025-11-20,10.0,23.689,97.0,1,33.8522,-118.399,0.8779166666666667,1.902,17.308695652173913,,,,,,,,,,,,11,324,3,-0.6515303615068021,0.75862255966641
"DHS115-Hermosa Beach, Los Angeles",DHS115,2025-11-21,820.0,27.75,10.0,1,33.8522,-118.399,0.8781249999999999,1.8559999999999999,17.454166666666666,,,,,,,,,,,,11,325,4,-0.6383844591746642,0.769717664006921
"DHS115-Hermosa Beach, Los Angeles",DHS115,2025-11-25,10.0,28.233,820.0,4,33.8522,-118.399,0.8495416666666666,1.4829999999999999,17.466666666666665,,,,,,,,,,,,11,329,1,-0.5839514998576998,0.8117885474764613
"DHS115-Hermosa Beach, Los Angeles",DHS115,2025-11-26,10.0,26.601,10.0,1,33.8522,-118.399,0.8374583333333333,1.312,17.358333333333334,,,,,,,,,,,,11,330,2,-0.5699010576127624,0.821713322596059
"DHS115-Hermosa Beach, Los Angeles",DHS115,2025-11-27,10.0,25.331,10.0,1,33.8522,-118.399,0.8253750000000001,1.139,17.279166666666665,,,,,,,,,,,,11,331,3,-0.5556819724760489,0.8313949395234058
"DHS115-Hermosa Beach, Los Angeles",DHS115,2025-11-28,10.0,25.331,10.0,1,33.8522,-118.399,0.8154166666666667,1.059,17.354166666666668,,,,,,,,,,,,11,332,4,-0.5412984521036173,0.8408305333122887
"DHS115-Hermosa Beach, Los Angeles",DHS115,2025-12-02,350.0,32.135,10.0,4,33.8522,-118.399,0.8441666666666667,2.124,17.775000000000002,,,,,,,,,,,,12,336,1,-0.4822058478963526,0.8760579434344281
"DHS115-Hermosa Beach, Los Angeles",DHS115,2025-12-03,800.0,38.566,350.0,1,33.8522,-118.399,0.865625,2.466,17.825,,,,,,,,,,,,12,337,2,-0.46706492487743034,0.8842230238742036
"DHS115-Hermosa Beach, Los Angeles",DHS115,2025-12-04,20.0,37.256,800.0,1,33.8522,-118.399,0.8828333333333332,2.643,17.425,,,,,,,,,,,,12,338,3,-0.451785789832884,0.8921264484954345
"DHS115-Hermosa Beach, Los Angeles",DHS115,2025-12-05,10.0,37.256,20.0,1,33.8522,-118.399,0.8894166666666666,2.637,17.1375,,,,,,,,,,,,12,339,4,-0.4363729641045924,0.8997658785476209
"DHS115-Hermosa Beach, Los Angeles",DHS115,2025-12-08,10.0,33.133,10.0,3,33.8522,-118.399,0.8417916666666666,2.181,17.116666666666667,,,,,,,,,,,,12,342,0,-0.3893781415452015,0.9210779895789526
"DHS115-Hermosa Beach, Los Angeles",DHS115,2025-12-15,10.0,46.657,10.0,7,33.8522,-118.399,0.8289583333333334,1.5190000000000001,17.008333333333333,,,,,,,,,,,,12,349,0,-0.27591294500296043,0.9611826292540837
"DHS115-Hermosa Beach, Los Angeles",DHS115,2025-12-16,750.0,56.146,10.0,1,33.8522,-118.399,0.8378333333333333,1.6889999999999998,16.895833333333332,,,,,,,,,,,,12,350,1,-0.2593382659754056,0.9657865518844574
"DHS115-Hermosa Beach, Los Angeles",DHS115,2025-12-17,180.0,60.387,750.0,1,33.8522,-118.399,0.8449583333333334,1.838,16.879166666666666,,,,,,,,,,,,12,351,2,-0.2426868445825954,0.9701046827361175
"DHS115-Hermosa Beach, Los Angeles",DHS115,2025-12-18,97.0,62.094,180.0,1,33.8522,-118.399,0.8504166666666667,1.9369999999999998,16.858333333333334,,,,,,,,,,,,12,352,3,-0.22596360824801906,0.974135744004672
"DHS115-Hermosa Beach, Los Angeles",DHS115,2025-12-19,10.0,40.85,97.0,1,33.8522,-118.399,0.8537499999999999,1.998,17.045833333333334,,,,,,,,,,,,12,353,4,-0.20917350564635637,0.9778785428342386
"DHS115-Hermosa Beach, Los Angeles",DHS115,2025-12-22,10.0,33.447,10.0,3,33.8522,-118.399,0.8456250000000001,1.929,17.229166666666668,,,,,,,,,,,,12,356,0,-0.15845177496083632,0.9873667175937016
"DHS115-Hermosa Beach, Los Angeles",DHS115,2025-12-23,10.0,31.016,10.0,1,33.8522,-118.399,0.8361666666666667,1.847,17.341666666666665,,,,,,,,,,,,12,357,1,-0.14144406768794202,0.9899462489023779
"DHS115-Hermosa Beach, Los Angeles",DHS115,2025-12-24,24000.0,45.867,10.0,1,33.8522,-118.399,0.8239583333333332,1.655,18.166666666666668,,,,,,,,,,,,12,358,2,-0.12439450483979998,0.9922328391893008
"DHS115-Hermosa Beach, Los Angeles",DHS115,2025-12-25,3200.0,58.066,24000.0,1,33.8522,-118.399,0.8102916666666666,1.411,18.116666666666667,,,,,,,,,,,,12,359,3,-0.10730813165636247,0.9942258118156161
"DHS115-Hermosa Beach, Los Angeles",DHS115,2025-12-26,5500.0,93.338,3200.0,1,33.8522,-118.399,0.7977500000000001,1.123,18.395833333333332,,,,,,,,,,,,12,360,4,-0.09019000427034513,0.9959245770286599
"DHS115-Hermosa Beach, Los Angeles",DHS115,2025-12-30,31.0,115.186,5500.0,4,33.8522,-118.399,0.8065000000000001,1.863,18.058333333333334,,,,,,,,,,,,12,364,1,-0.021501372740813793,0.999768818762748
"DHS115-Hermosa Beach, Los Angeles",DHS115,2025-12-31,63.0,111.169,31.0,1,33.8522,-118.399,0.82525,2.235,17.945833333333333,,,,,,,,,,,,12,365,2,-0.004300592702981974,0.9999907524084426
"DHS115-Hermosa Beach, Los Angeles",DHS115,2026-01-09,10.0,120.089,63.0,9,33.8522,-118.399,0.7796249999999999,1.146,16.508333333333333,,,,,,,,,,,,1,9,4,0.1542040475626894,0.988039023376751
"DHS115-Hermosa Beach, Los Angeles",DHS115,2026-01-13,63.0,114.681,10.0,4,33.8522,-118.399,0.8055416666666666,1.442,16.191666666666666,,,,,,,,,,,,1,13,1,0.22177215755648186,0.975098513039961
"DHS115-Hermosa Beach, Los Angeles",DHS115,2026-01-14,10.0,114.681,63.0,1,33.8522,-118.399,0.813625,1.62,16.091666666666665,,,,,,,,,,,,1,14,2,0.23851257519407648,0.9711394088771653
"DHS115-Hermosa Beach, Los Angeles",DHS115,2026-01-15,10.0,97.467,10.0,1,33.8522,-118.399,0.82,1.791,16.14166666666667,,,,,,,,,,,,1,15,3,0.2551824131233728,0.9668929289391521
"DHS115-Hermosa Beach, Los Angeles",DHS115,2026-01-16,10.0,68.532,10.0,1,33.8522,-118.399,0.8244583333333333,1.9340000000000002,16.770833333333332,,,,,,,,,,,,1,16,4,0.2717767384711357,0.9623603298276545
"DHS115-Hermosa Beach, Los Angeles",DHS115,2026-01-19,31.0,72.793,10.0,3,33.8522,-118.399,0.8234583333333333,2.088,16.795833333333334,,,,,,,,,,,,1,19,0,0.321057654185271,0.9470596510722283
"DHS115-Hermosa Beach, Los Angeles",DHS115,2026-01-20,10.0,63.17,31.0,1,33.8522,-118.399,0.8166666666666668,2.045,16.970833333333335,,,,,,,,,,,,1,20,1,0.3373010691361842,0.9413968285264122
"DHS115-Hermosa Beach, Los Angeles",DHS115,2026-01-21,10.0,63.17,10.0,1,33.8522,-118.399,0.8065000000000001,1.883,16.62142857142857,,,,,,,,,,,,1,21,2,0.3534446712740877,0.9354554315134164
"DHS115-Hermosa Beach, Los Angeles",DHS115,2026-01-22,10.0,63.17,10.0,1,33.8522,-118.399,0.7939583333333333,1.637,16.766666666666666,,,,,,,,,,,,1,22,3,0.3694836834473831,0.9292372181882051
"DHS115-Hermosa Beach, Los Angeles",DHS115,2026-01-23,10.0,36.23,10.0,1,33.8522,-118.399,0.781,1.3119999999999998,,,,,,,,,,,,,1,23,4,0.38541335945432564,0.9227440286201427
"DHS115-Hermosa Beach, Los Angeles",DHS115,2026-01-26,10.0,15.797,10.0,3,33.8522,-118.399,0.7669583333333333,1.244,,,,,,,,,,,,,1,26,0,0.4324994021339788,0.901634220265486
"DHS115-Hermosa Beach, Los Angeles",DHS115,2026-01-27,10.0,15.289,10.0,1,33.8522,-118.399,0.7756250000000001,1.546,,,,,,,,,,,,,1,27,1,0.44794493940789115,0.8940611451454876
"DHS115-Hermosa Beach, Los Angeles",DHS115,2026-01-28,10.0,14.863,10.0,1,33.8522,-118.399,0.7892083333333333,1.871,,,,,,,,,,,,,1,28,2,0.4632579225674917,0.88622350294858
"DHS115-Hermosa Beach, Los Angeles",DHS115,2026-01-29,20.0,15.141,10.0,1,33.8522,-118.399,0.8039999999999999,2.173,,,,,,,,,,,,,1,29,3,0.4784338202547012,0.8781236129591848
"DHS115-Hermosa Beach, Los Angeles",DHS115,2026-01-30,230.0,17.161,20.0,1,33.8522,-118.399,0.8162083333333333,2.392,,,,,,,,,,,,,1,30,4,0.49346814167723735,0.8697638720650646
"DHS115-Hermosa Beach, Los Angeles",DHS115,2026-02-02,10.0,15.296,230.0,3,33.8522,-118.399,0.81325,2.361,,,,,,,,,,,,,2,33,0,0.5376773767406141,0.8431506618282
"DHS115-Hermosa Beach, Los Angeles",DHS115,2026-02-03,10.0,14.919,10.0,1,33.8522,-118.399,0.8005416666666667,2.182,,,,,,,,,,,,,2,34,1,0.5521013427459208,0.8337770129585915
"DHS115-Hermosa Beach, Los Angeles",DHS115,2026-02-04,10.0,14.591,10.0,1,33.8522,-118.399,0.7862916666666666,1.8650000000000002,,,,,,,,,,,,,2,35,2,0.5663619330814524,0.8241566360566663
"DHS115-Hermosa Beach, Los Angeles",DHS115,2026-02-05,10.0,14.304,10.0,1,33.8522,-118.399,0.7735416666666667,1.484,,,,,,,,,,,,,2,36,3,0.580454927809098,0.8142923779467267
"DHS115-Hermosa Beach, Los Angeles",DHS115,2026-02-06,10.0,14.05,10.0,1,33.8522,-118.399,0.7644583333333334,1.288,,,,,,,,,,,,,2,37,4,0.5943761565849831,0.804187157621448
"DHS115-Hermosa Beach, Los Angeles",DHS115,2026-02-09,10.0,14.05,10.0,3,33.8522,-118.399,0.7657083333333333,0.9420000000000001,,,,,,,,,,,,,2,40,0,0.6350683134867438,0.7724559775191742
"DHS115-Hermosa Beach, Los Angeles",DHS115,2026-02-10,10.0,13.824,10.0,1,33.8522,-118.399,0.7722916666666667,1.085,,,,,,,,,,,,,2,41,1,0.6482618097757122,0.7614175109532997
"DHS115-Hermosa Beach, Los Angeles",DHS115,2026-02-11,5500.0,18.147,10.0,1,33.8522,-118.399,0.7792083333333334,1.261,,,,,,,,,,,,,2,42,2,0.6612634749656386,0.7501537286959042
"DHS115-Hermosa Beach, Los Angeles",DHS115,2026-02-16,10.0,18.097,5500.0,5,33.8522,-118.399,0.7930833333333333,2.057,,,,,,,,,,,,,2,47,0,0.7232617254437388,0.6905740195722293
"DHS115-Hermosa Beach, Los Angeles",DHS115,2026-02-18,410.0,20.731,10.0,2,33.8522,-118.399,0.7840416666666666,1.904,,,,,,,,,,,,,2,49,2,0.746588114532413,0.6652865452111116
"DHS115-Hermosa Beach, Los Angeles",DHS115,2026-02-19,73.0,23.018,410.0,1,33.8522,-118.399,0.7748750000000001,1.731,,,,,,,,,,,,,2,50,3,0.7579216274973472,0.6523456189565257
"DHS115-Hermosa Beach, Los Angeles",DHS115,2026-02-20,1300.0,28.162,73.0,1,33.8522,-118.399,0.7639583333333334,1.4989999999999999,,,,,,,,,,,,,2,51,4,0.7690308592589181,0.6392116531380588
"DHS115-Hermosa Beach, Los Angeles",DHS115,2026-02-23,31.0,33.645,1300.0,3,33.8522,-118.399,0.7444583333333333,1.33,,,,,,,,,,,,,2,54,0,0.8009803309782905,0.5986906625177214
"DHS115-Hermosa Beach, Los Angeles",DHS115,2026-02-24,10.0,31.564,31.0,1,33.8522,-118.399,0.7485833333333334,1.409,,,,,,,,,,,,,2,55,1,0.8111602420785621,0.5848239578463322
"DHS115-Hermosa Beach, Los Angeles",DHS115,2026-02-25,10.0,31.564,10.0,1,33.8522,-118.399,0.7573333333333333,1.581,,,,,,,,,,,,,2,56,2,0.8211001178128892,0.5707841943569036
"DHS115-Hermosa Beach, Los Angeles",DHS115,2026-02-26,10.0,31.564,10.0,1,33.8522,-118.399,0.7679166666666667,1.7890000000000001,,,,,,,,,,,,,2,57,3,0.8307970168121247,0.5565755266413303
"DHS115-Hermosa Beach, Los Angeles",DHS115,2026-02-27,270.0,37.542,10.0,1,33.8522,-118.399,0.777375,2.011,,,,,,,,,,,,,2,58,4,0.8402480696078469,0.5422021592729844
"DHS115-Hermosa Beach, Los Angeles",DHS115,2026-03-02,10.0,32.664,270.0,3,33.8522,-118.399,0.7820833333333334,2.094,,,,,,,,,,,,,3,61,0,0.8670985522812081,0.4981366284784055
"DHS115-Hermosa Beach, Los Angeles",DHS115,2026-03-04,10.0,32.664,10.0,2,33.8522,-118.399,0.7682083333333334,1.698,,,,,,,,,,,,,3,63,2,0.8837203473619977,0.4680153284438345
"DHS115-Hermosa Beach, Los Angeles",DHS115,2026-03-05,20.0,31.831,10.0,1,33.8522,-118.399,0.7598750000000001,1.552,,,,,,,,,,,,,3,64,3,0.8916401947968874,0.45274469960737107
